trade_date,instrument_id,symbol,name,exchange,board,industry,open,high,low,close,previous_close,limit_price,volume_hands,amount_cny,total_shares,float_shares,total_market_cap_cny,float_market_cap_cny,turnover_pct,amplitude_pct,open_change_pct,change_pct,return_5d_pct,consecutive_limit_days,capital_as_of_date,classification_as_of_date,source,collected_at,buy_date,sell_date,capital_basis,industry_basis,d2_open_gap_pct,d2_minute_quality,d3_minute_quality,entry_mode,split,buy_status,signal_time,buy_time,buy_index,buy_sample_price,buy_price,shares,buy_minute_volume_hands,buy_participation_pct,order_limit,open_benchmark_net_return_pct,hindsight_d3_high_net_return_pct,early_sell_status,early_sell_time,early_sell_price,early_sell_sample_price,early_sell_minute_volume_hands,early_sell_reason,early_net_return_pct,early_target_quote,target_sell_status,target_sell_time,target_sell_price,target_sell_sample_price,target_sell_minute_volume_hands,target_sell_reason,target_net_return_pct,target_target_quote
2026-03-04,sz:stock:000010,000010,*ST美丽,sz,main,建筑装饰,3.99,4.42,3.83,4.42,4.02,4.42,1369664.0,590454976.0,1149652265.625,854033359.375,5081463014.06,3774827448.44,16.037594,14.676617,-0.746269,9.950249,19.459459,1,2026-04-15,2026-10-02,mootdx,2026-10-02T10:02:03.930854+08:00,2026-03-05,2026-03-06,xdxr_capital_history,current_mootdx_f10,3.1674208144796268,ok,ok,early,train,observed_breach_before_fill,,,,,,,,,,,,,,,,,,,,,,,,,,,
2026-06-30,sz:stock:000026,000026,飞亚达,sz,main,纺织服饰,19.26,21.54,19.05,21.54,19.58,21.54,138323.0,282087264.0,405764023.4375,364437812.5,8740157064.84,7849990481.25,3.795517,12.717058,-1.634321,10.010215,-0.508083,1,2026-06-30,2026-10-02,mootdx,2026-10-02T10:02:03.930854+08:00,2026-07-01,2026-07-02,xdxr_capital_history,current_mootdx_f10,3.3426183844011303,ok,ok,early,validation,filled_proxy,09:31,09:32,1,21.75,21.78,400,4065.0,0.09840098400984008,23.48,-3.1478134406898173,1.2912216079813632,filled_proxy,09:32,21.42,21.45,2692.0,early_exit,-1.8177723569659632,22.93,filled_proxy,14:56,21.13,21.16,1252.0,end_of_day_exit,-3.1478134406898173,22.93
2026-06-24,sz:stock:000032,000032,深桑达Ａ,sz,main,建筑装饰,23.39,25.34,22.98,25.34,23.04,25.34,1042992.0,2592026368.0,1215179296.875,1137959218.75,30792643382.81,28835886603.13,9.16546,10.243056,1.519097,9.982639,10.703364,1,2026-06-30,2026-10-02,mootdx,2026-10-02T10:02:03.930854+08:00,2026-06-25,2026-06-26,xdxr_capital_history,current_mootdx_f10,4.498816101026049,ok,ok,early,train,filled_proxy,09:31,09:32,1,26.71,26.74,300,46320.0,0.006476683937823834,27.62,-5.331456622717035,-4.0081386128217655,filled_proxy,09:32,24.87,24.900000000000002,25399.0,early_exit,-7.16182365497774,28.16,filled_proxy,14:56,24.17,24.2,3797.0,end_of_day_exit,-9.776633701064451,28.16
2026-01-20,sz:stock:000048,000048,京基智农,sz,main,农林牧渔,15.32,16.82,15.18,16.82,15.29,16.82,174167.0,285246176.0,530282265.625,526359531.25,8919347707.81,8853367315.63,3.308898,10.725965,0.196207,10.00654,11.686587,1,2026-04-23,2026-10-02,mootdx,2026-10-02T10:02:03.930854+08:00,2026-01-21,2026-01-22,xdxr_capital_history,current_mootdx_f10,4.756242568370994,ok,ok,early,train,filled_proxy,09:31,09:33,2,18.11,18.13,500,11970.0,0.04177109440267335,18.33,0.0030710828672786405,3.866110912573939,filled_proxy,09:32,18.46,18.48,34556.0,early_exit,1.6560148712515987,19.09,filled_proxy,14:56,18.03,18.05,2544.0,end_of_day_exit,-0.7132045587659008,19.09
2026-03-30,sz:stock:000048,000048,京基智农,sz,main,农林牧渔,20.71,22.61,20.5,22.61,20.55,22.61,391152.0,872839488.0,530282265.625,526359531.25,11989682025.78,11900989001.56,7.43127,10.26764,0.778589,10.024331,16.546392,1,2026-04-23,2026-10-02,mootdx,2026-10-02T10:02:03.930854+08:00,2026-03-31,2026-04-01,xdxr_capital_history,current_mootdx_f10,3.0517470145953185,ok,ok,early,train,filled_proxy,09:31,09:32,1,23.900000000000002,23.93,400,23930.0,0.01671541997492687,24.64,-2.828069050561799,-2.591667033270484,filled_proxy,09:32,21.48,21.51,17126.0,early_exit,-10.383916680745042,25.19,unfilled_d3,,,,,limit_down_or_capacity,,25.19
2026-07-10,sz:stock:000048,000048,京基智农,sz,main,农林牧渔,22.48,24.1,22.44,24.1,21.91,24.1,223503.0,534113408.0,530202734.375,529302734.375,12777885898.44,12756195898.44,4.222593,7.576449,2.601552,9.995436,13.46516,1,2026-05-26,2026-10-02,mootdx,2026-10-02T10:02:03.930854+08:00,2026-07-13,2026-07-14,xdxr_capital_history,current_mootdx_f10,3.319502074688785,ok,ok,early,validation,filled_proxy,09:31,09:32,1,25.34,25.37,300,39442.0,0.007606105167080777,26.27,-9.907724123308427,-8.070667788140051,filled_proxy,09:32,22.56,22.59,11070.0,early_exit,-11.246313424774845,26.72,filled_proxy,14:56,22.14,22.17,2317.0,end_of_day_exit,-12.899864914821602,26.72
2026-01-28,sz:stock:000060,000060,中金岭南,sz,main,有色金属,7.94,8.58,7.78,8.58,7.8,8.58,5045580.0,4142903040.0,4441172500.0,4441116250.0,38105260050.0,38104777425.0,11.361063,10.25641,1.794872,10.0,22.222222,1,2026-06-30,2026-10-02,mootdx,2026-10-02T10:02:03.930854+08:00,2026-01-29,2026-01-30,xdxr_capital_history,current_mootdx_f10,4.895104895104896,ok,ok,early,train,filled_proxy,09:31,09:32,1,8.91,8.92,1000,183775.0,0.005441436539246361,9.35,-10.35479062775082,-9.437620735488018,filled_proxy,09:32,7.91,7.92,157913.0,early_exit,-11.474656186069264,9.4,unfilled_d3,,,,,limit_down_or_capacity,,9.4
2026-05-06,sz:stock:000060,000060,中金岭南,sz,main,有色金属,6.78,7.43,6.75,7.43,6.75,7.43,2704200.0,1929277056.0,4441172500.0,4441116250.0,32997911675.0,32997493737.5,6.08901,10.074074,0.444444,10.074074,14.483821,1,2026-06-30,2026-10-02,mootdx,2026-10-02T10:02:03.930854+08:00,2026-05-07,2026-05-08,xdxr_capital_history,current_mootdx_f10,3.7685060565275874,ok,ok,early,train,filled_proxy,09:31,09:32,1,7.74,7.75,1200,336415.0,0.0035670228735341764,8.1,0.4850397518864069,5.921480599495377,filled_proxy,09:32,7.95,7.96,119129.0,early_exit,2.41847770892778,8.16,filled_proxy,09:54,8.16,8.19,58468.0,precommitted_target,5.125290848785702,8.16
2026-04-07,sz:stock:000062,000062,深圳华强,sz,main,电子,24.88,27.03,24.8,27.03,24.57,27.03,540392.0,1436498304.0,1045909296.875,1044900078.125,28270928294.53,28243649111.72,5.17171,9.076109,1.261701,10.01221,2.347596,1,2026-06-30,2026-10-02,mootdx,2026-10-02T10:02:03.930854+08:00,2026-04-08,2026-04-09,xdxr_capital_history,current_mootdx_f10,4.88346281908989,ok,ok,early,train,filled_proxy,09:31,09:32,1,28.19,28.22,300,38249.0,0.007843342309602866,29.46,-1.302706376210394,2.947956689291309,filled_proxy,09:32,27.67,27.7,14875.0,early_exit,-2.1168265599649905,29.71,filled_proxy,14:56,28.91,28.94,6338.0,end_of_day_exit,2.2723431263641736,29.71
2026-03-12,sz:stock:000420,000420,吉林化纤,sz,main,基础化工,5.02,5.02,5.02,5.02,4.56,5.02,987312.0,495630624.0,2458868281.25,2458035625.0,12343518771.88,12339338837.5,4.016671,0.0,10.087719,10.087719,15.668203,1,2026-06-30,2026-10-02,mootdx,2026-10-02T10:02:03.930854+08:00,2026-03-13,2026-03-16,xdxr_capital_history,current_mootdx_f10,3.784860557768943,ok,ok,early,train,filled_proxy,09:31,09:32,1,5.11,5.12,1800,330585.0,0.00544489314397205,5.47,-6.208676044725713,3.2480675846536355,filled_proxy,09:32,4.93,4.94,125378.0,early_exit,-3.8674149852548356,5.39,filled_proxy,14:56,5.09,5.1000000000000005,19694.0,end_of_day_exit,-0.7457335726270387,5.39
2026-07-21,sz:stock:000426,000426,兴业银锡,sz,main,有色金属,27.79,29.62,26.63,29.62,26.93,29.62,721858.0,2035901056.0,1775635781.25,1775175468.75,52594331840.63,52580697384.38,4.066404,11.102859,3.193465,9.98886,-7.350641,1,2026-06-30,2026-10-02,mootdx,2026-10-02T10:02:03.930854+08:00,2026-07-22,2026-07-23,xdxr_capital_history,current_mootdx_f10,3.3085752869682628,ok,ok,early,validation,filled_proxy,09:31,09:32,1,31.080000000000002,31.12,300,34610.0,0.008668015024559377,32.29,3.50034891418749,9.521721106211057,filled_proxy,09:32,32.04,32.08,33482.0,early_exit,2.794153852670611,32.76,filled_proxy,10:07,32.76,32.82,9318.0,precommitted_target,5.105337690362166,32.76
2026-01-19,sz:stock:000506,000506,招金黄金,sz,main,有色金属,14.85,15.97,14.84,15.97,14.52,15.97,663150.0,1029714304.0,929017734.375,928670937.5,14836413217.97,14830874871.88,7.14085,7.782369,2.272727,9.986226,15.223665,1,2026-02-03,2026-10-02,mootdx,2026-10-02T10:02:03.930854+08:00,2026-01-20,2026-01-21,xdxr_capital_history,current_mootdx_f10,3.31872260488415,ok,ok,early,train,filled_proxy,09:31,09:32,1,16.490000000000002,16.51,500,46629.0,0.010722940659246392,17.41,8.781147108511655,16.771360585857575,filled_proxy,09:32,18.27,18.29,52265.0,early_exit,10.475181025884561,17.39,filled_proxy,09:32,17.39,18.29,52265.0,precommitted_target,5.151074428426861,17.39
2026-06-12,sz:stock:000506,000506,招金黄金,sz,main,有色金属,12.8,13.73,12.66,13.73,12.48,13.73,381854.0,507082912.0,929017734.375,928706953.125,12755413492.97,12751146466.41,4.111674,8.573718,2.564103,10.016026,-3.309859,1,2026-02-03,2026-10-02,mootdx,2026-10-02T10:02:03.930854+08:00,2026-06-15,2026-06-16,xdxr_capital_history,current_mootdx_f10,4.078659868900214,ok,ok,early,train,filled_proxy,09:31,09:32,1,14.69,14.71,600,58972.0,0.010174320016278913,14.97,2.415265182730719,6.450986870784581,filled_proxy,09:32,15.04,15.06,41474.0,early_exit,2.0757294526235315,15.49,filled_proxy,10:14,15.49,15.530000000000001,7580.0,precommitted_target,5.13155102358811,15.49
2026-01-21,sz:stock:000510,000510,新金路,sz,main,基础化工,16.08,17.99,15.65,17.99,16.35,17.99,883937.0,1518778496.0,648543593.75,606610390.625,11667299251.56,10912920927.34,14.571742,14.311927,-1.651376,10.030581,31.218089,1,2026-06-30,2026-10-02,mootdx,2026-10-02T10:02:03.930854+08:00,2026-01-22,2026-01-23,xdxr_capital_history,current_mootdx_f10,3.0016675931072934,ok,ok,early,train,filled_proxy,09:31,09:32,1,18.94,18.96,500,42152.0,0.011861833364964889,19.61,-2.9498329315591154,1.4270149034250945,filled_proxy,09:32,18.5,18.52,17719.0,early_exit,-2.5810211195780752,19.96,filled_proxy,14:56,18.65,18.67,5903.0,end_of_day_exit,-1.7907100939043907,19.96
2026-02-27,sz:stock:000510,000510,新金路,sz,main,基础化工,18.43,20.41,18.22,20.41,18.55,20.41,658236.0,1297430912.0,648543593.75,606610390.625,13236774748.44,12380918072.66,10.851051,11.80593,-0.6469,10.026954,16.296296,1,2026-06-30,2026-10-02,mootdx,2026-10-02T10:02:03.930854+08:00,2026-03-02,2026-03-03,xdxr_capital_history,current_mootdx_f10,4.360607545320927,ok,ok,early,train,filled_proxy,09:31,09:32,1,21.7,21.73,400,31713.0,0.012613123955475673,22.25,7.417927013198122,7.861527431992155,filled_proxy,09:32,23.28,23.31,40063.0,early_exit,6.9582374600436925,22.88,filled_proxy,09:32,22.88,23.31,40063.0,precommitted_target,5.119479247425973,22.88
2026-05-22,sz:stock:000510,000510,新金路,sz,main,基础化工,13.9,14.94,13.6,14.94,13.58,14.94,323627.0,470852832.0,648543593.75,606610390.625,9689241290.63,9062759235.94,5.335006,9.867452,2.356406,10.014728,6.486101,1,2026-06-30,2026-10-02,mootdx,2026-10-02T10:02:03.930854+08:00,2026-05-25,2026-05-26,xdxr_capital_history,current_mootdx_f10,4.551539491298517,ok,ok,early,train,filled_proxy,09:31,09:33,2,16.17,16.19,600,28646.0,0.020945332681700762,16.28,1.9430269836772096,11.333737625550677,filled_proxy,09:32,16.53,16.55,25681.0,early_exit,1.9430269836772096,17.05,filled_proxy,09:56,17.05,17.11,11980.0,precommitted_target,5.151564520734886,17.05
2026-06-11,sz:stock:000510,000510,新金路,sz,main,基础化工,15.93,17.61,15.68,17.61,16.01,17.61,340416.0,583250560.0,648543593.75,606610390.625,11420852685.94,10682408978.91,5.611773,12.054966,-0.499688,9.993754,-8.424337,1,2026-06-30,2026-10-02,mootdx,2026-10-02T10:02:03.930854+08:00,2026-06-12,2026-06-15,xdxr_capital_history,current_mootdx_f10,3.4071550255536653,ok,ok,early,train,filled_proxy,09:31,09:32,1,18.75,18.77,500,46657.0,0.010716505561866388,19.19,13.146644961381316,13.246113978402875,filled_proxy,09:32,21.28,21.31,1676.0,early_exit,13.19986540922593,19.76,filled_proxy,09:32,19.76,21.31,1676.0,precommitted_target,5.110357336843885,19.76
2026-08-04,sz:stock:000510,000510,新金路,sz,main,基础化工,13.5,14.65,13.42,14.65,13.32,14.65,278301.0,396538720.0,648543593.75,606986796.875,9501163648.44,8892356574.22,4.58496,9.234234,1.351351,9.984985,0.48011,1,2026-06-30,2026-10-02,mootdx,2026-10-02T10:02:03.930854+08:00,2026-08-05,2026-08-06,xdxr_capital_history,current_mootdx_f10,3.2764505119454057,ok,ok,early,validation,filled_proxy,09:31,09:32,1,15.46,15.48,600,40231.0,0.014913872386965274,15.97,4.164008958016563,8.056721710285952,filled_proxy,09:32,16.54,16.56,42786.0,early_exit,6.680723931385035,16.3,filled_proxy,09:32,16.3,16.56,42786.0,precommitted_target,5.131976255465975,16.3
2026-01-13,sz:stock:000516,000516,国际医学,sz,main,医药生物,5.12,5.63,5.01,5.63,5.12,5.63,1580970.0,854007744.0,2238896718.75,2194233125.0,12604988526.56,12353532493.75,7.205114,12.109375,0.0,9.960938,8.477842,1,2026-06-30,2026-10-02,mootdx,2026-10-02T10:02:03.930854+08:00,2026-01-14,2026-01-15,xdxr_capital_history,current_mootdx_f10,4.085257548845478,ok,ok,early,train,filled_proxy,09:31,09:32,1,6.03,6.04,1600,190745.0,0.008388162206086661,6.14,-2.967046154168951,-1.907549793193497,filled_proxy,09:34,5.67,5.68,118739.0,early_exit,-6.274871196240317,6.36,unfilled_d3,,,,,limit_down_or_capacity,,6.36
2026-08-03,sz:stock:000533,000533,顺钠股份,sz,main,电力设备,10.88,11.45,10.29,11.45,10.41,11.45,1155995.0,1260901248.0,690816015.625,684902421.875,7909843378.91,7842132730.47,16.878244,11.143132,4.51489,9.990394,8.943863,1,2015-06-30,2026-10-02,mootdx,2026-10-02T10:02:03.930854+08:00,2026-08-04,2026-08-05,xdxr_capital_history,current_mootdx_f10,4.6288209606986985,ok,ok,early,validation,filled_proxy,09:31,09:32,1,11.91,11.93,800,97452.0,0.008209169642490662,12.48,5.286070530676379,9.279636360614285,filled_proxy,09:32,12.61,12.63,71384.0,early_exit,5.537275057332569,12.56,filled_proxy,09:32,12.56,12.63,71384.0,precommitted_target,5.1186008462388966,12.56
2026-02-03,sz:stock:000547,000547,航天发展,sz,main,国防军工,29.53,32.38,28.75,32.38,29.44,32.38,4468439.0,13872226304.0,1598468281.25,1589121093.75,51758402946.88,51455741015.63,28.118933,12.330163,0.305707,9.986413,16.768842,1,2025-12-22,2026-10-02,mootdx,2026-10-02T10:02:03.930854+08:00,2026-02-04,2026-02-05,xdxr_capital_history,current_mootdx_f10,3.366275478690528,ok,ok,early,train,filled_proxy,09:31,09:32,1,33.99,34.03,200,211034.0,0.0009477145862751973,35.29,-9.150224524404472,-1.0609665741616259,filled_proxy,09:32,31.31,31.35,89762.0,early_exit,-8.18170770121477,35.84,filled_proxy,14:56,31.81,31.85,28123.0,end_of_day_exit,-6.714257969109183,35.84
2026-05-08,sz:stock:000547,000547,航天发展,sz,main,国防军工,24.83,27.59,24.68,27.59,25.08,27.59,2462303.0,6484442112.0,1598468281.25,1589121093.75,44101739879.69,43843850976.56,15.494747,11.602871,-0.99681,10.007974,17.404255,1,2025-12-22,2026-10-02,mootdx,2026-10-02T10:02:03.930854+08:00,2026-05-11,2026-05-12,xdxr_capital_history,current_mootdx_f10,3.624501631025745,ok,ok,early,train,filled_proxy,09:31,09:32,1,28.330000000000002,28.36,300,95698.0,0.0031348617525967107,30.07,1.3803282699014208,1.9826226968707505,filled_proxy,09:32,28.43,28.46,29550.0,early_exit,0.07711810628350246,29.86,filled_proxy,14:56,27.64,27.67,13915.0,end_of_day_exit,-2.705411702522309,29.86
2026-09-21,sz:stock:000560,000560,我爱我家,sz,main,房地产,2.81,3.19,2.77,3.19,2.9,3.19,4352367.0,1304403968.0,2355500781.25,2342688125.0,7514047492.19,7473175118.75,18.578517,14.482759,-3.103448,10.0,19.029851,1,2026-06-30,2026-10-02,mootdx,2026-10-02T10:02:03.930854+08:00,2026-09-22,2026-09-23,xdxr_capital_history,current_mootdx_f10,3.4482758620689724,ok,ok,early,holdout,filled_proxy,09:31,09:32,1,3.46,3.47,2800,499950.0,0.0056005600560056,3.48,7.330205513551302,10.961604997269681,filled_proxy,09:32,3.84,3.85,459939.0,early_exit,10.496956292122906,3.66,filled_proxy,09:32,3.66,3.85,459939.0,precommitted_target,5.3150004726421285,3.66
2026-07-15,sz:stock:000566,000566,海南海药,sz,main,医药生物,4.45,5.15,4.41,5.15,4.68,5.15,1086270.0,538337024.0,1297365156.25,1296655546.875,6681430554.69,6677776066.41,8.377475,15.811966,-4.91453,10.042735,-1.151631,1,2026-06-30,2026-10-02,mootdx,2026-10-02T10:02:03.930854+08:00,2026-07-16,2026-07-17,xdxr_capital_history,current_mootdx_f10,3.1067961165048397,ok,ok,early,validation,filled_proxy,09:31,09:32,1,5.4,5.41,1700,205043.0,0.008290943850802028,5.61,4.640163795276653,10.6227066104839,filled_proxy,09:32,5.61,5.62,187182.0,early_exit,3.5322854961642003,5.7,filled_proxy,09:33,5.7,5.76,112622.0,precommitted_target,5.19410294483289,5.7
2026-04-29,sz:stock:000567,000567,海德股份,sz,main,非银金融,5.99,6.06,5.88,6.06,5.51,6.06,508202.0,305768480.0,1954592187.5,1948539843.75,11844828656.25,11808151453.13,2.608117,3.266788,8.711434,9.981851,10.181818,1,2026-06-30,2026-10-02,mootdx,2026-10-02T10:02:03.930854+08:00,2026-04-30,2026-05-06,xdxr_capital_history,current_mootdx_f10,3.300330033003296,ok,ok,early,train,filled_proxy,09:31,09:32,1,6.36,6.37,1500,53636.0,0.027966291296890152,6.61,3.45033633058196,5.540148666191946,filled_proxy,09:32,6.5,6.51,43164.0,early_exit,1.8821145568989728,6.71,filled_proxy,13:43,6.71,6.73,3173.0,precommitted_target,5.175380281633268,6.71
2026-06-22,sz:stock:000571,000571,新大洲A,sz,main,煤炭,5.82,5.83,5.66,5.83,5.3,5.83,543186.0,315964544.0,839128984.375,813992187.5,4892121978.91,4745574453.13,6.673111,3.207547,9.811321,10.0,11.259542,1,2026-04-28,2026-10-02,mootdx,2026-10-02T10:02:03.930854+08:00,2026-06-23,2026-06-24,xdxr_capital_history,current_mootdx_f10,3.430531732418518,ok,ok,early,train,filled_proxy,09:31,09:34,3,6.25,6.26,1500,57209.0,0.026219650754251953,6.35,1.4373533829182827,2.1329467888554055,filled_proxy,09:32,6.32,6.33,18217.0,early_exit,0.7990478945612223,6.59,filled_proxy,14:56,6.26,6.2700000000000005,11856.0,end_of_day_exit,-0.15841033797436843,6.59
2026-03-30,sz:stock:000592,000592,平潭发展,sz,main,农林牧渔,10.4,11.62,10.26,11.62,10.56,11.62,4306314.0,4900184064.0,1931780937.5,1915092500.0,22447294493.75,22253374850.0,22.486193,12.878788,-1.515152,10.037879,12.162162,1,2024-09-26,2026-10-02,mootdx,2026-10-02T10:02:03.930854+08:00,2026-03-31,2026-04-01,xdxr_capital_history,current_mootdx_f10,3.7865748709122293,ok,ok,early,train,filled_proxy,09:31,09:32,1,12.34,12.36,700,505475.0,0.001384836045303922,12.67,2.580308969812606,2.6391440181656067,filled_proxy,09:32,12.37,12.39,201190.0,early_exit,-0.08666437585749254,13.02,filled_proxy,14:56,12.05,12.07,47258.0,end_of_day_exit,-2.6728203474163825,13.02
2026-08-27,sz:stock:000592,000592,平潭发展,sz,main,农林牧渔,6.19,6.81,6.13,6.81,6.19,6.81,2936195.0,1942472832.0,1931780937.5,1915092500.0,13155428184.38,13041779925.0,15.33187,10.98546,0.0,10.016155,10.912052,1,2024-09-26,2026-10-02,mootdx,2026-10-02T10:02:03.930854+08:00,2026-08-28,2026-08-31,xdxr_capital_history,current_mootdx_f10,3.8179148311306976,ok,ok,early,validation,filled_proxy,09:31,09:32,1,6.82,6.83,1300,125743.0,0.010338547672633865,7.42,2.6143024399016612,3.5343888168186677,filled_proxy,09:32,6.87,6.88,67614.0,early_exit,0.42048656742432744,7.19,filled_proxy,14:56,6.68,6.69,19156.0,end_of_day_exit,-2.358346871046979,7.19
2026-02-25,sz:stock:000593,000593,德龙汇能,sz,main,公用事业,14.48,15.9,14.24,15.9,14.45,15.9,279637.0,432157152.0,358631015.625,358483164.0625,5702233148.44,5699882308.59,7.800562,11.487889,0.207612,10.034602,15.217391,1,2026-06-30,2026-10-02,mootdx,2026-10-02T10:02:03.930854+08:00,2026-02-26,2026-02-27,xdxr_capital_history,current_mootdx_f10,3.459119496855334,ok,ok,early,train,observed_breach_before_fill,,,,,,,,,,,,,,,,,,,,,,,,,,,
2026-04-16,sz:stock:000593,000593,德龙汇能,sz,main,公用事业,16.94,18.33,16.52,18.33,16.66,18.33,274931.0,486316960.0,358631015.625,358483164.0625,6573706516.41,6570996397.27,7.669286,10.864346,1.680672,10.02401,8.590047,1,2026-06-30,2026-10-02,mootdx,2026-10-02T10:02:03.930854+08:00,2026-04-17,2026-04-20,xdxr_capital_history,current_mootdx_f10,3.000545553737055,ok,ok,early,train,filled_proxy,09:31,09:32,1,18.8,18.82,500,13763.0,0.03632928867252779,19.98,-0.6358964590699068,0.537311542642982,filled_proxy,09:32,18.53,18.55,9482.0,early_exit,-1.697479051218409,19.82,filled_proxy,14:56,18.33,18.35,2120.0,end_of_day_exit,-2.7590616433669113,19.82
2026-04-27,sz:stock:000593,000593,德龙汇能,sz,main,公用事业,21.8,23.13,21.76,23.13,21.03,23.13,220328.0,499790624.0,358631015.625,358483164.0625,8295135391.41,8291715584.77,6.146118,6.514503,3.661436,9.985735,26.117775,1,2026-06-30,2026-10-02,mootdx,2026-10-02T10:02:03.930854+08:00,2026-04-28,2026-04-29,xdxr_capital_history,current_mootdx_f10,3.761348897535677,ok,ok,early,train,filled_proxy,09:31,09:32,1,24.68,24.71,300,31776.0,0.00944108761329305,25.21,4.461660590064764,12.514036384265692,filled_proxy,09:32,26.1,26.13,26257.0,early_exit,5.431767908202345,26.02,filled_proxy,09:32,26.02,26.13,26257.0,precommitted_target,5.1083988021564775,26.02
2026-07-06,sz:stock:000593,000593,德龙汇能,sz,main,公用事业,22.87,24.66,21.61,24.66,22.42,24.66,174336.0,415247424.0,358631015.625,358483007.8125,8843840845.31,8840190972.66,4.863159,13.603925,2.007136,9.991079,23.919598,1,2026-06-30,2026-10-02,mootdx,2026-10-02T10:02:03.930854+08:00,2026-07-07,2026-07-08,xdxr_capital_history,current_mootdx_f10,3.0008110300081103,ok,ok,early,validation,filled_proxy,09:31,09:32,1,26.46,26.49,300,21635.0,0.013866420152530623,26.88,-6.135385113297909,-4.948565444228381,filled_proxy,09:32,23.87,23.900000000000002,14327.0,early_exit,-10.056886164393408,27.89,unfilled_d3,,,,,limit_down_or_capacity,,27.89
2026-07-15,sz:stock:000593,000593,德龙汇能,sz,main,公用事业,20.08,21.56,19.88,21.56,19.6,21.56,109106.0,230445600.0,358631015.625,358483007.8125,7732084696.88,7728893648.44,3.043547,8.571429,2.44898,10.0,-8.760051,1,2026-06-30,2026-10-02,mootdx,2026-10-02T10:02:03.930854+08:00,2026-07-16,2026-07-17,xdxr_capital_history,current_mootdx_f10,4.081632653061229,ok,ok,early,validation,filled_proxy,09:31,09:32,1,22.1,22.13,400,17092.0,0.02340276152586005,23.5,-2.9183246776447347,1.4036900468959113,filled_proxy,09:32,21.79,21.82,5757.0,early_exit,-1.6995842331267386,23.3,unfilled_d3,,,,,limit_down_or_capacity,,23.3
2026-08-12,sz:stock:000593,000593,德龙汇能,sz,main,公用事业,23.97,25.27,23.29,25.27,22.97,25.27,180059.0,437659200.0,358631015.625,358483007.8125,9062605764.84,9058865607.42,5.022804,8.619939,4.353505,10.013061,12.211368,1,2026-06-30,2026-10-02,mootdx,2026-10-02T10:02:03.930854+08:00,2026-08-13,2026-08-14,xdxr_capital_history,current_mootdx_f10,4.748713889988121,ok,ok,early,validation,filled_proxy,09:31,09:32,1,26.94,26.97,300,29010.0,0.010341261633919338,27.54,-1.6939626904000415,-0.2753701925392371,filled_proxy,09:32,25.33,25.36,25284.0,early_exit,-6.249399007056134,28.4,unfilled_d3,,,,,limit_down_or_capacity,,28.4
2026-01-28,sz:stock:000603,000603,盛达资源,sz,main,有色金属,62.79,67.28,60.5,67.28,61.16,67.28,690832.0,4431012352.0,689969375.0,666716328.125,46421139550.0,44856674556.25,10.361708,11.085677,2.665141,10.00654,46.26087,1,2025-03-11,2026-10-02,mootdx,2026-10-02T10:02:03.930854+08:00,2026-01-29,2026-01-30,xdxr_capital_history,current_mootdx_f10,4.042806183115344,ok,ok,early,train,filled_proxy,09:31,09:32,1,72.08,72.16,100,20652.0,0.00484214603912454,73.34,-15.706540315198836,-12.956274723059957,filled_proxy,09:34,61.02,61.03,8444.0,early_exit,-15.609651240488354,75.99,unfilled_d3,,,,,limit_down_or_capacity,,75.99
2026-01-23,sz:stock:000607,000607,华媒控股,sz,main,传媒,4.59,5.04,4.57,5.04,4.58,5.04,1221732.0,607288448.0,1017698437.5,885033437.5,5129200125.0,4460568525.0,13.80436,10.262009,0.218341,10.043668,12.0,1,2026-06-30,2026-10-02,mootdx,2026-10-02T10:02:03.930854+08:00,2026-01-26,2026-01-27,xdxr_capital_history,current_mootdx_f10,3.9682539682539764,ok,ok,early,train,filled_proxy,09:31,09:32,1,5.18,5.19,1800,99312.0,0.018124697921701304,5.49,-6.510632478518641,-2.3739593324830555,filled_proxy,09:32,4.99,5.0,29122.0,early_exit,-4.008457208722305,5.47,filled_proxy,14:56,4.92,4.93,9157.0,end_of_day_exit,-5.355782353997263,5.47
2026-06-18,sz:stock:000608,000608,阳光股份,sz,main,房地产,7.0,7.59,6.83,7.59,6.9,7.59,409854.0,301289504.0,749913281.25,745427578.125,5691841804.69,5657795317.97,5.49824,11.014493,1.449275,10.0,21.44,1,2026-06-30,2026-10-02,mootdx,2026-10-02T10:02:03.930854+08:00,2026-06-22,2026-06-23,xdxr_capital_history,current_mootdx_f10,4.87483530961792,ok,ok,early,train,filled_proxy,09:31,09:32,1,8.07,8.08,1200,28314.0,0.04238186056367875,8.27,-6.831304157999063,0.23909223395699453,filled_proxy,09:32,7.39,7.4,16118.0,early_exit,-8.685818144837931,8.51,filled_proxy,14:56,7.79,7.8,5847.0,end_of_day_exit,-3.7404475132676196,8.51
2026-07-23,sz:stock:000608,000608,阳光股份,sz,main,房地产,5.73,6.42,5.71,6.42,5.84,6.42,395447.0,247145520.0,749913281.25,576849296.875,4814443265.63,3703372485.94,6.855291,12.157534,-1.883562,9.931507,-4.747774,1,2026-06-30,2026-10-02,mootdx,2026-10-02T10:02:03.930854+08:00,2026-07-24,2026-07-27,xdxr_capital_history,current_mootdx_f10,3.89408099688473,ok,ok,early,validation,filled_proxy,09:31,09:32,1,6.74,6.75,1400,28698.0,0.04878388737891142,7.0,-4.893504977660445,-1.8839232018252106,filled_proxy,09:32,6.47,6.48,5027.0,early_exit,-4.301533739297891,7.11,filled_proxy,14:56,6.59,6.6000000000000005,1572.0,end_of_day_exit,-2.525620024210229,7.11
2026-08-03,sz:stock:000608,000608,阳光股份,sz,main,房地产,6.35,6.71,6.22,6.71,6.1,6.71,338650.0,220695856.0,749913281.25,576849296.875,5031918117.19,3870658782.03,5.870684,8.032787,4.098361,10.0,1.054217,1,2026-06-30,2026-10-02,mootdx,2026-10-02T10:02:03.930854+08:00,2026-08-04,2026-08-05,xdxr_capital_history,current_mootdx_f10,3.129657228017879,ok,ok,early,validation,filled_proxy,09:31,09:32,1,7.04,7.05,1300,32373.0,0.040156920890865845,7.31,-7.24566695034069,-1.6764269978697621,filled_proxy,09:32,6.51,6.5200000000000005,10004.0,early_exit,-7.812438603053651,7.43,filled_proxy,14:56,6.89,6.9,3876.0,end_of_day_exit,-2.428107902280341,7.43
2026-03-16,sz:stock:000620,000620,盈新发展,sz,main,房地产,3.01,3.31,3.01,3.31,3.01,3.31,3297323.0,1051506496.0,5871815000.0,4671748750.0,19435707650.0,15463488362.5,7.058006,9.966777,0.0,9.966777,10.702341,1,2025-06-30,2026-10-02,mootdx,2026-10-02T10:02:03.930854+08:00,2026-03-17,2026-03-18,xdxr_capital_history,current_mootdx_f10,4.53172205438066,ok,ok,early,train,filled_proxy,09:31,09:32,1,3.45,3.46,2700,303223.0,0.008904337731636453,3.61,-5.933207416257968,-2.854665696815073,filled_proxy,09:32,3.24,3.25,189744.0,early_exit,-6.510632478518641,3.65,filled_proxy,14:56,3.28,3.29,27092.0,end_of_day_exit,-5.355782353997263,3.65
2026-08-14,sz:stock:000620,000620,盈新发展,sz,main,房地产,2.77,3.03,2.76,3.03,2.75,3.03,5429446.0,1582394880.0,5871815000.0,4671748750.0,17791599450.0,14155398712.5,11.621871,9.818182,0.727273,10.181818,8.992806,1,2025-06-30,2026-10-02,mootdx,2026-10-02T10:02:03.930854+08:00,2026-08-17,2026-08-18,xdxr_capital_history,current_mootdx_f10,4.950495049504955,ok,ok,early,validation,filled_proxy,09:31,09:32,1,3.1,3.11,3000,303387.0,0.00988836041096026,3.3,9.155823863056622,9.367497347884024,filled_proxy,09:32,3.35,3.36,676833.0,early_exit,7.54980349259069,3.28,filled_proxy,09:32,3.28,3.36,676833.0,precommitted_target,5.301374973938389,3.28
2026-03-11,sz:stock:000626,000626,远大控股,sz,main,交通运输,7.63,8.42,7.51,8.42,7.65,8.42,442384.0,357816416.0,506626875.0,503711523.4375,4265798287.5,4241251027.34,8.782487,11.895425,-0.261438,10.065359,16.459198,1,2026-06-30,2026-10-02,mootdx,2026-10-02T10:02:03.930854+08:00,2026-03-12,2026-03-13,xdxr_capital_history,current_mootdx_f10,4.750593824228022,ok,ok,early,train,filled_proxy,09:31,09:32,1,8.94,8.95,1000,33745.0,0.0296340198547933,9.18,-6.190653929254419,-3.7200241672626477,filled_proxy,09:32,8.43,8.44,7526.0,early_exit,-5.967431146277214,9.43,filled_proxy,14:56,8.43,8.44,2350.0,end_of_day_exit,-5.967431146277214,9.43
2026-08-21,sz:stock:000628,000628,高新发展,sz,main,建筑装饰,41.24,45.35,40.8,45.35,41.23,45.35,167640.0,731645376.0,352280000.0,192238593.75,15975898000.0,8718020226.56,8.720413,11.035654,0.024254,9.992724,14.43351,1,2025-08-19,2026-10-02,mootdx,2026-10-02T10:02:03.930854+08:00,2026-08-24,2026-08-25,xdxr_capital_history,current_mootdx_f10,3.2855567805953667,ok,ok,early,validation,filled_proxy,09:31,09:32,1,47.4,47.45,200,13360.0,0.014970059880239521,49.43,-0.4309755766632617,1.1309079935577948,filled_proxy,09:32,46.33,46.38,4747.0,early_exit,-2.515199295164494,49.95,filled_proxy,14:56,47.78,47.83,1076.0,end_of_day_exit,0.5374516056706247,49.95
2026-05-19,sz:stock:000636,000636,风华高科,sz,main,电子,29.6,32.37,29.03,32.37,29.43,32.37,719349.0,2260920064.0,1157013203.125,1157013125.0,37452517385.16,37452514856.25,6.217293,11.348964,0.577642,9.989806,9.91511,1,2026-06-30,2026-10-02,mootdx,2026-10-02T10:02:03.930854+08:00,2026-05-20,2026-05-21,xdxr_capital_history,current_mootdx_f10,3.4908866234167446,ok,ok,early,train,filled_proxy,09:31,09:32,1,34.2,34.24,200,93822.0,0.0021316961906589073,35.28,1.523096701931692,5.384534423622167,filled_proxy,09:32,34.78,34.82,39096.0,early_exit,1.3772510850497133,36.06,filled_proxy,14:56,34.18,34.22,6711.0,end_of_day_exit,-0.3728963175339439,36.06
2026-06-15,sz:stock:000636,000636,风华高科,sz,main,电子,61.5,65.03,60.7,65.03,59.12,65.03,1438220.0,9129482240.0,1157013203.125,1157013125.0,75240568599.22,75240563518.75,12.430455,7.324087,4.02571,9.996617,17.10787,1,2026-06-30,2026-10-02,mootdx,2026-10-02T10:02:03.930854+08:00,2026-06-16,2026-06-17,xdxr_capital_history,current_mootdx_f10,4.936183300015373,ok,ok,early,train,filled_proxy,09:31,09:32,1,69.36,69.43,100,70898.0,0.00141047702332929,70.88,0.494600123764144,6.4010120087415245,filled_proxy,09:32,71.22,71.3,52955.0,early_exit,2.379054378562806,73.12,filled_proxy,09:57,73.12,73.48,16045.0,precommitted_target,5.112232305370035,73.12
2026-01-21,sz:stock:000657,000657,中钨高新,sz,main,有色金属,38.41,41.68,38.41,41.68,37.89,41.68,1056766.0,4289917952.0,2278604375.0,1444655156.25,94972230350.0,60213226912.5,7.315005,8.630245,1.372394,10.002639,19.735708,1,2026-01-22,2026-10-02,mootdx,2026-10-02T10:02:03.930854+08:00,2026-01-22,2026-01-23,xdxr_capital_history,current_mootdx_f10,3.262955854126681,ok,ok,early,train,filled_proxy,09:31,09:32,1,42.77,42.82,200,38825.0,0.0051513200257566,45.43,-0.378617992199215,5.510954148895664,filled_proxy,09:32,41.95,42.0,25807.0,early_exit,-2.198187156873821,45.08,filled_proxy,14:26,45.08,45.230000000000004,3441.0,precommitted_target,5.103417311628133,45.08
2026-02-25,sz:stock:000657,000657,中钨高新,sz,main,有色金属,54.0,58.83,53.12,58.83,53.48,58.83,1013349.0,5708606976.0,2278604375.0,1452925312.5,134050295381.25,85475596134.38,6.974543,10.676889,0.972326,10.00374,23.566478,1,2026-06-30,2026-10-02,mootdx,2026-10-02T10:02:03.930854+08:00,2026-02-26,2026-02-27,xdxr_capital_history,current_mootdx_f10,3.9945605983341848,ok,ok,early,train,filled_proxy,09:31,09:32,1,62.27,62.34,100,55847.0,0.001790606478414239,64.12,-3.111835712159272,5.897389658395347,filled_proxy,09:32,62.87,62.940000000000005,55843.0,early_exit,0.636815082697173,65.66,filled_proxy,10:12,65.66,65.75,5143.0,precommitted_target,5.106360261179876,65.66
2026-04-16,sz:stock:000657,000657,中钨高新,sz,main,有色金属,47.61,51.9,45.6,51.9,47.18,51.9,1247224.0,6131238400.0,2278604375.0,1452925312.5,118259567062.5,75406823718.75,8.584227,13.353116,0.911403,10.004239,5.595117,1,2026-06-30,2026-10-02,mootdx,2026-10-02T10:02:03.930854+08:00,2026-04-17,2026-04-20,xdxr_capital_history,current_mootdx_f10,3.0828516377649384,ok,ok,early,train,filled_proxy,09:31,09:32,1,54.65,54.71,100,104960.0,0.0009527439024390244,56.57,4.127664933427955,10.67876727349204,filled_proxy,09:32,57.29,57.35,38819.0,early_exit,4.474453104943499,57.64,filled_proxy,09:34,57.64,58.050000000000004,34027.0,precommitted_target,5.113273420893205,57.64
2026-05-22,sz:stock:000657,000657,中钨高新,sz,main,有色金属,57.24,62.38,57.2,62.38,56.71,62.38,918080.0,5545022976.0,2278604375.0,1452925312.5,142139340912.5,90633480993.75,6.318838,9.134192,0.934579,9.998237,10.485299,1,2026-06-30,2026-10-02,mootdx,2026-10-02T10:02:03.930854+08:00,2026-05-25,2026-05-26,xdxr_capital_history,current_mootdx_f10,3.879448541199104,ok,ok,early,train,filled_proxy,09:31,09:32,1,64.3,64.37,100,35433.0,0.0028222278666779556,67.99,-0.982941746047783,6.714233498104605,filled_proxy,09:32,64.67,64.74,26032.0,early_exit,0.2582628648896801,67.8,filled_proxy,13:04,67.8,68.19,16316.0,precommitted_target,5.114475905182547,67.8
2026-04-10,sz:stock:000659,000659,珠海中富,sz,main,轻工制造,3.91,4.3,3.88,4.3,3.91,4.3,662224.0,274092256.0,1285702500.0,1285702500.0,5528520750.0,5528520750.0,5.150678,10.741688,0.0,9.974425,-5.077263,1,2011-12-26,2026-10-02,mootdx,2026-10-02T10:02:03.930854+08:00,2026-04-13,2026-04-14,xdxr_capital_history,current_mootdx_f10,4.186046511627928,ok,ok,early,train,filled_proxy,09:31,09:32,1,4.45,4.46,2100,34772.0,0.0603934199930979,4.69,-1.9505155602083657,-1.3773530771647446,filled_proxy,09:32,4.25,4.26,5618.0,early_exit,-4.862243688214307,4.7,filled_proxy,14:57,4.22,4.23,3470.0,end_of_day_exit,-5.534180948523348,4.7
2026-02-25,sz:stock:000661,000661,长春高新,sz,main,医药生物,88.43,97.26,88.43,97.26,88.42,97.26,167925.0,1577452544.0,407937539.0625,399614570.3125,39676005049.22,38866513108.59,4.202174,9.986428,0.01131,9.997738,8.938172,1,2026-06-30,2026-10-02,mootdx,2026-10-02T10:02:03.930854+08:00,2026-02-26,2026-02-27,xdxr_capital_history,current_mootdx_f10,4.87353485502775,ok,ok,early,train,below_one_lot,,,,,,,,,,,,,,,,,,,,,,,,,,,
2026-07-31,sz:stock:000676,000676,智度股份,sz,main,传媒,6.6,7.49,6.6,7.49,6.81,7.49,1404564.0,1019645568.0,1259789218.75,1259028359.375,9435821248.44,9430122411.72,11.155936,13.069016,-3.0837,9.985316,15.76507,1,2026-06-30,2026-10-02,mootdx,2026-10-02T10:02:03.930854+08:00,2026-08-03,2026-08-04,xdxr_capital_history,current_mootdx_f10,3.8718291054739673,ok,ok,early,validation,filled_proxy,09:31,09:32,1,7.63,7.64,1200,137350.0,0.008736803785948306,8.16,-1.076240415379781,3.004619143629883,filled_proxy,09:32,7.6,7.61,64058.0,early_exit,-0.6839883671586722,8.05,filled_proxy,14:56,7.61,7.62,14230.0,end_of_day_exit,-0.5532376844183062,8.05
2026-09-22,sz:stock:000676,000676,智度股份,sz,main,传媒,7.34,7.45,7.03,7.45,6.77,7.45,1734088.0,1277651968.0,1259789218.75,1259028359.375,9385429679.69,9379761277.34,13.773224,6.20384,8.419498,10.044313,12.708018,1,2026-06-30,2026-10-02,mootdx,2026-10-02T10:02:03.930854+08:00,2026-09-23,2026-09-24,xdxr_capital_history,current_mootdx_f10,4.026845637583887,ok,ok,early,holdout,filled_proxy,09:31,09:32,1,7.8500000000000005,7.86,1200,183436.0,0.006541791142414793,8.12,-9.435720888291389,-7.367918861703194,filled_proxy,09:32,7.24,7.25,45631.0,early_exit,-8.037698620776313,8.28,filled_proxy,14:56,6.81,6.82,11779.0,end_of_day_exit,-13.502694757426159,8.28
2026-03-25,sz:stock:000690,000690,宝新能源,sz,main,公用事业,5.05,5.61,5.01,5.61,5.1,5.61,2760299.0,1489921152.0,2175887812.5,2174468125.0,12206730628.13,12198766181.25,12.694134,11.764706,-0.980392,10.0,17.118998,1,2026-06-30,2026-10-02,mootdx,2026-10-02T10:02:03.930854+08:00,2026-03-26,2026-03-27,xdxr_capital_history,current_mootdx_f10,3.9215686274509665,ok,ok,early,train,filled_proxy,09:31,09:32,1,5.9,5.91,1600,301195.0,0.005312173176845565,6.11,-2.8621060521352493,-2.283863394342822,filled_proxy,09:32,5.51,5.5200000000000005,149381.0,early_exit,-6.918763107680004,6.23,filled_proxy,14:56,5.49,5.5,22447.0,end_of_day_exit,-7.256817862308729,6.23
2026-03-23,sz:stock:000703,000703,恒逸石化,sz,main,石油石化,10.68,11.84,10.6,11.84,10.76,11.84,629433.0,715730624.0,3602621875.0,3583367500.0,42655043000.0,42427071200.0,1.75654,11.524164,-0.743494,10.037175,-2.229562,1,2026-03-31,2026-10-02,mootdx,2026-10-02T10:02:03.930854+08:00,2026-03-24,2026-03-25,xdxr_capital_history,current_mootdx_f10,3.80067567567568,ok,ok,early,train,filled_proxy,09:31,09:32,1,11.91,11.93,700,26305.0,0.02661091047329405,12.91,1.4192013502268175,8.260244914067405,filled_proxy,09:32,12.15,12.17,19377.0,early_exit,1.670387087837999,12.56,filled_proxy,09:43,12.56,12.68,13880.0,precommitted_target,5.103258835190827,12.56
2026-04-02,sz:stock:000720,000720,新能泰山,sz,main,电力设备,4.87,5.4,4.66,5.4,4.91,5.4,2578249.0,1370324224.0,1256531562.5,1256531562.5,6785270437.5,6785270437.5,20.518776,15.071283,-0.814664,9.979633,7.784431,1,2023-02-28,2026-10-02,mootdx,2026-10-02T10:02:03.930854+08:00,2026-04-03,2026-04-07,xdxr_capital_history,current_mootdx_f10,4.074074074074074,ok,ok,early,train,filled_proxy,09:31,09:32,1,5.41,5.42,1600,84852.0,0.018856361665016735,5.89,19.55284641894186,20.16969732993521,filled_proxy,09:32,6.52,6.53,7578.0,early_exit,20.10574535320537,5.71,filled_proxy,09:32,5.71,6.53,7578.0,precommitted_target,5.1774741280907755,5.71
2026-06-15,sz:stock:000733,000733,振华科技,sz,main,国防军工,49.4,51.88,49.33,51.88,47.16,51.88,292592.0,1489587200.0,554169414.0625,554094726.5625,28750309201.56,28746434414.06,5.280541,5.407125,4.749788,10.008482,2.81411,1,2026-06-30,2026-10-02,mootdx,2026-10-02T10:02:03.930854+08:00,2026-06-16,2026-06-17,xdxr_capital_history,current_mootdx_f10,3.6815728604471687,ok,ok,early,train,filled_proxy,09:31,09:32,1,56.230000000000004,56.29,100,37603.0,0.002659362284924075,56.55,-0.6729490805282734,4.207632106387771,filled_proxy,09:32,57.27,57.33,15328.0,early_exit,1.5090892888469876,59.3,filled_proxy,14:56,58.07,58.13,2957.0,end_of_day_exit,2.928301236408104,59.3
2026-01-28,sz:stock:000737,000737,北方铜业,sz,main,有色金属,17.1,18.7,16.85,18.7,17.0,18.7,2201122.0,3972983040.0,1904716406.25,1904539218.75,35618196796.88,35614883390.63,11.557242,10.882353,0.588235,10.0,16.948093,1,2026-06-30,2026-10-02,mootdx,2026-10-02T10:02:03.930854+08:00,2026-01-29,2026-01-30,xdxr_capital_history,current_mootdx_f10,4.705882352941182,ok,ok,early,train,filled_proxy,09:31,09:32,1,19.7,19.72,400,107243.0,0.0037298471695122295,20.38,1.138278248145408,8.728400114506396,filled_proxy,09:32,21.1,21.13,154225.0,early_exit,6.811242205652435,20.77,filled_proxy,09:32,20.77,21.13,154225.0,precommitted_target,5.13974389674412,20.77
2026-08-07,sz:stock:000739,000739,普洛药业,sz,main,医药生物,21.16,23.41,20.92,23.41,21.28,23.41,420446.0,946186048.0,1158443593.75,1157979687.5,27119164529.69,27108304484.38,3.630858,11.701128,-0.56391,10.009398,15.776459,1,2026-06-30,2026-10-02,mootdx,2026-10-02T10:02:03.930854+08:00,2026-08-10,2026-08-11,xdxr_capital_history,current_mootdx_f10,4.100811618966249,ok,ok,early,validation,filled_proxy,09:31,09:32,1,24.5,24.53,300,29001.0,0.010344470880314472,25.52,-6.784000918708899,-4.5180288051684165,filled_proxy,09:32,23.07,23.1,9794.0,early_exit,-6.132520193894475,25.83,filled_proxy,14:56,22.34,22.37,2688.0,end_of_day_exit,-9.10490100086031,25.83
2026-02-25,sz:stock:000751,000751,锌业股份,sz,main,有色金属,6.11,6.52,6.01,6.52,5.93,6.52,1712542.0,1087314944.0,1615630625.0,1409868750.0,10533911675.0,9192344250.0,12.146819,8.600337,3.035413,9.94941,17.055655,1,2026-06-30,2026-10-02,mootdx,2026-10-02T10:02:03.930854+08:00,2026-02-26,2026-02-27,xdxr_capital_history,current_mootdx_f10,4.907975460122693,ok,ok,early,train,filled_proxy,09:31,09:32,1,6.69,6.7,1400,95736.0,0.014623548090582434,7.11,-3.5877465604019942,6.742116305539736,filled_proxy,09:32,6.61,6.62,40693.0,early_exit,-1.5003935282991043,7.06,filled_proxy,09:52,7.06,7.17,195982.0,precommitted_target,5.2089555034601664,7.06
2026-08-05,sz:stock:000751,000751,锌业股份,sz,main,有色金属,4.77,5.12,4.7,5.12,4.65,5.12,785022.0,390901120.0,1615630625.0,1615630000.0,8272028800.0,8272025600.0,4.858922,9.032258,2.580645,10.107527,14.798206,1,2026-08-03,2026-10-02,mootdx,2026-10-02T10:02:03.930854+08:00,2026-08-06,2026-08-07,xdxr_capital_history,current_mootdx_f10,3.3203125,ok,ok,early,validation,filled_proxy,09:31,09:32,1,5.25,5.26,1700,102915.0,0.016518486129330028,5.58,-2.6325558954791384,2.2027177093978167,filled_proxy,09:32,5.1,5.11,33887.0,early_exit,-3.20228296097661,5.54,filled_proxy,14:56,5.28,5.29,7564.0,end_of_day_exit,0.21607943200818713,5.54
2026-01-28,sz:stock:000758,000758,中色股份,sz,main,有色金属,8.34,9.0,8.24,9.0,8.18,9.0,2556761.0,2226073856.0,1990440000.0,1976167343.75,17913960000.0,17785506093.75,12.937978,9.290954,1.95599,10.02445,21.45749,1,2026-05-18,2026-10-02,mootdx,2026-10-02T10:02:03.930854+08:00,2026-01-29,2026-01-30,xdxr_capital_history,current_mootdx_f10,3.3333333333333437,ok,ok,early,train,filled_proxy,09:31,09:32,1,9.22,9.23,1000,135505.0,0.007379801483340099,9.81,-8.92667309887093,-8.693443058495475,filled_proxy,09:32,8.22,8.23,74445.0,early_exit,-11.091221037390175,9.72,unfilled_d3,,,,,limit_down_or_capacity,,9.72
2026-06-05,sz:stock:000759,000759,中百集团,sz,main,商贸零售,5.06,5.7,5.02,5.7,5.18,5.7,622954.0,347390240.0,662463593.75,655706015.625,3776042484.38,3737524289.06,9.500508,13.127413,-2.316602,10.03861,-6.710311,1,2026-08-19,2026-10-02,mootdx,2026-10-02T10:02:03.930854+08:00,2026-06-08,2026-06-09,xdxr_capital_history,current_mootdx_f10,4.912280701754401,ok,ok,early,train,filled_proxy,09:31,09:32,1,6.0200000000000005,6.03,1600,61100.0,0.02618657937806874,6.21,2.1637492221563415,3.8820306546858196,filled_proxy,09:32,5.94,5.95,68479.0,early_exit,-1.6465547643630396,6.35,filled_proxy,14:56,6.03,6.04,17931.0,end_of_day_exit,-0.1555662478989417,6.35
2026-04-07,sz:stock:000766,000766,通化金马,sz,main,医药生物,19.5,21.02,19.41,21.02,19.11,21.02,277130.0,564779840.0,966494687.5,966007656.25,20315718331.25,20305480934.38,2.868818,8.424908,2.040816,9.994767,7.4093,1,2026-06-30,2026-10-02,mootdx,2026-10-02T10:02:03.930854+08:00,2026-04-08,2026-04-09,xdxr_capital_history,current_mootdx_f10,4.995242626070406,ok,ok,early,train,filled_proxy,09:31,09:32,1,21.87,21.9,400,16550.0,0.02416918429003021,22.91,-3.4957583310405327,-1.268417411823719,filled_proxy,09:32,21.55,21.580000000000002,5770.0,early_exit,-1.762490086237134,23.06,filled_proxy,14:56,21.07,21.1,1770.0,end_of_day_exit,-3.9518815533572282,23.06
2026-05-12,sz:stock:000767,000767,晋控电力,sz,main,公用事业,4.23,4.65,4.16,4.65,4.23,4.65,2638149.0,1172518272.0,3076942187.5,2912246562.5,14307781171.88,13541946515.63,9.058811,11.583924,0.0,9.929078,23.015873,1,2023-12-31,2026-10-02,mootdx,2026-10-02T10:02:03.930854+08:00,2026-05-13,2026-05-14,xdxr_capital_history,current_mootdx_f10,4.946236559139772,ok,ok,early,train,no_pre10_fill_proxy,,,,,,,,,,,,,,,,,,,,,,,,,,,
2026-06-22,sz:stock:000783,000783,长江证券,sz,main,非银金融,7.82,8.6,7.77,8.6,7.82,8.6,2214193.0,1847065856.0,5530073125.0,5530073125.0,47558628875.0,47558628875.0,4.003913,10.613811,0.0,9.974425,11.688312,1,2024-03-11,2026-10-02,mootdx,2026-10-02T10:02:03.930854+08:00,2026-06-23,2026-06-24,xdxr_capital_history,current_mootdx_f10,3.604651162790695,ok,ok,early,train,no_pre10_fill_proxy,,,,,,,,,,,,,,,,,,,,,,,,,,,
2026-01-12,sz:stock:000785,000785,居然智家,sz,main,商贸零售,2.98,3.28,2.97,3.28,2.98,3.28,2285319.0,730985024.0,6227048750.0,5804481875.0,20424719900.0,19038700550.0,3.937163,10.402685,0.0,10.067114,11.945392,1,2026-06-30,2026-10-02,mootdx,2026-10-02T10:02:03.930854+08:00,2026-01-13,2026-01-14,xdxr_capital_history,current_mootdx_f10,3.35365853658538,ok,ok,early,train,filled_proxy,09:31,09:32,1,3.4,3.41,2700,151006.0,0.017880084235063508,3.58,2.768911318533962,10.275004028373736,filled_proxy,09:32,3.57,3.58,133633.0,early_exit,4.526572648551475,3.59,filled_proxy,09:51,3.59,3.65,128224.0,precommitted_target,5.1124597585573195,3.59
2026-05-06,sz:stock:000802,000802,北京文化,sz,main,传媒,4.31,4.74,4.29,4.74,4.31,4.74,934706.0,433397088.0,715900234.375,715438984.375,3393367110.94,3391180785.94,13.06479,10.440835,0.0,9.976798,16.176471,1,2026-06-30,2026-10-02,mootdx,2026-10-02T10:02:03.930854+08:00,2026-05-07,2026-05-08,xdxr_capital_history,current_mootdx_f10,3.586497890295348,ok,ok,early,train,filled_proxy,09:31,09:32,1,4.96,4.97,1900,47128.0,0.04031573586827364,5.17,-0.7608019853374781,3.1558098076714725,filled_proxy,09:32,5.0,5.01,25047.0,early_exit,0.4451751653375524,5.24,filled_proxy,14:56,4.89,4.9,3984.0,end_of_day_exit,-1.7657829442333295,5.24
2026-06-30,sz:stock:000811,000811,冰轮环境,sz,main,机械设备,50.56,56.22,49.5,56.22,51.11,56.22,386762.0,2072935680.0,992477968.75,978598906.25,55797111403.13,55016830509.38,3.952201,13.148112,-1.07611,9.998043,25.016678,1,2026-09-21,2026-10-02,mootdx,2026-10-02T10:02:03.930854+08:00,2026-07-01,2026-07-02,xdxr_capital_history,current_mootdx_f10,3.699750978299532,ok,ok,early,validation,filled_proxy,09:31,09:32,1,57.0,57.06,100,17112.0,0.00584385226741468,61.28,-10.412613527626002,-4.138308173723615,filled_proxy,09:32,52.95,53.01,18050.0,early_exit,-7.419948803663335,60.11,filled_proxy,14:56,50.97,51.03,3262.0,end_of_day_exit,-10.88513953667275,60.11
2026-07-09,sz:stock:000811,000811,冰轮环境,sz,main,机械设备,50.9,55.11,50.71,55.11,50.1,55.11,533676.0,2817008896.0,992477968.75,978598906.25,54695460857.81,53930585723.44,5.45347,8.782435,1.596806,10.0,8.292395,1,2026-09-21,2026-10-02,mootdx,2026-10-02T10:02:03.930854+08:00,2026-07-10,2026-07-13,xdxr_capital_history,current_mootdx_f10,3.4295046271094254,ok,ok,early,validation,filled_proxy,09:31,09:32,1,57.15,57.21,100,19316.0,0.0051770552909505075,60.07,-7.819570318264423,-4.703308235021975,filled_proxy,09:32,54.3,54.36,10219.0,early_exit,-5.306033433780522,60.27,unfilled_d3,,,,,limit_down_or_capacity,,60.27
2026-03-18,sz:stock:000815,000815,美利云,sz,main,计算机,16.0,17.56,16.0,17.56,15.96,17.56,787494.0,1335068672.0,695263046.875,695263046.875,12208819103.13,12208819103.13,11.326562,9.774436,0.250627,10.025063,-0.958827,1,2019-06-26,2026-10-02,mootdx,2026-10-02T10:02:03.930854+08:00,2026-03-19,2026-03-20,xdxr_capital_history,current_mootdx_f10,3.758542141230059,ok,ok,early,train,no_pre10_fill_proxy,,,,,,,,,,,,,,,,,,,,,,,,,,,
2026-04-16,sz:stock:000815,000815,美利云,sz,main,计算机,20.18,22.21,20.16,22.21,20.19,22.21,774700.0,1689222912.0,695263046.875,695263046.875,15441792271.09,15441792271.09,11.142545,10.153541,-0.049529,10.004953,10.552514,1,2019-06-26,2026-10-02,mootdx,2026-10-02T10:02:03.930854+08:00,2026-04-17,2026-04-20,xdxr_capital_history,current_mootdx_f10,3.556956325979277,ok,ok,early,train,filled_proxy,09:31,09:32,1,22.23,22.26,400,112929.0,0.0035420485437752925,24.21,-3.170844950944629,-0.9813902544630992,filled_proxy,09:32,21.46,21.490000000000002,40188.0,early_exit,-3.7542208692528667,23.44,filled_proxy,14:56,21.86,21.89,22231.0,end_of_day_exit,-1.959218043689026,23.44
2026-07-31,sz:stock:000815,000815,美利云,sz,main,计算机,14.36,15.18,14.27,15.18,13.8,15.18,641831.0,943860992.0,695263046.875,695263046.875,10554093051.56,10554093051.56,9.231484,6.594203,4.057971,10.0,-6.238419,1,2019-06-26,2026-10-02,mootdx,2026-10-02T10:02:03.930854+08:00,2026-08-03,2026-08-04,xdxr_capital_history,current_mootdx_f10,4.743083003952564,ok,ok,early,validation,filled_proxy,09:31,09:32,1,15.99,16.01,600,73798.0,0.008130301634190628,16.55,12.135994195858647,14.454816938121384,filled_proxy,09:32,18.35,18.37,7822.0,early_exit,14.444646389269344,16.86,filled_proxy,09:32,16.86,18.37,7822.0,precommitted_target,5.147641610399201,16.86
2026-04-29,sz:stock:000818,000818,航锦科技,sz,main,基础化工,14.35,15.42,14.3,15.42,14.02,15.42,756050.0,1151243904.0,660000000.0,658211406.25,10177200000.0,10149619884.38,11.486431,7.988588,2.35378,9.985735,6.271537,1,2025-06-04,2026-10-02,mootdx,2026-10-02T10:02:03.930854+08:00,2026-04-30,2026-05-06,xdxr_capital_history,current_mootdx_f10,3.761348897535677,ok,ok,early,train,filled_proxy,09:31,09:32,1,16.0,16.02,500,49453.0,0.010110610074211879,16.81,-2.6084049989718694,4.893306640191919,filled_proxy,09:32,15.88,15.9,21366.0,early_exit,-1.049640165168153,16.87,unfilled_d3,,,,,limit_down_or_capacity,,16.87
2026-05-06,sz:stock:000818,000818,航锦科技,sz,main,基础化工,15.65,16.85,15.65,16.85,15.32,16.85,535028.0,870292992.0,660000000.0,658211406.25,11121000000.0,11090862195.31,8.128513,7.832898,2.154047,9.986945,15.728022,1,2025-06-04,2026-10-02,mootdx,2026-10-02T10:02:03.930854+08:00,2026-05-07,2026-05-08,xdxr_capital_history,current_mootdx_f10,4.985163204747778,ok,ok,early,train,filled_proxy,09:31,09:32,1,18.22,18.24,500,53528.0,0.009340905694216112,18.37,3.8911271374471035,7.398124505320003,filled_proxy,09:32,19.11,19.13,42319.0,early_exit,4.603085501216686,19.21,filled_proxy,09:33,19.21,19.330000000000002,36581.0,precommitted_target,5.150745781039423,19.21
2026-05-22,sz:stock:000818,000818,航锦科技,sz,main,基础化工,14.8,16.08,14.56,16.08,14.62,16.08,472751.0,728887232.0,660000000.0,658211406.25,10612800000.0,10584039412.5,7.182358,10.396717,1.23119,9.98632,-4.0,1,2025-06-04,2026-10-02,mootdx,2026-10-02T10:02:03.930854+08:00,2026-05-25,2026-05-26,xdxr_capital_history,current_mootdx_f10,4.353233830845782,ok,ok,early,train,filled_proxy,09:31,09:32,1,16.35,16.37,500,15575.0,0.03210272873194221,17.53,-0.47915821500612577,-0.39586821406430994,filled_proxy,09:32,15.83,15.85,8791.0,early_exit,-3.469055684712119,17.24,filled_proxy,14:56,15.66,15.68,2162.0,end_of_day_exit,-4.50636705175298,17.24
2026-06-24,sz:stock:000818,000818,航锦科技,sz,main,基础化工,12.2,13.46,11.77,13.46,12.24,13.46,460734.0,588557568.0,660000000.0,658211406.25,8883600000.0,8859525528.13,6.999788,13.80719,-0.326797,9.96732,4.179567,1,2025-06-04,2026-10-02,mootdx,2026-10-02T10:02:03.930854+08:00,2026-06-25,2026-06-26,xdxr_capital_history,current_mootdx_f10,3.4175334323922613,ok,ok,early,train,no_pre10_fill_proxy,,,,,,,,,,,,,,,,,,,,,,,,,,,
2026-06-22,sz:stock:000823,000823,超声电子,sz,main,电子,21.84,23.76,21.84,23.76,21.6,23.76,1173017.0,2704349952.0,594954921.875,594932148.4375,14136128943.75,14135587846.88,19.71682,8.888889,1.111111,10.0,30.120482,1,2026-06-12,2026-10-02,mootdx,2026-10-02T10:02:03.930854+08:00,2026-06-23,2026-06-24,xdxr_capital_history,current_mootdx_f10,3.872053872053871,ok,ok,early,train,filled_proxy,09:31,09:32,1,23.88,23.91,300,39733.0,0.007550398912742557,25.9,-14.3939737420261,-1.918658612234292,filled_proxy,09:32,20.93,20.96,21608.0,early_exit,-12.639522898721435,25.18,filled_proxy,14:56,23.49,23.52,2176.0,end_of_day_exit,-1.9457272823881433,25.18
2026-08-12,sz:stock:000838,000838,*ST发展,sz,main,房地产,2.7,2.88,2.68,2.88,2.62,2.88,711794.0,200023008.0,1100462187.5,1053765859.375,3169331100.0,3034845675.0,6.754764,7.633588,3.053435,9.923664,26.872247,1,2026-09-30,2026-10-02,mootdx,2026-10-02T10:02:03.930854+08:00,2026-08-13,2026-08-14,xdxr_capital_history,current_mootdx_f10,4.166666666666674,ok,ok,early,validation,filled_proxy,09:31,09:32,1,2.98,2.99,3100,60722.0,0.051052336879549416,3.14,-4.1689270629879704,-0.2596928197188264,filled_proxy,09:32,2.81,2.82,31074.0,early_exit,-6.173491242085049,3.15,filled_proxy,14:57,2.8,2.81,7988.0,end_of_day_exit,-6.507585271934547,3.15
2026-03-31,sz:stock:000863,000863,三湘印象,sz,main,房地产,5.2,5.71,5.2,5.71,5.19,5.71,379082.0,212506304.0,1180699531.25,1163215781.25,6741794323.44,6641962110.94,3.258914,9.82659,0.192678,10.019268,7.939509,1,2026-06-30,2026-10-02,mootdx,2026-10-02T10:02:03.930854+08:00,2026-04-01,2026-04-02,xdxr_capital_history,current_mootdx_f10,4.553415061295962,ok,ok,early,train,observed_breach_before_fill,,,,,,,,,,,,,,,,,,,,,,,,,,,
2026-05-20,sz:stock:000880,000880,潍柴重机,sz,main,汽车,34.5,35.42,34.5,35.42,32.2,35.42,198703.0,701889472.0,463848828.125,227026796.875,16429525492.19,8041289145.31,8.752403,2.857143,7.142857,10.0,10.583828,1,2025-09-19,2026-10-02,mootdx,2026-10-02T10:02:03.930854+08:00,2026-05-21,2026-05-22,xdxr_capital_history,current_mootdx_f10,4.460756634669671,ok,ok,early,train,filled_proxy,09:31,09:32,1,35.82,35.86,200,29240.0,0.006839945280437756,38.61,-5.316120207309272,-3.5466353347239576,filled_proxy,09:32,33.82,33.86,5443.0,early_exit,-5.873166333636693,37.76,filled_proxy,14:56,33.65,33.69,4560.0,end_of_day_exit,-6.346655541015,37.76
2026-07-09,sz:stock:000887,000887,中鼎股份,sz,main,汽车,17.1,18.8,17.0,18.8,17.09,18.8,601605.0,1102254976.0,1316489687.5,1314370625.0,24750006125.0,24710167750.0,4.577134,10.532475,0.058514,10.005851,5.617978,1,2024-06-30,2026-10-02,mootdx,2026-10-02T10:02:03.930854+08:00,2026-07-10,2026-07-13,xdxr_capital_history,current_mootdx_f10,4.0957446808510545,ok,ok,early,validation,no_pre10_fill_proxy,,,,,,,,,,,,,,,,,,,,,,,,,,,
2026-05-13,sz:stock:000889,000889,中嘉博创,sz,main,通信,5.0,5.57,5.0,5.57,5.06,5.57,1564013.0,831783296.0,936291093.75,869845156.25,5215141392.19,4845037520.31,17.980361,11.264822,-1.185771,10.079051,14.609053,1,2026-06-30,2026-10-02,mootdx,2026-10-02T10:02:03.930854+08:00,2026-05-14,2026-05-15,xdxr_capital_history,current_mootdx_f10,4.129263913824044,ok,ok,early,train,filled_proxy,09:31,09:32,1,5.65,5.66,1600,107709.0,0.01485484035688754,6.07,-7.57487628509036,-5.022666959858779,filled_proxy,09:32,5.25,5.26,53491.0,early_exit,-7.398387153963071,5.96,filled_proxy,14:56,5.11,5.12,10369.0,end_of_day_exit,-9.86923498974498,5.96
2026-01-12,sz:stock:000890,000890,法尔胜,sz,main,环保,5.68,5.82,5.52,5.82,5.29,5.82,461049.0,263775856.0,419503984.375,419491054.6875,2441513189.06,2441437938.28,10.990675,5.671078,7.372401,10.018904,14.341847,1,2022-12-31,2026-10-02,mootdx,2026-10-02T10:02:03.930854+08:00,2026-01-13,2026-01-14,xdxr_capital_history,current_mootdx_f10,4.467353951890041,ok,ok,early,train,filled_proxy,09:31,09:32,1,6.12,6.13,1500,50650.0,0.029615004935834154,6.34,-8.960435444343574,-6.609593275858517,filled_proxy,09:32,5.61,5.62,8740.0,early_exit,-8.634518049572314,6.46,filled_proxy,14:56,5.61,5.62,3780.0,end_of_day_exit,-8.634518049572314,6.46
2026-03-27,sz:stock:000890,000890,法尔胜,sz,main,环保,13.09,13.48,12.45,13.48,12.25,13.48,661552.0,869248000.0,419503984.375,419491054.6875,5654913709.38,5654739417.19,15.770348,8.408163,6.857143,10.040816,2.665651,1,2022-12-31,2026-10-02,mootdx,2026-10-02T10:02:03.930854+08:00,2026-03-30,2026-03-31,xdxr_capital_history,current_mootdx_f10,3.4866468842729814,ok,ok,early,train,filled_proxy,09:31,09:32,1,14.47,14.49,600,64401.0,0.009316625518237295,14.69,-0.7873624033466586,8.754977390765116,filled_proxy,09:32,14.08,14.1,41393.0,early_exit,-2.993364956529554,15.26,filled_proxy,09:47,15.26,15.47,31221.0,precommitted_target,5.141269458332376,15.26
2026-03-02,sz:stock:000912,000912,泸天化,sz,main,基础化工,5.14,5.35,5.01,5.35,4.86,5.35,641403.0,335189184.0,1568000000.0,1568000000.0,8388800000.0,8388800000.0,4.09058,6.995885,5.761317,10.082305,17.067834,1,2018-07-27,2026-10-02,mootdx,2026-10-02T10:02:03.930854+08:00,2026-03-03,2026-03-04,xdxr_capital_history,current_mootdx_f10,4.112149532710285,ok,ok,early,train,filled_proxy,09:31,09:32,1,5.5,5.51,1700,108166.0,0.01571658376939149,5.83,-5.597583191888866,3.0015175171632658,filled_proxy,09:32,5.19,5.2,54422.0,early_exit,-5.960177305824987,5.81,filled_proxy,14:56,5.67,5.68,18506.0,end_of_day_exit,2.7420814286419626,5.81
2026-04-07,sz:stock:000919,000919,金陵药业,sz,main,医药生物,7.36,8.1,7.18,8.1,7.36,8.1,388469.0,305142080.0,621924531.25,621766718.75,5037588703.13,5036310421.88,6.247826,12.5,0.0,10.054348,10.958904,1,2026-06-30,2026-10-02,mootdx,2026-10-02T10:02:03.930854+08:00,2026-04-08,2026-04-09,xdxr_capital_history,current_mootdx_f10,4.938271604938271,ok,ok,early,train,filled_proxy,09:31,09:42,11,8.76,8.77,1100,134452.0,0.00818135840299884,8.83,2.2364649034636086,11.465190295595962,filled_proxy,09:32,9.18,9.19,105718.0,early_exit,4.514600028650562,9.24,filled_proxy,09:33,9.24,9.38,54503.0,precommitted_target,5.198040566206652,9.24
2026-09-17,sz:stock:000920,000920,沃顿科技,sz,main,基础化工,11.44,12.63,11.4,12.63,11.48,12.63,166557.0,207029600.0,472621132.8125,472597851.5625,5969204907.42,5968910865.23,3.524286,10.714286,-0.348432,10.017422,9.54033,1,2026-06-30,2026-10-02,mootdx,2026-10-02T10:02:03.930854+08:00,2026-09-18,2026-09-21,xdxr_capital_history,current_mootdx_f10,4.275534441805218,ok,ok,early,holdout,filled_proxy,09:31,09:32,1,13.33,13.35,700,34293.0,0.020412329046744233,13.77,-1.7302974656365544,-1.0063425596029685,filled_proxy,09:32,13.1,13.120000000000001,19350.0,early_exit,-2.0296069875109124,14.06,filled_proxy,14:56,12.9,12.92,3673.0,end_of_day_exit,-3.526154596882658,14.06
2026-03-25,sz:stock:000927,000927,中国铁物,sz,main,机械设备,2.77,3.04,2.75,3.04,2.76,3.04,917906.0,267614288.0,6050353750.0,6050350625.0,18393075400.0,18393065900.0,1.517112,10.507246,0.362319,10.144928,1.672241,1,2024-01-08,2026-10-02,mootdx,2026-10-02T10:02:03.930854+08:00,2026-03-26,2026-03-27,xdxr_capital_history,current_mootdx_f10,4.9342105263157965,ok,ok,early,train,no_pre10_fill_proxy,,,,,,,,,,,,,,,,,,,,,,,,,,,
2026-02-27,sz:stock:000960,000960,锡业股份,sz,main,有色金属,40.2,44.36,40.05,44.36,40.33,44.36,888710.0,3850568704.0,1645801875.0,1645801875.0,73007771175.0,73007771175.0,5.39986,10.686834,-0.322341,9.992561,16.736842,1,2026-03-02,2026-10-02,mootdx,2026-10-02T10:02:03.930854+08:00,2026-03-02,2026-03-03,xdxr_capital_history,current_mootdx_f10,4.824165915238954,ok,ok,early,train,filled_proxy,09:31,09:32,1,45.76,45.81,200,40359.0,0.004955524170569142,48.35,-0.5317597120295892,2.2878053438719625,filled_proxy,09:32,46.3,46.35,37972.0,early_exit,0.907439168803692,48.23,unfilled_d3,,,,,limit_down_or_capacity,,48.23
2026-02-03,sz:stock:000962,000962,东方钽业,sz,main,有色金属,40.02,43.21,40.02,43.21,39.28,43.21,298065.0,1266651264.0,504864257.8125,501658750.0,21815184580.08,21676674587.5,5.941589,8.121181,1.88391,10.005092,10.483252,1,2026-03-27,2026-10-02,mootdx,2026-10-02T10:02:03.930854+08:00,2026-02-04,2026-02-05,xdxr_capital_history,current_mootdx_f10,4.744272159222396,ok,ok,early,train,filled_proxy,09:31,09:32,1,46.54,46.59,200,22486.0,0.008894423196655697,47.1,-3.889995230102372,-2.2725807798909092,filled_proxy,09:32,44.12,44.17,6243.0,early_exit,-5.455200438101803,49.05,filled_proxy,14:56,41.85,41.9,1983.0,end_of_day_exit,-10.322345399963062,49.05
2026-02-25,sz:stock:000962,000962,东方钽业,sz,main,有色金属,46.66,51.32,46.25,51.32,46.65,51.32,347450.0,1698969216.0,504864257.8125,501658750.0,25909633710.94,25745127050.0,6.926023,10.868167,0.021436,10.010718,26.747345,1,2026-03-27,2026-10-02,mootdx,2026-10-02T10:02:03.930854+08:00,2026-02-26,2026-02-27,xdxr_capital_history,current_mootdx_f10,3.4879189399844135,ok,ok,early,train,filled_proxy,09:31,09:32,1,54.6,54.66,100,13616.0,0.007344300822561692,55.94,0.27679123936956707,9.31988399198338,filled_proxy,09:32,57.5,57.56,13448.0,early_exit,4.953575806533794,57.59,filled_proxy,09:33,57.59,58.620000000000005,10538.0,precommitted_target,5.1179940139731706,57.59
2026-08-27,sz:stock:000962,000962,东方钽业,sz,main,有色金属,52.32,57.55,52.15,57.55,52.32,57.55,348510.0,1944087424.0,527385156.25,503021093.75,30351015742.19,28948863945.31,6.928338,10.321101,0.0,9.996177,11.100386,1,2026-09-28,2026-10-02,mootdx,2026-10-02T10:02:03.930854+08:00,2026-08-28,2026-08-31,xdxr_capital_history,current_mootdx_f10,3.9096437880104196,ok,ok,early,validation,filled_proxy,09:31,09:32,1,58.7,58.76,100,12026.0,0.008315316813570596,62.73,-4.589725439165648,-2.9874133294665373,filled_proxy,09:32,56.05,56.11,7512.0,early_exit,-4.827656406548131,61.9,filled_proxy,14:56,56.71,56.77,2061.0,end_of_day_exit,-3.705981846030726,61.9
2026-04-14,sz:stock:000967,000967,盈峰环境,sz,main,环保,11.54,11.69,11.2,11.69,10.63,11.69,2665082.0,3098099712.0,3166944375.0,3165425000.0,37021579743.75,37003818250.0,8.41935,4.609595,8.560677,9.971778,27.203482,1,2026-04-20,2026-10-02,mootdx,2026-10-02T10:02:03.930854+08:00,2026-04-15,2026-04-16,xdxr_capital_history,current_mootdx_f10,4.191616766467066,ok,ok,early,train,filled_proxy,09:31,09:32,1,11.9,11.92,700,136876.0,0.005114117887723195,12.74,3.1802092038979435,9.35559264203496,filled_proxy,09:32,12.52,12.540000000000001,128958.0,early_exit,4.856184788590401,12.55,filled_proxy,09:33,12.55,12.69,86227.0,precommitted_target,5.107581126294258,12.55
2026-07-31,sz:stock:000967,000967,盈峰环境,sz,main,环保,7.84,7.85,7.8,7.85,7.14,7.85,439107.0,344648352.0,3359188750.0,3357668437.5,26369631687.5,26357697234.38,1.307774,0.70028,9.803922,9.943978,14.766082,1,2026-06-30,2026-10-02,mootdx,2026-10-02T10:02:03.930854+08:00,2026-08-03,2026-08-04,xdxr_capital_history,current_mootdx_f10,4.840764331210212,ok,ok,early,validation,filled_proxy,09:31,09:32,1,8.5,8.51,1100,144124.0,0.00763231661624712,8.56,4.301890593638857,10.52998711412625,filled_proxy,09:32,8.84,8.85,124963.0,early_exit,3.7149655394059122,8.96,filled_proxy,09:35,8.96,9.0,114590.0,precommitted_target,5.1235856695649895,8.96
2026-04-29,sz:stock:000973,000973,佛塑科技,sz,main,基础化工,19.34,21.29,18.3,21.29,19.35,21.29,1170756.0,2357231104.0,2458236718.75,967423203.125,52335859742.19,20596439994.53,12.101798,15.452196,-0.05168,10.02584,16.913784,1,2026-08-12,2026-10-02,mootdx,2026-10-02T10:02:03.930854+08:00,2026-04-30,2026-05-06,xdxr_capital_history,current_mootdx_f10,3.804603100046977,ok,ok,early,train,filled_proxy,09:31,09:32,1,21.62,21.65,400,42912.0,0.009321401938851602,23.21,-3.0279757388691375,-1.1430244927961963,filled_proxy,09:32,20.99,21.02,28150.0,early_exit,-3.2125306168319323,22.8,filled_proxy,14:56,21.12,21.150000000000002,6881.0,end_of_day_exit,-2.612727263452852,22.8
2026-07-07,sz:stock:000973,000973,佛塑科技,sz,main,基础化工,14.14,14.58,14.01,14.58,13.25,14.58,996217.0,1442844032.0,2458236718.75,967423203.125,35841091359.38,14105030301.56,10.297634,4.301887,6.716981,10.037736,1.602787,1,2026-08-12,2026-10-02,mootdx,2026-10-02T10:02:03.930854+08:00,2026-07-08,2026-07-09,xdxr_capital_history,current_mootdx_f10,3.566529492455417,ok,ok,early,validation,observed_breach_before_fill,,,,,,,,,,,,,,,,,,,,,,,,,,,
2026-04-08,sz:stock:000978,000978,桂林旅游,sz,main,社会服务,7.5,8.05,7.4,8.05,7.32,8.05,438924.0,344924832.0,468130000.0,468120234.375,3768446500.0,3768367886.72,9.376309,8.879781,2.459016,9.972678,4.545455,1,2026-06-30,2026-10-02,mootdx,2026-10-02T10:02:03.930854+08:00,2026-04-09,2026-04-10,xdxr_capital_history,current_mootdx_f10,3.105590062111796,ok,ok,early,train,filled_proxy,09:31,09:32,1,8.22,8.23,1100,51147.0,0.021506637730463175,8.77,-3.6822867788229074,0.8290336387265285,filled_proxy,09:32,8.0,8.01,26305.0,early_exit,-2.95402799424217,8.67,filled_proxy,14:56,7.9,7.91,5083.0,end_of_day_exit,-4.167792635210055,8.67
2026-09-11,sz:stock:000980,000980,众泰汽车,sz,main,汽车,1.96,2.12,1.9,2.12,1.93,2.12,5961957.0,1229430272.0,5042547812.5,5042485937.5,10690201362.5,10690070187.5,11.823448,11.398964,1.554404,9.84456,30.06135,1,2026-06-30,2026-10-02,mootdx,2026-10-02T10:02:03.930854+08:00,2026-09-14,2026-09-15,xdxr_capital_history,current_mootdx_f10,4.245283018867907,ok,ok,early,holdout,filled_proxy,09:31,09:32,1,2.18,2.19,4300,280968.0,0.015304233934113494,2.31,9.420863493662157,16.60235331823263,filled_proxy,09:32,2.47,2.48,583458.0,early_exit,12.613853126029628,2.31,filled_proxy,09:32,2.31,2.48,583458.0,precommitted_target,5.315591109189688,2.31
2026-01-12,sz:stock:000981,000981,山子高科,sz,main,汽车,4.68,5.13,4.68,5.13,4.66,5.13,16851034.0,8480262656.0,9997470625.0,9513356250.0,51287024306.25,48803517562.5,17.713027,9.656652,0.429185,10.085837,26.666667,1,2025-07-24,2026-10-02,mootdx,2026-10-02T10:02:03.930854+08:00,2026-01-13,2026-01-14,xdxr_capital_history,current_mootdx_f10,3.3138401559454245,ok,ok,early,train,filled_proxy,09:31,09:32,1,5.3,5.31,1700,543385.0,0.0031285368569246483,5.59,-4.301366443274047,6.503032391526342,filled_proxy,09:32,5.24,5.25,387065.0,early_exit,-1.479539575062283,5.59,filled_proxy,09:39,5.59,5.67,1560468.0,precommitted_target,5.1047231174317975,5.59
2026-02-24,sz:stock:000988,000988,华工科技,sz,main,机械设备,80.1,82.42,79.46,82.42,74.93,82.42,730075.0,5984318976.0,1005502734.375,1004985625.0,82873535367.19,82830915212.5,7.264532,3.950354,6.899773,9.995996,7.122433,1,2021-06-30,2026-10-02,mootdx,2026-10-02T10:02:03.930854+08:00,2026-02-25,2026-02-26,xdxr_capital_history,current_mootdx_f10,3.979616597913127,ok,ok,early,train,filled_proxy,09:31,09:32,1,86.5,86.59,100,66417.0,0.001505638616619239,89.84,-0.7787970410854439,3.524273571231684,filled_proxy,09:32,85.32,85.41,16388.0,early_exit,-1.6324618703978167,91.16,filled_proxy,14:56,88.44,88.53,3938.0,end_of_day_exit,1.9667736261624658,91.16
2026-03-18,sz:stock:000990,000990,诚志股份,sz,main,基础化工,10.48,10.79,10.25,10.79,9.81,10.79,714277.0,756294592.0,1215237500.0,1215236640.625,13112412625.0,13112403352.34,5.877678,5.504587,6.829766,9.989806,21.372328,1,2026-06-30,2026-10-02,mootdx,2026-10-02T10:02:03.930854+08:00,2026-03-19,2026-03-20,xdxr_capital_history,current_mootdx_f10,3.9851714550509953,ok,ok,early,train,observed_breach_before_fill,,,,,,,,,,,,,,,,,,,,,,,,,,,
2026-03-25,sz:stock:000993,000993,闽东电力,sz,main,公用事业,14.27,15.7,14.16,15.7,14.27,15.7,621194.0,932591168.0,457951445.3125,439747578.125,7189837691.41,6904036976.56,14.126149,10.791871,0.0,10.021023,8.87656,1,2026-06-18,2026-10-02,mootdx,2026-10-02T10:02:03.930854+08:00,2026-03-26,2026-03-27,xdxr_capital_history,current_mootdx_f10,3.7579617834395007,ok,ok,early,train,filled_proxy,09:31,09:32,1,16.57,16.59,500,53169.0,0.009403976001053246,17.11,-3.2431404796984697,-1.2948769734885457,filled_proxy,09:32,15.35,15.370000000000001,33865.0,early_exit,-7.638444143500999,17.47,filled_proxy,14:56,16.21,16.23,8889.0,end_of_day_exit,-2.4604151697062204,17.47
2026-01-21,sz:stock:001202,001202,炬申股份,sz,main,交通运输,18.35,20.19,18.15,20.19,18.35,20.19,177471.0,352325088.0,166691113.2813,116823955.0781,3365493577.15,2358675653.03,15.191319,11.117166,0.0,10.027248,6.938559,1,2025-06-18,2026-10-02,mootdx,2026-10-02T10:02:03.930854+08:00,2026-01-22,2026-01-23,xdxr_capital_history,current_mootdx_f10,4.507181773155033,ok,ok,early,train,filled_proxy,09:31,09:32,1,21.7,21.73,400,8906.0,0.044913541432741975,22.01,6.820330594097368,11.902750231683324,filled_proxy,09:32,20.4,20.43,20705.0,early_exit,-6.280821670803782,22.88,filled_proxy,14:56,20.32,20.35,1355.0,end_of_day_exit,-6.648573313327299,22.88
2026-01-21,sz:stock:001203,001203,大中矿业,sz,main,钢铁,28.5,30.66,28.27,30.66,27.87,30.66,329428.0,983231168.0,1533080468.75,1315316406.25,47004247171.88,40327601015.63,2.504553,8.575529,2.260495,10.010764,5.469556,1,2026-03-31,2026-10-02,mootdx,2026-10-02T10:02:03.930854+08:00,2026-01-22,2026-01-23,xdxr_capital_history,current_mootdx_f10,4.076973255055449,ok,ok,early,train,filled_proxy,09:31,09:32,1,32.8,32.84,200,24681.0,0.008103399376038248,33.42,-6.49931463943626,0.6378515496592296,filled_proxy,09:32,30.89,30.93,19755.0,early_exit,-6.134374424811783,34.59,filled_proxy,14:57,33.11,33.15,1294.0,end_of_day_exit,0.6170195457410932,34.59
2026-04-16,sz:stock:001203,001203,大中矿业,sz,main,钢铁,43.01,46.39,42.69,46.39,42.17,46.39,193176.0,876118528.0,1533080468.75,1305974140.625,71119602945.31,60584140383.59,1.479172,8.77401,1.991937,10.007114,21.471589,1,2026-06-30,2026-10-02,mootdx,2026-10-02T10:02:03.930854+08:00,2026-04-17,2026-04-20,xdxr_capital_history,current_mootdx_f10,4.893295968958822,ok,ok,early,train,filled_proxy,09:31,09:32,1,49.03,49.08,100,18308.0,0.005462093074065982,50.57,-5.565160159157201,-5.151615893892114,filled_proxy,09:32,46.11,46.160000000000004,6493.0,early_exit,-6.297528987843926,51.72,filled_proxy,14:56,45.61,45.660000000000004,1119.0,end_of_day_exit,-7.314707916575502,51.72
2026-01-05,sz:stock:001210,001210,金房能源,sz,main,公用事业,17.6,18.84,17.24,18.84,17.13,18.84,117670.0,218707472.0,156812675.7813,95299042.9688,2954350811.72,1795433969.53,12.347448,9.340339,2.743724,9.982487,5.369128,1,2026-06-05,2026-10-02,mootdx,2026-10-02T10:02:03.930854+08:00,2026-01-06,2026-01-07,xdxr_capital_history,current_mootdx_f10,3.290870488322728,ok,ok,early,train,filled_proxy,09:31,09:32,1,20.36,20.39,400,7701.0,0.05194130632385404,20.54,-0.6153934332203792,4.0811951047331485,filled_proxy,09:32,20.17,20.2,4254.0,early_exit,-1.2522389250573585,21.47,filled_proxy,14:56,20.84,20.87,990.0,end_of_day_exit,2.029964763640968,21.47
2026-06-10,sz:stock:001210,001210,金房能源,sz,main,公用事业,22.82,25.45,22.33,25.45,23.14,25.45,150444.0,365298752.0,219537753.9063,133419892.5781,5587235836.91,3395536266.11,11.27598,13.483146,-1.382887,9.982714,-29.108635,1,2026-06-05,2026-10-02,mootdx,2026-10-02T10:02:03.930854+08:00,2026-06-11,2026-06-12,xdxr_capital_history,current_mootdx_f10,3.0648330058939077,ok,ok,early,train,observed_breach_before_fill,,,,,,,,,,,,,,,,,,,,,,,,,,,
2026-06-09,sz:stock:001215,001215,千味央厨,sz,main,食品饮料,39.24,42.32,38.89,42.32,38.47,42.32,99608.0,415638016.0,97160449.2188,96901640.625,4111830210.94,4100877431.25,10.279289,8.916038,2.00156,10.007798,8.097063,1,2025-12-31,2026-10-02,mootdx,2026-10-02T10:02:03.930854+08:00,2026-06-10,2026-06-11,xdxr_capital_history,current_mootdx_f10,4.1115311909262875,ok,ok,early,train,filled_proxy,09:31,09:32,1,43.27,43.32,200,3109.0,0.0643293663557414,46.13,-0.997435642193556,2.819565722093187,filled_proxy,09:32,43.48,43.53,1590.0,early_exit,0.20161754895091644,45.61,filled_proxy,14:56,41.66,41.71,214.0,end_of_day_exit,-3.9950686200547647,45.61
2026-06-29,sz:stock:001229,001229,魅视科技,sz,main,计算机,29.88,33.02,29.08,33.02,30.02,33.02,93803.0,293371968.0,143432099.6094,73751206.0547,4736127929.1,2435264823.93,12.718843,13.124584,-0.466356,9.993338,25.599087,1,2026-06-30,2026-10-02,mootdx,2026-10-02T10:02:03.930854+08:00,2026-06-30,2026-07-01,xdxr_capital_history,current_mootdx_f10,3.149606299212593,ok,ok,early,purged,filled_proxy,09:31,09:32,1,34.68,34.72,200,5307.0,0.03768607499528924,35.99,4.291653761341596,9.992242451962019,filled_proxy,09:32,37.47,37.51,5821.0,early_exit,7.714826058782331,36.57,filled_proxy,09:32,36.57,37.51,5821.0,precommitted_target,5.125872220381789,36.57
2026-05-26,sz:stock:001257,001257,盛龙股份,sz,main,有色金属,23.2,25.83,22.64,25.83,23.48,25.83,380273.0,938425792.0,1835950781.25,136947988.2813,47422608679.69,3537366537.3,27.767695,13.586031,-1.192504,10.008518,2.135231,1,2026-09-30,2026-10-02,mootdx,2026-10-02T10:02:03.930854+08:00,2026-05-27,2026-05-28,xdxr_capital_history,current_mootdx_f10,4.2586140147115925,ok,ok,early,train,filled_proxy,09:31,09:32,1,27.89,27.92,300,36749.0,0.008163487441835152,28.15,1.510217218017651,5.304401234620304,filled_proxy,09:32,27.67,27.7,17502.0,early_exit,-1.0657007203087487,29.4,filled_proxy,13:06,29.4,29.45,8948.0,precommitted_target,5.1236576592810446,29.4
2026-06-26,sz:stock:001270,001270,铖昌科技,sz,main,国防军工,124.24,139.43,121.51,139.43,126.75,139.43,149994.0,2019398016.0,206114902.3438,204803261.7188,28738600833.79,28555718781.45,7.323809,14.138067,-1.980276,10.003945,3.83527,1,2026-05-22,2026-10-02,mootdx,2026-10-02T10:02:03.930854+08:00,2026-06-29,2026-06-30,xdxr_capital_history,current_mootdx_f10,3.2704582944846905,ok,ok,early,train,below_one_lot,,,,,,,,,,,,,,,,,,,,,,,,,,,
2026-05-06,sz:stock:001309,001309,德明利,sz,main,电子,570.0,577.29,560.38,577.29,524.81,577.29,78830.0,4518856704.0,226845664.0625,161326416.0156,130955733406.64,93132126701.66,4.886367,3.222118,8.610735,9.999809,17.843145,1,2026-05-31,2026-10-02,mootdx,2026-10-02T10:02:03.930854+08:00,2026-05-07,2026-05-08,xdxr_capital_history,current_mootdx_f10,4.453567531050262,ok,ok,early,train,below_one_lot,,,,,,,,,,,,,,,,,,,,,,,,,,,
2026-01-27,sz:stock:001311,001311,多利科技,sz,main,汽车,40.8,44.48,40.43,44.48,40.44,44.48,118380.0,510151232.0,310509335.9375,77934912.1094,13811455262.5,3466544890.63,15.189598,10.014837,0.890208,9.990109,27.340395,1,2026-03-05,2026-10-02,mootdx,2026-10-02T10:02:03.930854+08:00,2026-01-28,2026-01-29,xdxr_capital_history,current_mootdx_f10,3.372302158273377,ok,ok,early,train,filled_proxy,09:31,09:32,1,45.78,45.83,200,2717.0,0.0736105999263894,48.48,-4.760077820441289,-2.7432228457304753,filled_proxy,09:32,43.78,43.83,4719.0,early_exit,-4.629298623758393,48.25,filled_proxy,14:56,42.57,42.62,621.0,end_of_day_exit,-7.2666790901967815,48.25
2026-07-02,sz:stock:001317,001317,三羊马,sz,main,交通运输,39.79,44.03,39.79,44.03,40.03,44.03,55109.0,233071040.0,85565800.7813,85502519.5313,3767462208.4,3764675934.96,6.445307,10.592056,-0.59955,9.992506,8.769763,1,2026-06-30,2026-10-02,mootdx,2026-10-02T10:02:03.930854+08:00,2026-07-03,2026-07-06,xdxr_capital_history,current_mootdx_f10,4.474222121280946,ok,ok,early,validation,filled_proxy,09:31,09:32,1,47.42,47.47,200,8091.0,0.024718823384006924,47.99,0.2005009963612192,0.20536213716375595,filled_proxy,09:32,45.79,45.84,3861.0,early_exit,-3.692620425583415,49.97,unfilled_d3,,,,,limit_down_or_capacity,,49.97
2026-06-12,sz:stock:001330,001330,博纳影业,sz,main,传媒,6.56,7.07,6.28,7.07,6.43,7.07,1365863.0,935540992.0,1374518906.25,1162847343.75,9717848667.19,8221330720.31,11.74585,12.286159,2.021773,9.953344,-9.009009,1,2025-12-31,2026-10-02,mootdx,2026-10-02T10:02:03.930854+08:00,2026-06-15,2026-06-16,xdxr_capital_history,current_mootdx_f10,3.8189533239038065,ok,ok,early,train,filled_proxy,09:31,09:32,1,7.25,7.26,1200,50022.0,0.023989444644356483,7.71,-5.945486065074446,-3.015634875059048,filled_proxy,09:32,6.68,6.69,20474.0,early_exit,-8.146933376065657,7.65,filled_proxy,14:56,7.0,7.01,11719.0,end_of_day_exit,-3.7440387540832565,7.65
2026-01-19,sz:stock:001337,001337,四川黄金,sz,main,有色金属,34.29,37.65,34.25,37.65,34.23,37.65,383232.0,1405518720.0,420000000.0,288455996.0938,15813000000.0,10860368252.93,13.285631,9.932807,0.175285,9.991236,25.541847,1,2026-03-04,2026-10-02,mootdx,2026-10-02T10:02:03.930854+08:00,2026-01-20,2026-01-21,xdxr_capital_history,current_mootdx_f10,3.585657370517925,ok,ok,early,train,filled_proxy,09:31,09:32,1,39.4,39.44,200,16579.0,0.01206345376681344,41.04,3.645525711507913,10.651230987317838,filled_proxy,09:32,41.06,41.11,23988.0,early_exit,3.9241087629926064,41.53,filled_proxy,09:53,41.53,41.82,9541.0,precommitted_target,5.11441816479099,41.53
2026-07-07,sz:stock:001365,001365,天海电子,sz,main,制造业,40.03,43.46,39.9,43.46,39.51,43.46,78895.0,337661952.0,525000000.0,57505600.5859,22816500000.0,2499193401.46,13.719533,9.010377,1.316123,9.997469,10.585242,1,2026-08-24,2026-10-02,mootdx,2026-10-02T10:02:03.930854+08:00,2026-07-08,2026-07-09,current_snapshot_estimate,current_mootdx_f10,3.22135296824666,ok,ok,early,validation,observed_breach_before_fill,,,,,,,,,,,,,,,,,,,,,,,,,,,
2026-09-18,sz:stock:001399,001399,惠科股份,sz,main,电子,21.23,23.17,21.23,23.17,21.06,23.17,646537.0,1466416512.0,7407302500.0,430566718.75,171627198925.0,9976230873.44,15.015954,9.211776,0.807217,10.018993,19.187243,1,2026-07-25,2026-10-02,mootdx,2026-10-02T10:02:03.930854+08:00,2026-09-21,2026-09-22,xdxr_capital_history,current_mootdx_f10,3.0643072939145366,ok,ok,early,holdout,filled_proxy,09:31,09:32,1,23.89,23.92,300,44336.0,0.006766510285095633,25.26,1.27021331980115,2.3785630249710588,filled_proxy,09:32,24.17,24.2,19585.0,early_exit,0.8526614417232903,25.19,filled_proxy,14:56,23.48,23.51,2781.0,end_of_day_exit,-2.028446517014071,25.19
2026-01-23,sz:stock:001400,001400,江顺科技,sz,main,机械设备,111.67,121.57,111.67,121.57,110.52,121.57,40901.0,479620704.0,60000000.0,15000000.0,7294200000.0,1823550000.0,27.267333,8.957655,1.040536,9.99819,3.649075,1,2026-04-30,2026-10-02,mootdx,2026-10-02T10:02:03.930854+08:00,2026-01-26,2026-01-27,xdxr_capital_history,current_mootdx_f10,3.8331825285843557,ok,ok,early,train,below_one_lot,,,,,,,,,,,,,,,,,,,,,,,,,,,
2026-08-12,sz:stock:001696,001696,宗申动力,sz,main,机械设备,15.72,17.29,15.52,17.29,15.72,17.29,779596.0,1287671808.0,1145026953.125,891513515.625,19797516019.53,15414268685.16,8.744635,11.259542,0.0,9.987277,11.332904,1,2026-06-30,2026-10-02,mootdx,2026-10-02T10:02:03.930854+08:00,2026-08-13,2026-08-14,xdxr_capital_history,current_mootdx_f10,3.9907460960092678,ok,ok,early,validation,observed_breach_before_fill,,,,,,,,,,,,,,,,,,,,,,,,,,,
2026-01-12,sz:stock:001896,001896,豫能控股,sz,main,公用事业,5.48,6.01,5.48,6.01,5.46,6.01,406075.0,239796768.0,1525781406.25,1525781406.25,9169946251.56,9169946251.56,2.661423,9.70696,0.3663,10.07326,14.47619,1,2024-12-31,2026-10-02,mootdx,2026-10-02T10:02:03.930854+08:00,2026-01-13,2026-01-14,xdxr_capital_history,current_mootdx_f10,3.8269550748752046,ok,ok,early,train,filled_proxy,09:31,09:32,1,6.13,6.14,1500,42199.0,0.035545866015782364,6.55,0.8156717174861328,6.4033777888123256,filled_proxy,09:32,6.17,6.18,51740.0,early_exit,0.3275914084461595,6.47,filled_proxy,10:52,6.47,6.51,8701.0,precommitted_target,5.208394498846092,6.47
2026-09-14,sz:stock:001896,001896,豫能控股,sz,main,公用事业,11.65,12.99,11.63,12.99,11.81,12.99,1691096.0,2170406144.0,1525781406.25,1525781406.25,19819900467.19,19819900467.19,11.083475,11.515665,-1.354784,9.991533,12.27312,1,2024-12-31,2026-10-02,mootdx,2026-10-02T10:02:03.930854+08:00,2026-09-15,2026-09-16,xdxr_capital_history,current_mootdx_f10,3.5411855273287163,ok,ok,early,holdout,filled_proxy,09:31,09:32,1,13.1,13.12,700,100892.0,0.006938112040597868,14.16,-6.937115888048407,-2.922869591321864,filled_proxy,09:32,12.33,12.35,26711.0,early_exit,-6.175731616150637,13.82,filled_proxy,14:56,12.34,12.36,10379.0,end_of_day_exit,-6.099593188960872,13.82
2026-07-21,sz:stock:002008,002008,大族激光,sz,main,机械设备,93.3,100.89,87.29,100.89,91.72,100.89,528979.0,4993789952.0,1029603437.5,956729921.875,103876690809.38,96524481817.97,5.529032,14.827737,1.722634,9.997819,-15.573222,1,2026-06-30,2026-10-02,mootdx,2026-10-02T10:02:03.930854+08:00,2026-07-22,2026-07-23,xdxr_capital_history,current_mootdx_f10,3.5285955000495584,ok,ok,early,validation,below_one_lot,,,,,,,,,,,,,,,,,,,,,,,,,,,
2026-05-08,sz:stock:002009,002009,天奇股份,sz,main,机械设备,24.4,26.96,24.22,26.96,24.51,26.96,512991.0,1332701952.0,402233203.125,354047578.125,10844207156.25,9545122706.25,14.489324,11.179111,-0.448796,9.99592,19.609583,1,2026-06-30,2026-10-02,mootdx,2026-10-02T10:02:03.930854+08:00,2026-05-11,2026-05-12,xdxr_capital_history,current_mootdx_f10,3.004451038575673,ok,ok,early,train,observed_breach_before_fill,,,,,,,,,,,,,,,,,,,,,,,,,,,
2026-09-07,sz:stock:002011,002011,盾安环境,sz,main,家用电器,11.0,11.94,11.0,11.94,10.85,11.94,831759.0,976147520.0,1074477343.75,1061515468.75,12829259484.38,12674494696.88,7.835581,8.663594,1.382488,10.046083,16.715543,1,2026-07-22,2026-10-02,mootdx,2026-10-02T10:02:03.930854+08:00,2026-09-08,2026-09-09,xdxr_capital_history,current_mootdx_f10,3.015075376884435,ok,ok,early,holdout,filled_proxy,09:31,09:32,1,12.14,12.16,700,31298.0,0.02236564636718001,13.01,-3.2909214367461748,2.52089581676036,filled_proxy,09:32,11.83,11.85,9824.0,early_exit,-2.8801923022227505,12.81,filled_proxy,14:56,12.37,12.39,11079.0,end_of_day_exit,1.5556823506303052,12.81
2026-02-06,sz:stock:002015,002015,协鑫能科,sz,main,公用事业,10.84,12.06,10.8,12.06,10.96,12.06,987715.0,1146793344.0,1623324687.5,1623324687.5,19577295731.25,19577295731.25,6.084519,11.49635,-1.094891,10.036496,15.076336,1,2022-09-16,2026-10-02,mootdx,2026-10-02T10:02:03.930854+08:00,2026-02-09,2026-02-10,xdxr_capital_history,current_mootdx_f10,3.6484245439469376,ok,ok,early,train,filled_proxy,09:31,09:32,1,12.97,12.99,700,95241.0,0.007349775831837129,13.15,1.2992155267456562,2.273384458688854,filled_proxy,09:32,12.9,12.92,72372.0,early_exit,-0.8539838807700262,13.68,filled_proxy,14:56,12.82,12.84,12906.0,end_of_day_exit,-1.4691837114888084,13.68
2026-05-06,sz:stock:002015,002015,协鑫能科,sz,main,公用事业,18.17,19.53,18.17,19.53,17.75,19.53,1631271.0,3147197696.0,1623324687.5,1623324687.5,31703531146.88,31703531146.88,10.048951,7.661972,2.366197,10.028169,0.102512,1,2022-09-16,2026-10-02,mootdx,2026-10-02T10:02:03.930854+08:00,2026-05-07,2026-05-08,xdxr_capital_history,current_mootdx_f10,4.403481822836652,ok,ok,early,train,filled_proxy,09:31,09:32,1,20.76,20.79,400,146722.0,0.0027262441896920707,21.29,-2.7185907850006297,-0.5120233534596674,filled_proxy,09:32,20.34,20.37,30806.0,early_exit,-2.334221594295427,21.89,filled_proxy,14:56,20.35,20.38,11330.0,end_of_day_exit,-2.2861754454572614,21.89
2026-08-21,sz:stock:002017,002017,东信和平,sz,main,通信,13.42,14.53,13.42,14.53,13.21,14.53,330645.0,470577312.0,580431914.0625,580172382.8125,8433675711.33,8429904722.27,5.699082,8.402725,1.589705,9.99243,6.21345,1,2026-06-30,2026-10-02,mootdx,2026-10-02T10:02:03.930854+08:00,2026-08-24,2026-08-25,xdxr_capital_history,current_mootdx_f10,4.8864418444597435,ok,ok,early,validation,no_pre10_fill_proxy,,,,,,,,,,,,,,,,,,,,,,,,,,,
2026-01-08,sz:stock:002023,002023,海特高新,sz,main,国防军工,13.59,15.04,13.53,15.04,13.67,15.04,881049.0,1263024512.0,740860234.375,740860234.375,11142537925.0,11142537925.0,11.892243,11.046086,-0.585223,10.021946,12.743628,1,2026-07-25,2026-10-02,mootdx,2026-10-02T10:02:03.930854+08:00,2026-01-09,2026-01-12,xdxr_capital_history,current_mootdx_f10,4.38829787234043,ok,ok,early,train,filled_proxy,09:31,09:32,1,15.290000000000001,15.31,600,60371.0,0.009938546653194415,16.39,-1.2699764269356373,0.7822471466409686,filled_proxy,09:32,14.99,15.01,19259.0,early_exit,-2.248686044576209,16.12,filled_proxy,14:56,15.31,15.33,6890.0,end_of_day_exit,-0.16077219360964845,16.12
2026-03-10,sz:stock:002025,002025,航天电器,sz,main,国防军工,52.01,56.03,52.01,56.03,50.94,56.03,281212.0,1563933824.0,455425976.5625,453876718.75,25517517466.8,25430712551.56,6.195779,7.891637,2.10051,9.992148,12.352116,1,2026-04-02,2026-10-02,mootdx,2026-10-02T10:02:03.930854+08:00,2026-03-11,2026-03-12,xdxr_capital_history,current_mootdx_f10,4.765304301267181,ok,ok,early,train,filled_proxy,09:31,09:32,1,58.1,58.16,100,28737.0,0.0034798343598844697,61.07,-2.284174394849192,6.400398618934244,filled_proxy,09:32,58.18,58.24,16794.0,early_exit,-0.18940439516239582,61.27,filled_proxy,10:12,61.27,61.79,19347.0,precommitted_target,5.11620158765087,61.27
2026-06-24,sz:stock:002025,002025,航天电器,sz,main,国防军工,61.85,66.61,61.8,66.61,60.55,66.61,143766.0,938724864.0,454019765.625,453871289.0625,30242256588.28,30232366564.45,3.16755,7.943848,2.146986,10.008258,5.529151,1,2026-06-16,2026-10-02,mootdx,2026-10-02T10:02:03.930854+08:00,2026-06-25,2026-06-26,xdxr_capital_history,current_mootdx_f10,4.789070710103593,ok,ok,early,train,filled_proxy,09:31,09:32,1,72.29,72.37,100,23992.0,0.00416805601867289,72.6,1.5765028871149056,1.957414904982513,filled_proxy,09:32,72.0,72.08,10379.0,early_exit,-0.7006885240501859,76.21,filled_proxy,14:56,72.21,72.29,1674.0,end_of_day_exit,-0.41086416262919867,76.21
2026-01-09,sz:stock:002029,002029,七 匹 狼,sz,main,纺织服饰,12.76,14.04,12.44,14.04,12.76,14.04,641030.0,841976256.0,705023515.625,665405937.5,9898530159.38,9342299362.5,9.633668,12.539185,0.0,10.031348,27.289211,1,2024-05-21,2026-10-02,mootdx,2026-10-02T10:02:03.930854+08:00,2026-01-12,2026-01-13,xdxr_capital_history,current_mootdx_f10,4.202279202279224,ok,ok,early,train,filled_proxy,09:31,09:32,1,14.19,14.21,600,36704.0,0.016346992153443766,15.3,-1.5047954168494582,4.225314518776702,filled_proxy,09:32,14.08,14.1,14448.0,early_exit,-1.0830244591882088,14.96,filled_proxy,14:56,14.13,14.15,3508.0,end_of_day_exit,-0.7315486611371713,14.96
2026-05-08,sz:stock:002030,002030,达安基因,sz,main,医药生物,6.18,6.64,6.17,6.64,6.04,6.64,797662.0,518340576.0,1403446093.75,1403446093.75,9318882062.5,9318882062.5,5.683596,7.781457,2.317881,9.933775,15.07799,1,2022-12-31,2026-10-02,mootdx,2026-10-02T10:02:03.930854+08:00,2026-05-11,2026-05-12,xdxr_capital_history,current_mootdx_f10,3.765060240963858,ok,ok,early,train,filled_proxy,09:31,09:32,1,6.79,6.8,1300,79074.0,0.016440296431191038,7.24,4.829547887842467,14.263565695623793,filled_proxy,09:32,7.33,7.34,94499.0,early_exit,7.62063395545034,7.16,filled_proxy,09:32,7.16,7.34,94499.0,precommitted_target,5.123346421274877,7.16
2026-05-07,sz:stock:002031,002031,巨轮智能,sz,main,机械设备,5.84,6.42,5.82,6.42,5.84,6.42,783322.0,494777888.0,2199395625.0,1913620625.0,14120119912.5,12285444412.5,4.093403,10.273973,0.0,9.931507,9.931507,1,2026-06-30,2026-10-02,mootdx,2026-10-02T10:02:03.930854+08:00,2026-05-08,2026-05-11,xdxr_capital_history,current_mootdx_f10,4.049844236760114,ok,ok,early,train,filled_proxy,09:31,09:32,1,6.640000000000001,6.65,1400,114230.0,0.01225597478770901,7.0,10.355870731984407,13.997132528927692,filled_proxy,09:32,7.16,7.17,148056.0,early_exit,7.50174638619554,7.01,filled_proxy,09:32,7.01,7.17,148056.0,precommitted_target,5.248490323730648,7.01
2026-01-06,sz:stock:002036,002036,联创电子,sz,main,电子,11.15,12.31,11.11,12.31,11.19,12.31,1175927.0,1395763712.0,1055404765.625,1053414453.125,12992032664.84,12967531917.97,11.163004,10.723861,-0.357462,10.008937,12.112933,1,2026-03-16,2026-10-02,mootdx,2026-10-02T10:02:03.930854+08:00,2026-01-07,2026-01-08,xdxr_capital_history,current_mootdx_f10,3.8180341186027533,ok,ok,early,train,filled_proxy,09:31,09:32,1,12.55,12.57,700,112997.0,0.006194854730656566,13.42,-3.5826762562830683,-1.4562723158336066,filled_proxy,09:32,12.15,12.17,18080.0,early_exit,-3.503208286313375,13.24,filled_proxy,14:56,12.18,12.200000000000001,5812.0,end_of_day_exit,-3.264804376404251,13.24
2026-03-02,sz:stock:002040,002040,南 京 港,sz,main,交通运输,11.29,11.97,10.71,11.97,10.88,11.97,582954.0,669834112.0,487946992.1875,486075429.6875,5840725496.48,5818322893.36,11.993077,11.580882,3.768382,10.018382,17.814961,1,2026-07-21,2026-10-02,mootdx,2026-10-02T10:02:03.930854+08:00,2026-03-03,2026-03-04,xdxr_capital_history,current_mootdx_f10,3.42522974101922,ok,ok,early,train,filled_proxy,09:31,09:32,1,12.59,12.61,700,45989.0,0.015221031116136466,13.05,-3.571482987454344,-1.847821315196163,filled_proxy,10:43,11.98,12.0,87362.0,early_exit,-5.155803656840041,13.28,unfilled_d3,,,,,limit_down_or_capacity,,13.28
2026-05-06,sz:stock:002044,002044,美年健康,sz,main,医药生物,5.8,5.97,5.8,5.97,5.43,5.97,1265822.0,750018240.0,3914254062.5,3874227500.0,23368096753.13,23129138175.0,3.267289,3.130755,6.813996,9.944751,15.250965,1,2025-06-30,2026-10-02,mootdx,2026-10-02T10:02:03.930854+08:00,2026-05-07,2026-05-08,xdxr_capital_history,current_mootdx_f10,3.350083752093802,ok,ok,early,train,observed_breach_before_fill,,,,,,,,,,,,,,,,,,,,,,,,,,,
2026-05-22,sz:stock:002046,002046,国机精工,sz,main,机械设备,50.38,54.99,49.61,54.99,49.99,54.99,213995.0,1145820032.0,536190859.375,530177968.75,29485135357.03,29154486501.56,4.036286,10.762152,0.780156,10.002,1.15894,1,2026-06-30,2026-10-02,mootdx,2026-10-02T10:02:03.930854+08:00,2026-05-25,2026-05-26,xdxr_capital_history,current_mootdx_f10,3.6188397890525525,ok,ok,early,train,filled_proxy,09:31,09:32,1,55.9,55.96,100,7375.0,0.013559322033898305,59.94,0.3226939728700806,1.8266963658402746,filled_proxy,09:32,56.34,56.4,4406.0,early_exit,0.4476066687967961,58.95,filled_proxy,14:56,54.61,54.67,702.0,end_of_day_exit,-2.639521387677757,58.95
2026-06-24,sz:stock:002046,002046,国机精工,sz,main,机械设备,63.27,69.95,60.41,69.95,63.59,69.95,305747.0,2062066304.0,536190859.375,530177968.75,37506550613.28,37085948914.06,5.766875,15.002359,-0.503224,10.001573,11.759067,1,2026-06-30,2026-10-02,mootdx,2026-10-02T10:02:03.930854+08:00,2026-06-25,2026-06-26,xdxr_capital_history,current_mootdx_f10,3.0021443888491595,ok,ok,early,train,filled_proxy,09:31,09:32,1,76.01,76.09,100,15242.0,0.006560818790185015,76.25,-0.22268164646093158,0.8445986576685272,filled_proxy,09:32,74.92,75.0,7857.0,early_exit,-1.7191450210474524,80.12,filled_proxy,14:56,74.45,74.53,1737.0,end_of_day_exit,-2.3361079912717186,80.12
2026-08-13,sz:stock:002066,002066,瑞泰科技,sz,main,建筑材料,19.95,21.93,19.83,21.93,19.94,21.93,102577.0,220075328.0,234906992.1875,231000000.0,5151510338.67,5065830000.0,4.440563,10.531595,0.05015,9.97994,5.331412,1,2025-07-14,2026-10-02,mootdx,2026-10-02T10:02:03.930854+08:00,2026-08-14,2026-08-17,xdxr_capital_history,current_mootdx_f10,4.879160966712259,ok,ok,early,validation,observed_breach_before_fill,,,,,,,,,,,,,,,,,,,,,,,,,,,
2026-09-16,sz:stock:002068,002068,黑猫股份,sz,main,基础化工,9.88,10.14,9.8,10.14,9.22,10.14,374042.0,376181632.0,735345234.375,735005859.375,7456400676.56,7452959414.06,5.088966,3.687636,7.158351,9.978308,1.298701,1,2026-06-30,2026-10-02,mootdx,2026-10-02T10:02:03.930854+08:00,2026-09-17,2026-09-18,xdxr_capital_history,current_mootdx_f10,3.3530571992110403,ok,ok,early,holdout,filled_proxy,09:31,09:32,1,10.88,10.9,900,70886.0,0.012696442174759471,11.05,-7.302455591350632,-5.747177119910796,filled_proxy,09:32,9.99,10.0,29050.0,early_exit,-8.493888716201415,11.48,filled_proxy,14:56,9.97,9.98,9736.0,end_of_day_exit,-8.677186120024615,11.48
2026-01-21,sz:stock:002077,002077,大港股份,sz,main,电子,16.77,18.54,16.68,18.54,16.85,18.54,473255.0,857586240.0,580348515.625,580348515.625,10759661479.69,10759661479.69,8.154669,11.038576,-0.474777,10.029674,19.228296,1,2022-06-30,2026-10-02,mootdx,2026-10-02T10:02:03.930854+08:00,2026-01-22,2026-01-23,xdxr_capital_history,current_mootdx_f10,4.962243797195254,ok,ok,early,train,filled_proxy,09:31,09:33,2,19.75,19.77,400,41992.0,0.009525623928367309,20.21,-6.4937700584688285,-4.1141664157361095,filled_proxy,09:32,18.41,18.43,45066.0,early_exit,-7.0495279316733495,20.82,filled_proxy,14:56,18.81,18.830000000000002,7590.0,end_of_day_exit,-5.028590210929639,20.82
2026-03-09,sz:stock:002082,002082,ST万邦,sz,main,医药生物,18.18,18.66,17.91,18.66,16.96,18.66,264359.0,486121760.0,611689062.5,553251914.0625,11414117906.25,10323680716.41,4.778275,4.42217,7.193396,10.023585,1.193059,1,2026-05-16,2026-10-02,mootdx,2026-10-02T10:02:03.930854+08:00,2026-03-10,2026-03-11,xdxr_capital_history,current_mootdx_f10,4.662379421221874,ok,ok,early,train,filled_proxy,09:31,09:32,1,19.26,19.28,400,9778.0,0.040908161178155045,20.34,1.3726513076494973,1.7370075560421583,filled_proxy,09:32,19.37,19.39,4936.0,early_exit,0.28471142193275956,20.3,filled_proxy,14:56,19.08,19.1,665.0,end_of_day_exit,-1.2176817535808238,20.3
2026-03-16,sz:stock:002086,002086,东方海洋,sz,main,医药生物,2.5,2.5,2.5,2.5,2.27,2.5,849647.0,212411792.0,1958946562.5,1581285156.25,4897366406.25,3953212890.63,5.373142,0.0,10.132159,10.132159,8.695652,1,2026-06-30,2026-10-02,mootdx,2026-10-02T10:02:03.930854+08:00,2026-03-17,2026-03-18,xdxr_capital_history,current_mootdx_f10,4.400000000000004,ok,ok,early,train,filled_proxy,09:31,09:32,1,2.64,2.65,3600,251007.0,0.014342229499575709,2.73,-5.434243852607279,-4.7756865260875525,filled_proxy,09:32,2.45,2.46,102100.0,early_exit,-7.696032037563505,2.79,filled_proxy,14:56,2.41,2.42,8570.0,end_of_day_exit,-9.203890827534323,2.79
2026-01-23,sz:stock:002088,002088,鲁阳节能,sz,main,建筑材料,11.68,12.87,11.65,12.87,11.7,12.87,197974.0,247271680.0,513122578.125,505734375.0,6603887580.47,6508801406.25,3.914585,10.42735,-0.17094,10.0,12.205754,1,2026-06-23,2026-10-02,mootdx,2026-10-02T10:02:03.930854+08:00,2026-01-26,2026-01-27,xdxr_capital_history,current_mootdx_f10,4.040404040404044,ok,ok,early,train,filled_proxy,09:31,09:32,1,13.63,13.65,700,12607.0,0.055524708495280406,14.03,-3.010737376992001,-1.7917899567436724,filled_proxy,09:32,13.15,13.17,4385.0,early_exit,-3.815757887482618,14.37,filled_proxy,14:57,13.12,13.14,957.0,end_of_day_exit,-4.035308935798243,14.37
2026-06-26,sz:stock:002106,002106,莱宝高科,sz,main,电子,14.09,15.62,14.02,15.62,14.2,15.62,564995.0,868397376.0,705816171.875,704902500.0,11024848604.69,11010577050.0,8.015222,11.267606,-0.774648,10.0,11.016347,1,2026-06-30,2026-10-02,mootdx,2026-10-02T10:02:03.930854+08:00,2026-06-29,2026-06-30,xdxr_capital_history,current_mootdx_f10,4.929577464788748,ok,ok,early,train,filled_proxy,09:31,09:32,1,15.780000000000001,15.8,500,59320.0,0.008428860418071477,17.03,0.011187111476052003,10.58430747624406,filled_proxy,09:32,16.38,16.4,40589.0,early_exit,3.488189049091095,16.64,filled_proxy,09:35,16.64,16.830000000000002,39851.0,precommitted_target,5.1318626923272825,16.64
2026-01-07,sz:stock:002112,002112,三变科技,sz,main,电力设备,15.57,15.58,14.79,15.58,14.16,15.58,435216.0,670371072.0,294131289.0625,262079550.7813,4582565483.59,4083199401.17,16.606256,5.579096,9.957627,10.028249,15.492958,1,2026-06-30,2026-10-02,mootdx,2026-10-02T10:02:03.930854+08:00,2026-01-08,2026-01-09,xdxr_capital_history,current_mootdx_f10,4.043645699614906,ok,ok,early,train,filled_proxy,09:31,09:32,1,16.21,16.23,500,66920.0,0.007471607890017931,16.98,-5.03712145783174,-1.8735579711540162,filled_proxy,09:32,15.54,15.56,19865.0,early_exit,-4.421678101086468,17.09,filled_proxy,14:56,15.66,15.68,3362.0,end_of_day_exit,-3.6831460729921384,17.09
2026-04-27,sz:stock:002115,002115,三维通信,sz,main,通信,12.89,13.33,12.89,13.33,12.12,13.33,646114.0,856699904.0,810991328.125,752195546.875,10810514403.91,10026766639.84,8.589708,3.630363,6.353135,9.983498,3.173375,1,2026-06-30,2026-10-02,mootdx,2026-10-02T10:02:03.930854+08:00,2026-04-28,2026-04-29,xdxr_capital_history,current_mootdx_f10,3.450862715678915,ok,ok,early,train,filled_proxy,09:31,09:32,1,13.57,13.59,600,75254.0,0.007972998113057114,14.53,0.6339716026419362,12.281545868703269,filled_proxy,09:32,13.85,13.870000000000001,33629.0,early_exit,1.7364743728250476,14.31,filled_proxy,09:37,14.31,14.34,30625.0,precommitted_target,5.117482868053291,14.31
2026-04-07,sz:stock:002119,002119,康强电子,sz,main,电子,19.36,21.11,19.36,21.11,19.19,21.11,288547.0,595858432.0,375283984.375,375283984.375,7922244910.16,7922244910.16,7.688764,9.119333,0.885878,10.005211,1.247002,1,2022-12-31,2026-10-02,mootdx,2026-10-02T10:02:03.930854+08:00,2026-04-08,2026-04-09,xdxr_capital_history,current_mootdx_f10,4.973945997157747,ok,ok,early,train,filled_proxy,09:31,09:32,1,21.6,21.63,400,20911.0,0.01912868825020324,23.01,-0.9525648127633568,0.9321425328668198,filled_proxy,09:32,21.59,21.62,12827.0,early_exit,-0.3522071765086343,22.78,filled_proxy,14:56,21.64,21.67,4056.0,end_of_day_exit,-0.12130039333371201,22.78
2026-05-22,sz:stock:002121,002121,科陆电子,sz,main,电力设备,6.96,7.62,6.9,7.62,6.93,7.62,860974.0,638150400.0,1660816718.75,1399921093.75,12655423396.88,10667398734.38,6.150161,10.38961,0.4329,9.95671,11.403509,1,2026-06-30,2026-10-02,mootdx,2026-10-02T10:02:03.930854+08:00,2026-05-25,2026-05-26,xdxr_capital_history,current_mootdx_f10,3.8057742782152237,ok,ok,early,train,filled_proxy,09:31,09:32,1,7.84,7.85,1200,38605.0,0.03108405646936925,8.31,-0.5398358777146228,6.734045595003191,filled_proxy,09:32,7.73,7.74,13918.0,early_exit,-1.685128621844434,8.27,filled_proxy,14:45,8.27,8.370000000000001,26289.0,precommitted_target,5.186627842934444,8.27
2026-02-03,sz:stock:002126,002126,银轮股份,sz,main,汽车,36.1,39.28,35.58,39.28,35.71,39.28,370215.0,1400710400.0,845709453.125,793078437.5,33219467318.75,31152121025.0,4.668075,10.361243,1.092131,9.9972,-0.858152,1,2026-03-31,2026-10-02,mootdx,2026-10-02T10:02:03.930854+08:00,2026-02-04,2026-02-05,xdxr_capital_history,current_mootdx_f10,4.913441955193476,ok,ok,early,train,no_pre10_fill_proxy,,,,,,,,,,,,,,,,,,,,,,,,,,,
2026-09-16,sz:stock:002137,002137,实益达,sz,main,电子,7.44,8.2,7.37,8.2,7.45,8.2,644652.0,521304640.0,577504843.75,396458945.3125,4735539718.75,3250963351.56,16.260246,11.14094,-0.134228,10.067114,7.049608,1,2026-06-30,2026-10-02,mootdx,2026-10-02T10:02:03.930854+08:00,2026-09-17,2026-09-18,xdxr_capital_history,current_mootdx_f10,3.4146341463414887,ok,ok,early,holdout,filled_proxy,09:31,09:32,1,8.78,8.79,1100,115831.0,0.00949659417599779,8.94,-3.2238297796049697,-0.02816963358259761,filled_proxy,09:32,8.45,8.46,45775.0,early_exit,-4.019363796538588,9.26,filled_proxy,14:56,8.67,8.68,7600.0,end_of_day_exit,-1.5191140290329086,9.26
2026-07-21,sz:stock:002138,002138,顺络电子,sz,main,电子,38.95,41.89,36.71,41.89,38.08,41.89,428423.0,1667426048.0,806318359.375,766344765.625,33776676074.22,32102182232.03,5.590473,13.602941,2.284664,10.005252,-17.131553,1,2026-06-30,2026-10-02,mootdx,2026-10-02T10:02:03.930854+08:00,2026-07-22,2026-07-23,xdxr_capital_history,current_mootdx_f10,4.965385533540223,ok,ok,early,validation,filled_proxy,09:31,09:32,1,45.1,45.15,200,24860.0,0.008045052292839904,45.66,-3.3043472736514867,1.5498621960646108,filled_proxy,09:32,43.42,43.47,10609.0,early_exit,-3.9902107010485577,47.53,filled_proxy,14:56,43.35,43.4,1733.0,end_of_day_exit,-4.145083087880153,47.53
2026-07-03,sz:stock:002141,002141,贤丰控股,sz,main,农林牧渔,4.62,5.14,4.55,5.14,4.67,5.14,1836772.0,905174464.0,1032935781.25,1032935781.25,5309289915.63,5309289915.63,17.782054,12.633833,-1.070664,10.06424,-10.763889,1,2025-12-31,2026-10-02,mootdx,2026-10-02T10:02:03.930854+08:00,2026-07-06,2026-07-07,xdxr_capital_history,current_mootdx_f10,3.3073929961089377,ok,ok,early,validation,no_pre10_fill_proxy,,,,,,,,,,,,,,,,,,,,,,,,,,,
2026-01-07,sz:stock:002146,002146,荣盛发展,sz,main,房地产,1.73,1.88,1.72,1.88,1.71,1.88,3393643.0,623718400.0,4348163750.0,3911521250.0,8174547850.0,7353659950.0,8.676018,9.356725,1.169591,9.94152,8.67052,1,2026-06-30,2026-10-02,mootdx,2026-10-02T10:02:03.930854+08:00,2026-01-08,2026-01-09,xdxr_capital_history,current_mootdx_f10,4.78723404255319,ok,ok,early,train,observed_breach_before_fill,,,,,,,,,,,,,,,,,,,,,,,,,,,
2026-04-14,sz:stock:002149,002149,西部材料,sz,main,有色金属,46.24,50.0,44.61,50.0,45.45,50.0,708169.0,3377354752.0,488214257.8125,488139257.8125,24410712890.63,24406962890.63,14.50752,11.859186,1.738174,10.011001,10.180696,1,2026-06-30,2026-10-02,mootdx,2026-10-02T10:02:03.930854+08:00,2026-04-15,2026-04-16,xdxr_capital_history,current_mootdx_f10,4.0000000000000036,ok,ok,early,train,filled_proxy,09:31,09:32,1,53.120000000000005,53.18,100,55684.0,0.0017958479994253287,54.5,-0.6153453458452862,2.0988540730678906,filled_proxy,09:32,52.61,52.67,16919.0,early_exit,-1.3100806556285427,56.03,filled_proxy,14:56,53.59,53.65,7029.0,end_of_day_exit,0.5300290837973565,56.03
2026-04-20,sz:stock:002149,002149,西部材料,sz,main,有色金属,54.81,60.28,54.32,60.28,54.8,60.28,826012.0,4819209728.0,488214257.8125,488139257.8125,29429555460.94,29425034460.94,16.921647,10.875912,0.018248,10.0,32.629263,1,2026-06-30,2026-10-02,mootdx,2026-10-02T10:02:03.930854+08:00,2026-04-21,2026-04-22,xdxr_capital_history,current_mootdx_f10,4.163901791639013,ok,ok,early,train,filled_proxy,09:31,09:32,1,62.01,62.08,100,50114.0,0.0019954503731492196,65.71,-5.248113181576319,5.247729997573125,filled_proxy,09:32,59.75,59.81,18281.0,early_exit,-3.961160001800579,65.39,filled_proxy,10:02,65.39,65.51,18067.0,precommitted_target,5.111859915618289,65.39
2026-04-30,sz:stock:002149,002149,西部材料,sz,main,有色金属,57.46,63.51,57.46,63.51,57.74,63.51,764253.0,4684239872.0,488214257.8125,488139257.8125,31006487513.67,31001724263.67,15.656454,10.478005,-0.484932,9.993072,-1.274677,1,2026-06-30,2026-10-02,mootdx,2026-10-02T10:02:03.930854+08:00,2026-05-06,2026-05-07,xdxr_capital_history,current_mootdx_f10,3.0074004093843643,ok,ok,early,train,filled_proxy,09:31,09:32,1,67.62,67.69,100,35612.0,0.0028080422329551835,69.23,4.566169163863187,9.885810789705873,filled_proxy,09:32,71.13,71.21000000000001,53115.0,early_exit,4.87601682055232,71.29,filled_proxy,09:33,71.29,72.27,32210.0,precommitted_target,5.112091225648796,71.29
2026-03-11,sz:stock:002150,002150,正泰电源,sz,main,机械设备,26.85,29.68,26.76,29.68,26.98,29.68,155032.0,442810976.0,360868789.0625,358544960.9375,10710585659.38,10641614440.63,4.323921,10.822832,-0.481838,10.007413,10.375604,1,2026-06-30,2026-10-02,mootdx,2026-10-02T10:02:03.930854+08:00,2026-03-12,2026-03-13,xdxr_capital_history,current_mootdx_f10,4.986522911051217,ok,ok,early,train,filled_proxy,09:31,09:32,1,32.25,32.29,300,52417.0,0.005723334032851937,32.35,1.9176474656923181,8.058757072039047,filled_proxy,09:32,34.26,34.300000000000004,34840.0,early_exit,5.93949232783515,33.99,filled_proxy,09:32,33.99,34.300000000000004,34840.0,precommitted_target,5.104186087236262,33.99
2026-01-21,sz:stock:002156,002156,通富微电,sz,main,电子,51.0,56.11,50.0,56.11,51.01,56.11,1424126.0,7706564096.0,1517596875.0,1517452187.5,85152360656.25,85144242240.63,9.384981,11.978044,-0.019604,9.99804,37.121212,1,2026-09-16,2026-10-02,mootdx,2026-10-02T10:02:03.930854+08:00,2026-01-22,2026-01-23,xdxr_capital_history,current_mootdx_f10,3.279272856888271,ok,ok,early,train,filled_proxy,09:31,09:32,1,57.44,57.5,100,139182.0,0.0007184837119742495,61.16,-5.296925009002951,-0.6031723516229048,filled_proxy,09:32,55.02,55.08,36207.0,early_exit,-4.532770002732378,60.57,filled_proxy,14:56,56.23,56.29,19853.0,end_of_day_exit,-2.4313437354883005,60.57
2026-06-18,sz:stock:002158,002158,汉钟精机,sz,main,机械设备,31.22,34.35,30.93,34.35,31.23,34.35,211468.0,700657088.0,534724140.625,533566835.9375,18367774230.47,18328020814.45,3.96329,10.951009,-0.03202,9.990394,27.081021,1,2026-06-30,2026-10-02,mootdx,2026-10-02T10:02:03.930854+08:00,2026-06-22,2026-06-23,xdxr_capital_history,current_mootdx_f10,3.3770014556040673,ok,ok,early,train,filled_proxy,09:31,09:32,1,36.0,36.04,200,9142.0,0.02187705097352877,37.44,-2.6293706467439226,-2.062356615185812,filled_proxy,09:32,34.26,34.300000000000004,3461.0,early_exit,-5.123567266500961,37.95,filled_proxy,14:56,32.59,32.63,467.0,end_of_day_exit,-9.751687660939034,37.95
2026-01-06,sz:stock:002160,002160,常铝股份,sz,main,有色金属,5.31,5.79,5.29,5.79,5.26,5.79,1006390.0,561753856.0,1032781171.875,793530312.5,5979802985.16,4594540509.38,12.682439,9.505703,0.95057,10.076046,6.629834,1,2026-01-19,2026-10-02,mootdx,2026-10-02T10:02:03.930854+08:00,2026-01-07,2026-01-08,xdxr_capital_history,current_mootdx_f10,3.4542314335060498,ok,ok,early,train,filled_proxy,09:31,09:32,1,5.95,5.96,1500,84940.0,0.01765952437014363,6.31,-3.180640095111864,-1.7705855399276604,filled_proxy,09:32,5.73,5.74,29140.0,early_exit,-4.018661345072749,6.28,filled_proxy,14:56,5.71,5.72,6795.0,end_of_day_exit,-4.353869845057123,6.28
2026-01-09,sz:stock:002162,002162,悦心健康,sz,main,轻工制造,4.82,5.2,4.79,5.2,4.73,5.2,523473.0,265856320.0,919700937.5,918494140.625,4782444875.0,4776169531.25,5.699252,8.668076,1.902748,9.936575,11.587983,1,2026-06-30,2026-10-02,mootdx,2026-10-02T10:02:03.930854+08:00,2026-01-12,2026-01-13,xdxr_capital_history,current_mootdx_f10,4.807692307692313,ok,ok,early,train,filled_proxy,09:31,09:32,1,5.34,5.35,1700,29250.0,0.058119658119658114,5.67,0.7717203090151559,7.759008180682003,filled_proxy,09:32,5.4,5.41,11727.0,early_exit,0.7717203090151559,5.64,filled_proxy,10:29,5.64,5.66,13490.0,precommitted_target,5.252905411895914,5.64
2026-07-21,sz:stock:002167,002167,东方锆业,sz,main,有色金属,16.56,16.85,15.22,16.85,15.32,16.85,1487140.0,2398138880.0,774673281.25,762196718.75,13053244789.06,12843014710.94,19.511236,10.639687,8.093995,9.986945,-6.803097,1,2026-06-30,2026-10-02,mootdx,2026-10-02T10:02:03.930854+08:00,2026-07-22,2026-07-23,xdxr_capital_history,current_mootdx_f10,3.086053412462908,ok,ok,early,validation,filled_proxy,09:31,09:32,1,17.8,17.82,500,141089.0,0.0035438623847358756,18.37,-4.872850906223691,-0.6560318477355387,filled_proxy,09:32,16.56,16.580000000000002,38442.0,early_exit,-7.2272065121592455,18.76,filled_proxy,14:56,17.09,17.11,9963.0,end_of_day_exit,-4.256233961811995,18.76
2026-08-24,sz:stock:002172,002172,澳洋健康,sz,main,医药生物,4.06,4.44,3.88,4.44,4.04,4.44,1235078.0,519433216.0,765732343.75,765140703.125,3399851606.25,3397224721.88,16.141842,13.861386,0.49505,9.90099,-11.022044,1,2025-12-31,2026-10-02,mootdx,2026-10-02T10:02:03.930854+08:00,2026-08-25,2026-08-26,xdxr_capital_history,current_mootdx_f10,3.603603603603589,ok,ok,early,validation,filled_proxy,09:31,09:32,1,4.66,4.67,2000,102625.0,0.0194884287454324,4.84,4.760879115451111,8.502538686237205,filled_proxy,09:32,4.79,4.8,130464.0,early_exit,2.4079031676665696,4.92,filled_proxy,09:38,4.92,5.08,209847.0,precommitted_target,5.188692924139193,4.92
2026-07-16,sz:stock:002173,002173,创新医疗,sz,main,医药生物,16.11,17.44,15.5,17.44,15.85,17.44,489987.0,828419456.0,441284335.9375,420865039.0625,7695998818.75,7339886281.25,11.642378,12.239748,1.640379,10.031546,3.562945,1,2026-03-23,2026-10-02,mootdx,2026-10-02T10:02:03.930854+08:00,2026-07-17,2026-07-20,xdxr_capital_history,current_mootdx_f10,3.2683486238532122,ok,ok,early,validation,filled_proxy,09:31,09:32,1,18.27,18.29,500,47545.0,0.01051635292880429,19.01,-5.022118658715701,5.958889674813039,filled_proxy,09:32,17.73,17.75,28620.0,early_exit,-3.219777655883438,19.26,filled_proxy,13:23,19.26,19.39,7788.0,precommitted_target,5.1365306299753,19.26
2026-03-27,sz:stock:002176,002176,江特电机,sz,main,电力设备,9.24,10.29,9.22,10.29,9.35,10.29,947326.0,937669824.0,1706325625.0,1703427031.25,17558090681.25,17528264151.56,5.561295,11.44385,-1.176471,10.053476,12.091503,1,2026-06-30,2026-10-02,mootdx,2026-10-02T10:02:03.930854+08:00,2026-03-30,2026-03-31,xdxr_capital_history,current_mootdx_f10,4.956268221574356,ok,ok,early,train,filled_proxy,09:31,09:32,1,10.96,10.98,800,186969.0,0.004278784183474266,11.22,-3.8957444302889166,-3.71925188541522,filled_proxy,09:32,10.41,10.43,54097.0,early_exit,-5.351353047803875,11.56,filled_proxy,14:56,10.24,10.26,6531.0,end_of_day_exit,-6.8979372039135285,11.56
2026-09-21,sz:stock:002178,002178,延华智能,sz,main,计算机,4.6,5.08,4.6,5.08,4.62,5.08,470160.0,237639728.0,712152968.75,711830937.5,3617737081.25,3616101162.5,6.604939,10.38961,-0.4329,9.95671,7.172996,1,2026-06-30,2026-10-02,mootdx,2026-10-02T10:02:03.930854+08:00,2026-09-22,2026-09-23,xdxr_capital_history,current_mootdx_f10,3.34645669291338,ok,ok,early,holdout,filled_proxy,09:31,09:32,1,5.29,5.3,1800,97470.0,0.018467220683287162,5.54,-2.0415615751729455,1.6263049314310773,filled_proxy,09:32,5.32,5.33,66167.0,early_exit,0.22022660978326947,5.58,filled_proxy,14:56,5.1,5.11,7857.0,end_of_day_exit,-3.9263850626364616,5.58
2026-04-07,sz:stock:002181,002181,粤 传 媒,sz,main,传媒,11.08,11.81,10.74,11.81,10.74,11.81,874922.0,1011889920.0,1161058203.125,1134537109.375,13712097378.91,13398883261.72,7.711709,9.962756,3.165736,9.962756,-1.991701,1,2026-01-30,2026-10-02,mootdx,2026-10-02T10:02:03.930854+08:00,2026-04-08,2026-04-09,xdxr_capital_history,current_mootdx_f10,4.995766299745985,ok,ok,early,train,no_pre10_fill_proxy,,,,,,,,,,,,,,,,,,,,,,,,,,,
2026-05-07,sz:stock:002183,002183,怡 亚 通,sz,main,商贸零售,5.98,6.5,5.93,6.5,5.91,6.5,1428120.0,918241856.0,2597009062.5,2596994062.5,16880558906.25,16880461406.25,5.499127,9.64467,1.184433,9.98308,13.636364,1,2023-12-31,2026-10-02,mootdx,2026-10-02T10:02:03.930854+08:00,2026-05-08,2026-05-11,xdxr_capital_history,current_mootdx_f10,4.461538461538472,ok,ok,early,train,filled_proxy,09:31,09:32,1,6.59,6.6,1400,208593.0,0.006711634618611363,7.09,7.407586321149151,12.592233467563819,filled_proxy,09:32,7.12,7.13,135147.0,early_exit,7.710295248103738,6.95,filled_proxy,09:32,6.95,7.13,135147.0,precommitted_target,5.137269368989772,6.95
2026-01-27,sz:stock:002185,002185,华天科技,sz,main,电子,13.27,14.66,13.06,14.66,13.33,14.66,4532292.0,6316171776.0,3264057187.5,3263285312.5,47851078368.75,47839762681.25,13.88874,12.003001,-0.450113,9.977494,13.731575,1,2026-02-09,2026-10-02,mootdx,2026-10-02T10:02:03.930854+08:00,2026-01-28,2026-01-29,xdxr_capital_history,current_mootdx_f10,3.00136425648021,ok,ok,early,train,filled_proxy,09:31,09:32,1,15.36,15.38,600,370398.0,0.0016198791570148868,15.98,-2.9531490830068896,3.7627330634672163,filled_proxy,09:32,15.32,15.34,205584.0,early_exit,-0.5499804232434347,16.19,filled_proxy,14:56,14.79,14.81,27962.0,end_of_day_exit,-3.992357152093795,16.19
2026-07-07,sz:stock:002185,002185,华天科技,sz,main,电子,19.84,21.93,19.46,21.93,19.94,21.93,5626384.0,11999102976.0,3326757812.5,3326026562.5,72955798828.13,72939762515.63,16.916233,12.387161,-0.501505,9.97994,-1.703272,1,2026-06-30,2026-10-02,mootdx,2026-10-02T10:02:03.930854+08:00,2026-07-08,2026-07-09,xdxr_capital_history,current_mootdx_f10,4.7423620611035,ok,ok,early,validation,filled_proxy,09:31,09:32,1,23.14,23.17,400,353302.0,0.0011321758721999876,23.9,-6.411275941221362,2.15224033455903,filled_proxy,09:32,21.79,21.82,108683.0,early_exit,-6.109481049638332,24.39,filled_proxy,14:56,23.7,23.73,1092.0,end_of_day_exit,2.1252081349843577,24.39
2026-09-18,sz:stock:002185,002185,华天科技,sz,main,电子,16.77,18.03,16.61,18.03,16.39,18.03,3631087.0,6386880000.0,3326757812.5,3326026562.5,59981443359.38,59968258921.88,10.917192,8.663819,2.318487,10.006101,11.296296,1,2026-06-30,2026-10-02,mootdx,2026-10-02T10:02:03.930854+08:00,2026-09-21,2026-09-22,xdxr_capital_history,current_mootdx_f10,3.605102606766497,ok,ok,early,holdout,filled_proxy,09:31,09:32,1,18.54,18.56,500,267229.0,0.0018710544140044681,19.65,1.6164647272022936,1.8374052465043533,filled_proxy,09:32,18.62,18.64,134953.0,early_exit,0.16326277320566351,19.54,filled_proxy,14:56,18.26,18.28,18642.0,end_of_day_exit,-1.774339832123173,19.54
2026-04-24,sz:stock:002192,002192,融捷股份,sz,main,有色金属,78.97,86.28,78.0,86.28,78.44,86.28,296814.0,2477165824.0,259655195.3125,259117636.7188,22403050251.56,22356669696.09,11.454797,10.555839,0.675676,9.994901,2.046127,1,2026-03-31,2026-10-02,mootdx,2026-10-02T10:02:03.930854+08:00,2026-04-27,2026-04-28,xdxr_capital_history,current_mootdx_f10,3.187297171998149,ok,ok,early,train,filled_proxy,09:31,09:32,1,92.61,92.71,100,20095.0,0.004976362279173924,94.05,-2.1854572430206054,0.05249012868044911,filled_proxy,09:32,89.81,89.9,8242.0,early_exit,-3.284497358155447,97.6,filled_proxy,14:56,89.98,90.08,2388.0,end_of_day_exit,-3.1013240056329883,97.6
2026-04-29,sz:stock:002192,002192,融捷股份,sz,main,有色金属,90.44,99.29,88.88,99.29,90.26,99.29,399812.0,3756606720.0,259655195.3125,259117636.7188,25781164342.58,25727790149.8,15.429749,11.533348,0.199424,10.004432,21.753525,1,2026-03-31,2026-10-02,mootdx,2026-10-02T10:02:03.930854+08:00,2026-04-30,2026-05-06,xdxr_capital_history,current_mootdx_f10,4.5926075133447375,ok,ok,early,train,below_one_lot,,,,,,,,,,,,,,,,,,,,,,,,,,,
2026-08-06,sz:stock:002194,002194,武汉凡谷,sz,main,通信,9.32,10.09,9.29,10.09,9.17,10.09,405276.0,400226912.0,683285781.25,514647148.4375,6894353532.81,5192789727.73,7.874832,8.7241,1.635769,10.032715,16.378316,1,2026-06-30,2026-10-02,mootdx,2026-10-02T10:02:03.930854+08:00,2026-08-07,2026-08-10,xdxr_capital_history,current_mootdx_f10,3.964321110009905,ok,ok,early,validation,no_pre10_fill_proxy,,,,,,,,,,,,,,,,,,,,,,,,,,,
2026-01-16,sz:stock:002196,002196,方正电机,sz,main,电力设备,14.51,15.73,14.33,15.73,14.3,15.73,749350.0,1135098752.0,495871914.0625,488410390.625,7800065208.2,7682695444.53,15.34263,9.79021,1.468531,10.0,2.076574,1,2026-06-30,2026-10-02,mootdx,2026-10-02T10:02:03.930854+08:00,2026-01-19,2026-01-20,xdxr_capital_history,current_mootdx_f10,3.4965034965035002,ok,ok,early,train,filled_proxy,09:31,09:32,1,16.15,16.17,500,69366.0,0.0072081423175619184,17.15,0.6892403306451245,11.017612265271715,filled_proxy,09:32,16.34,16.36,29508.0,early_exit,0.8745580088980187,17.03,filled_proxy,09:49,17.03,17.39,73032.0,precommitted_target,5.136864608713987,17.03
2026-07-31,sz:stock:002197,002197,证通电子,sz,main,计算机,6.32,6.72,6.3,6.72,6.11,6.72,798588.0,525179424.0,614362929.6875,534000000.0,4128518887.5,3588480000.0,14.954831,6.873977,3.436989,9.983633,-2.608696,1,2024-12-31,2026-10-02,mootdx,2026-10-02T10:02:03.930854+08:00,2026-08-03,2026-08-04,xdxr_capital_history,current_mootdx_f10,4.315476190476186,ok,ok,early,validation,filled_proxy,09:31,09:32,1,6.83,6.84,1300,45586.0,0.028517527311016536,7.32,0.7118775654542997,5.863316845213684,filled_proxy,09:32,7.03,7.04,23995.0,early_exit,2.6104065283411915,7.21,filled_proxy,09:53,7.21,7.25,16347.0,precommitted_target,5.23913893849226,7.21
2026-01-14,sz:stock:002201,002201,九鼎新材,sz,main,建筑材料,11.26,12.52,11.25,12.52,11.38,12.52,722895.0,878891264.0,651636250.0,602023164.0625,8158485850.0,7537330014.06,12.007761,11.15993,-1.054482,10.017575,16.900093,1,2026-06-30,2026-10-02,mootdx,2026-10-02T10:02:03.930854+08:00,2026-01-15,2026-01-16,xdxr_capital_history,current_mootdx_f10,3.833865814696491,ok,ok,early,train,no_pre10_fill_proxy,,,,,,,,,,,,,,,,,,,,,,,,,,,
2026-01-22,sz:stock:002201,002201,九鼎新材,sz,main,建筑材料,12.63,13.86,12.63,13.86,12.6,13.86,860037.0,1159385728.0,651636250.0,602023164.0625,9031678425.0,8344041053.91,14.285779,9.761905,0.238095,10.0,14.735099,1,2026-06-30,2026-10-02,mootdx,2026-10-02T10:02:03.930854+08:00,2026-01-23,2026-01-26,xdxr_capital_history,current_mootdx_f10,3.1024531024530955,ok,ok,early,train,filled_proxy,09:31,09:32,1,13.88,13.9,600,100554.0,0.005966943135031924,15.11,9.960736162325246,16.81435444587649,filled_proxy,09:32,15.48,15.5,105362.0,early_exit,11.182389381512948,14.64,filled_proxy,09:32,14.64,15.5,105362.0,precommitted_target,5.145985239644224,14.64
2026-01-09,sz:stock:002203,002203,海亮股份,sz,main,有色金属,12.81,14.05,12.77,14.05,12.77,14.05,615815.0,843219456.0,2291755312.5,2212141250.0,32199162140.63,31080584562.5,2.783796,10.023493,0.313234,10.023493,10.979463,1,2026-06-30,2026-10-02,mootdx,2026-10-02T10:02:03.930854+08:00,2026-01-12,2026-01-13,xdxr_capital_history,current_mootdx_f10,3.2028469750889688,ok,ok,early,train,filled_proxy,09:31,09:32,1,14.540000000000001,14.56,600,27411.0,0.021889022655138448,15.31,-0.02915930129772093,8.575104666383293,filled_proxy,09:32,15.16,15.18,24118.0,early_exit,3.9500083431267763,15.33,filled_proxy,09:44,15.33,15.59,14342.0,precommitted_target,5.11631610097536,15.33
2026-06-18,sz:stock:002203,002203,海亮股份,sz,main,有色金属,22.95,25.52,22.74,25.52,23.2,25.52,785434.0,1942304640.0,2291755312.5,2212141250.0,58485595575.0,56453844700.0,3.55056,11.982759,-1.077586,10.0,19.755983,1,2026-06-30,2026-10-02,mootdx,2026-10-02T10:02:03.930854+08:00,2026-06-22,2026-06-23,xdxr_capital_history,current_mootdx_f10,4.114420062695934,ok,ok,early,train,filled_proxy,09:31,09:32,1,26.0,26.03,300,56784.0,0.005283178360101437,27.82,0.7410036005923715,1.3685501622623386,filled_proxy,09:32,25.96,25.990000000000002,15894.0,early_exit,-0.44854901110925605,27.41,filled_proxy,14:56,24.36,24.39,4646.0,end_of_day_exit,-6.588175394085416,27.41
2026-01-28,sz:stock:002207,002207,*ST准油,sz,main,石油石化,9.4,10.16,9.29,10.16,9.24,10.16,662436.0,646139776.0,262055371.0938,260811894.5313,2662482570.31,2649848848.44,25.398995,9.415584,1.731602,9.95671,17.456647,1,2026-06-30,2026-10-02,mootdx,2026-10-02T10:02:03.930854+08:00,2026-01-29,2026-01-30,xdxr_capital_history,current_mootdx_f10,4.035433070866135,ok,ok,early,train,filled_proxy,09:31,09:32,1,10.71,10.73,900,41360.0,0.021760154738878143,11.07,6.920128723159724,14.346714149018291,filled_proxy,09:32,11.8,11.82,132389.0,early_exit,9.806228111421177,11.3,filled_proxy,09:32,11.3,11.82,132389.0,precommitted_target,5.151229098096244,11.3
2026-07-21,sz:stock:002213,002213,大为股份,sz,main,电子,23.48,24.99,20.71,24.99,22.72,24.99,167622.0,385448064.0,237566816.4063,206717890.625,5936794741.99,5165880086.72,8.108732,18.838028,3.34507,9.991197,-20.388659,1,2026-08-11,2026-10-02,mootdx,2026-10-02T10:02:03.930854+08:00,2026-07-22,2026-07-23,xdxr_capital_history,current_mootdx_f10,3.961584633853543,ok,ok,early,validation,filled_proxy,09:31,09:32,1,27.18,27.21,300,11914.0,0.02518045996306866,27.24,2.4319861014905353,4.896595148988503,filled_proxy,09:32,27.77,27.8,10365.0,early_exit,1.8813421187613866,28.65,filled_proxy,14:56,27.85,27.88,1675.0,end_of_day_exit,2.1750189095502526,28.65
2026-02-04,sz:stock:002218,002218,拓日新能,sz,main,公用事业,6.38,7.04,6.34,7.04,6.4,7.04,2298432.0,1535802240.0,1413020625.0,1392398281.25,9947665200.0,9802483900.0,16.507001,10.9375,-0.3125,10.0,2.028986,1,2026-03-31,2026-10-02,mootdx,2026-10-02T10:02:03.930854+08:00,2026-02-05,2026-02-06,xdxr_capital_history,current_mootdx_f10,3.9772727272727293,ok,ok,early,train,filled_proxy,09:31,09:32,1,7.38,7.39,1300,289551.0,0.004489709930202279,7.67,-13.133026873710808,1.3646012084645998,filled_proxy,09:32,6.6,6.61,151480.0,early_exit,-10.835013116967307,7.78,filled_proxy,14:56,7.23,7.24,21771.0,end_of_day_exit,-2.3188444890355653,7.78
2026-07-31,sz:stock:002235,002235,安妮股份,sz,main,轻工制造,7.38,8.03,7.35,8.03,7.3,8.03,456347.0,356542944.0,579572265.625,553578320.3125,4653965292.97,4445233912.11,8.243585,9.315068,1.09589,10.0,22.408537,1,2024-01-23,2026-10-02,mootdx,2026-10-02T10:02:03.930854+08:00,2026-08-03,2026-08-04,xdxr_capital_history,current_mootdx_f10,3.3623910336239238,ok,ok,early,validation,filled_proxy,09:31,09:32,1,8.06,8.07,1100,24895.0,0.04418557943362121,8.75,-0.5359010839969591,2.9506547380521164,filled_proxy,09:32,8.08,8.09,6431.0,early_exit,-0.04077475573350808,8.5,filled_proxy,14:56,8.26,8.27,2999.0,end_of_day_exit,2.187293721451966,8.5
2026-06-24,sz:stock:002254,002254,泰和新材,sz,main,基础化工,17.3,18.34,16.83,18.34,16.67,18.34,365403.0,658178816.0,857057187.5,850567812.5,15718428818.75,15599413681.25,4.295989,9.058188,3.779244,10.017996,8.584962,1,2026-06-30,2026-10-02,mootdx,2026-10-02T10:02:03.930854+08:00,2026-06-25,2026-06-26,xdxr_capital_history,current_mootdx_f10,4.41657579062158,ok,ok,early,train,filled_proxy,09:31,09:32,1,19.0,19.02,400,52860.0,0.007567158531971245,19.99,7.64132492420857,12.727343005877323,filled_proxy,09:32,20.89,20.92,119310.0,early_exit,9.636871512782763,20.03,filled_proxy,09:32,20.03,20.92,119310.0,precommitted_target,5.120634496535859,20.03
2026-03-20,sz:stock:002256,002256,兆新股份,sz,main,公用事业,4.08,4.49,4.06,4.49,4.08,4.49,2770646.0,1234156160.0,1993944843.75,1951093593.75,8952812348.44,8760410235.94,14.200477,10.539216,0.0,10.04902,13.383838,1,2026-05-07,2026-10-02,mootdx,2026-10-02T10:02:03.930854+08:00,2026-03-23,2026-03-24,xdxr_capital_history,current_mootdx_f10,4.677060133630295,ok,ok,early,train,filled_proxy,09:31,09:32,1,4.49,4.5,2000,280124.0,0.007139695277805543,4.89,-1.7169023296824348,8.164020321840205,filled_proxy,09:32,4.49,4.5,127989.0,early_exit,-0.3850022598330449,4.74,filled_proxy,13:45,4.74,4.76,46856.0,precommitted_target,5.164581364539389,4.74
2026-05-08,sz:stock:002256,002256,兆新股份,sz,main,公用事业,4.75,5.28,4.7,5.28,4.8,5.28,2492837.0,1295413888.0,1993944843.75,1967565625.0,10528028775.0,10388746500.0,12.669651,12.083333,-1.041667,10.0,17.333333,1,2026-05-12,2026-10-02,mootdx,2026-10-02T10:02:03.930854+08:00,2026-05-11,2026-05-12,xdxr_capital_history,current_mootdx_f10,4.734848484848486,ok,ok,early,train,filled_proxy,09:31,09:32,1,5.57,5.58,1700,168281.0,0.010102150569583019,5.76,-1.947573201264996,-1.6879885183235577,filled_proxy,09:32,5.41,5.42,74766.0,early_exit,-3.2007406361545865,5.88,filled_proxy,14:56,5.26,5.2700000000000005,24702.0,end_of_day_exit,-5.886099425203717,5.88
2026-09-21,sz:stock:002259,002259,升达林业,sz,main,公用事业,4.08,4.52,4.08,4.52,4.11,4.52,491759.0,217607328.0,752328281.25,752328281.25,3400523831.25,3400523831.25,6.536495,10.705596,-0.729927,9.975669,8.133971,1,2019-12-31,2026-10-02,mootdx,2026-10-02T10:02:03.930854+08:00,2026-09-22,2026-09-23,xdxr_capital_history,current_mootdx_f10,3.31858407079646,ok,ok,early,holdout,filled_proxy,09:31,09:32,1,4.86,4.87,2000,70469.0,0.02838127403539145,4.93,0.460791700245089,5.278398169729925,filled_proxy,09:32,5.0,5.01,50783.0,early_exit,2.512059038014325,5.13,filled_proxy,14:56,4.77,4.78,3339.0,end_of_day_exit,-2.205855838854942,5.13
2026-06-09,sz:stock:002263,002263,大东南,sz,main,基础化工,3.72,4.03,3.72,4.03,3.66,4.03,1355996.0,541163328.0,1878360156.25,1878345156.25,7569791429.69,7569730979.69,7.219099,8.469945,1.639344,10.10929,5.221932,1,2022-06-30,2026-10-02,mootdx,2026-10-02T10:02:03.930854+08:00,2026-06-10,2026-06-11,xdxr_capital_history,current_mootdx_f10,3.2258064516129004,ok,ok,early,train,filled_proxy,09:31,09:32,1,4.0600000000000005,4.07,2200,132795.0,0.016566888813584847,4.39,-3.1088141128233437,-2.225001126844428,filled_proxy,09:32,3.94,3.95,50823.0,early_exit,-3.3542495435311848,4.29,filled_proxy,14:56,3.84,3.85,5474.0,end_of_day_exit,-5.808603850609584,4.29
2026-01-21,sz:stock:002279,002279,久其软件,sz,main,计算机,9.53,9.53,9.53,9.53,8.66,9.53,247543.0,235909104.0,862206875.0,789556093.75,8216831518.75,7524469573.44,3.135217,0.0,10.046189,10.046189,-2.85423,1,2026-05-15,2026-10-02,mootdx,2026-10-02T10:02:03.930854+08:00,2026-01-22,2026-01-23,xdxr_capital_history,current_mootdx_f10,3.462749213011551,ok,ok,early,train,filled_proxy,09:31,09:32,1,9.540000000000001,9.55,900,102144.0,0.008811090225563908,10.39,9.350056670073158,14.465255904099417,filled_proxy,09:32,10.04,10.06,97848.0,early_exit,4.956993365862816,10.06,filled_proxy,09:33,10.06,10.290000000000001,48777.0,precommitted_target,5.16618685653949,10.06
2026-06-01,sz:stock:002279,002279,久其软件,sz,main,计算机,6.72,7.32,6.7,7.32,6.65,7.32,695128.0,503439584.0,862206875.0,795499296.875,6311354325.0,5823054853.13,8.73826,9.323308,1.052632,10.075188,3.829787,1,2026-06-30,2026-10-02,mootdx,2026-10-02T10:02:03.930854+08:00,2026-06-02,2026-06-03,xdxr_capital_history,current_mootdx_f10,3.005464480874309,ok,ok,early,train,filled_proxy,09:31,09:32,1,7.38,7.39,1200,36940.0,0.03248511099079589,7.98,-3.6791274354760595,-3.2353596623808656,filled_proxy,09:32,7.06,7.07,9402.0,early_exit,-4.625327378109789,7.78,filled_proxy,14:56,6.96,6.97,2432.0,end_of_day_exit,-5.977041581872255,7.78
2026-04-09,sz:stock:002281,002281,光迅科技,sz,main,通信,96.13,108.09,96.09,108.09,98.26,108.09,891018.0,9380867072.0,806675781.25,779498750.0,87193585195.31,84256019887.5,11.430653,12.212497,-2.167718,10.004071,24.269947,1,2026-06-16,2026-10-02,mootdx,2026-10-02T10:02:03.930854+08:00,2026-04-10,2026-04-13,xdxr_capital_history,current_mootdx_f10,3.358312517346662,ok,ok,early,train,below_one_lot,,,,,,,,,,,,,,,,,,,,,,,,,,,
2026-04-17,sz:stock:002281,002281,光迅科技,sz,main,通信,110.99,116.83,110.11,116.83,106.21,116.83,623611.0,7116610048.0,806675781.25,779498750.0,94243931523.44,91068838962.5,8.000154,6.327088,4.500518,9.999058,8.35652,1,2026-06-16,2026-10-02,mootdx,2026-10-02T10:02:03.930854+08:00,2026-04-20,2026-04-21,xdxr_capital_history,current_mootdx_f10,4.425233244885729,ok,ok,early,train,below_one_lot,,,,,,,,,,,,,,,,,,,,,,,,,,,
2026-01-21,sz:stock:002290,002290,禾盛新材,sz,main,家用电器,58.2,64.02,58.2,64.02,58.2,64.02,113326.0,709775680.0,248112324.2188,247196054.6875,15884150996.48,15825491421.09,4.584458,10.0,0.0,10.0,8.196721,1,2026-06-30,2026-10-02,mootdx,2026-10-02T10:02:03.930854+08:00,2026-01-22,2026-01-23,xdxr_capital_history,current_mootdx_f10,4.795376444860988,ok,ok,early,train,filled_proxy,09:31,09:32,1,66.12,66.19,100,6806.0,0.014692918013517485,69.78,-5.6499702639595695,-4.131512065250076,filled_proxy,09:32,61.84,61.910000000000004,6109.0,early_exit,-6.766539118776526,69.71,filled_proxy,14:56,59.38,59.44,1580.0,end_of_day_exit,-10.478376122627475,69.71
2026-09-02,sz:stock:002297,002297,博云新材,sz,main,国防军工,17.88,20.0,17.85,20.0,18.18,20.0,688689.0,1316296320.0,573104804.6875,573104804.6875,11462096093.75,11462096093.75,12.016807,11.826183,-1.650165,10.011001,14.810563,1,2023-02-07,2026-10-02,mootdx,2026-10-02T10:02:03.930854+08:00,2026-09-03,2026-09-04,xdxr_capital_history,current_mootdx_f10,3.499999999999992,ok,ok,early,holdout,filled_proxy,09:31,09:32,1,20.18,20.21,400,63772.0,0.006272345229881452,21.8,8.572484979640782,12.759452425005069,filled_proxy,09:32,22.54,22.57,81552.0,early_exit,11.340237761797422,21.28,filled_proxy,09:32,21.28,22.57,81552.0,precommitted_target,5.112794001944998,21.28
2026-03-10,sz:stock:002298,002298,中电鑫龙,sz,main,计算机,11.4,12.41,11.23,12.41,11.28,12.41,1092576.0,1293430656.0,740110937.5,660756953.125,9184776734.38,8199993788.28,16.535218,10.460993,1.06383,10.01773,22.025565,1,2026-06-30,2026-10-02,mootdx,2026-10-02T10:02:03.930854+08:00,2026-03-11,2026-03-12,xdxr_capital_history,current_mootdx_f10,3.948428686543104,ok,ok,early,train,filled_proxy,09:31,09:32,1,12.59,12.61,700,107800.0,0.006493506493506494,13.53,0.3101026525406336,6.778091785307749,filled_proxy,09:32,12.6,12.620000000000001,74562.0,early_exit,-0.24440958174436478,13.28,filled_proxy,10:13,13.28,13.46,43609.0,precommitted_target,5.142280694167023,13.28
2026-06-24,sz:stock:002303,002303,美盈森,sz,main,轻工制造,3.65,3.86,3.63,3.86,3.51,3.86,584249.0,221949200.0,1531323750.0,1067307578.125,5910909675.0,4119807251.56,5.474045,6.552707,3.988604,9.97151,6.043956,1,2026-06-30,2026-10-02,mootdx,2026-10-02T10:02:03.930854+08:00,2026-06-25,2026-06-26,xdxr_capital_history,current_mootdx_f10,3.3678756476684057,ok,ok,early,train,filled_proxy,09:31,09:32,1,3.98,3.99,2300,50867.0,0.04521595533449978,4.21,4.846317932193767,13.99546782007386,filled_proxy,09:32,4.5,4.51,88945.0,early_exit,12.607472883055259,4.21,filled_proxy,09:32,4.21,4.51,88945.0,precommitted_target,5.347037606442906,4.21
2026-05-14,sz:stock:002309,002309,中利集团,sz,main,电力设备,5.17,5.17,5.17,5.17,4.7,5.17,1193123.0,616844992.0,3007665312.5,2406132343.75,15549629665.63,12439704217.19,4.958676,0.0,10.0,10.0,10.706638,1,2026-03-06,2026-10-02,mootdx,2026-10-02T10:02:03.930854+08:00,2026-05-15,2026-05-18,xdxr_capital_history,current_mootdx_f10,3.2882011605415817,ok,ok,early,train,observed_breach_before_fill,,,,,,,,,,,,,,,,,,,,,,,,,,,
2026-01-14,sz:stock:002310,002310,东方新能,sz,main,建筑装饰,2.31,2.48,2.31,2.48,2.25,2.48,3222957.0,789008960.0,5999321875.0,4198979062.5,14878318250.0,10413468075.0,7.675573,7.555556,2.666667,10.222222,9.734513,1,2026-04-20,2026-10-02,mootdx,2026-10-02T10:02:03.930854+08:00,2026-01-15,2026-01-16,xdxr_capital_history,current_mootdx_f10,3.629032258064502,ok,ok,early,train,filled_proxy,09:31,09:32,1,2.66,2.67,3700,182569.0,0.02026631027173288,2.7,-9.50683871098783,-7.728514610586967,filled_proxy,09:32,2.41,2.42,47106.0,early_exit,-9.880986428303395,2.82,filled_proxy,14:56,2.33,2.34,6750.0,end_of_day_exit,-12.874168166827893,2.82
2026-05-13,sz:stock:002310,002310,东方新能,sz,main,建筑装饰,3.13,3.44,3.13,3.44,3.13,3.44,1858007.0,630227520.0,5999321875.0,4399009375.0,20637667250.0,15132592250.0,4.223694,9.904153,0.0,9.904153,9.206349,1,2026-05-13,2026-10-02,mootdx,2026-10-02T10:02:03.930854+08:00,2026-05-14,2026-05-15,xdxr_capital_history,current_mootdx_f10,4.651162790697683,ok,ok,early,train,filled_proxy,09:31,09:32,1,3.5300000000000002,3.54,2600,470198.0,0.005529585408700165,3.75,-9.754873076499305,-8.717558476698617,filled_proxy,09:32,3.11,3.12,127764.0,early_exit,-12.294544294727228,3.73,filled_proxy,14:56,3.06,3.0700000000000003,14996.0,end_of_day_exit,-13.705472749298309,3.73
2026-06-30,sz:stock:002310,002310,东方新能,sz,main,建筑装饰,2.19,2.39,2.18,2.39,2.17,2.39,1049335.0,244989088.0,5999321875.0,4399009375.0,14338379281.25,10513632406.25,2.385389,9.677419,0.921659,10.138249,4.824561,1,2026-05-13,2026-10-02,mootdx,2026-10-02T10:02:03.930854+08:00,2026-07-01,2026-07-02,xdxr_capital_history,current_mootdx_f10,4.184100418410042,ok,ok,early,validation,filled_proxy,09:31,09:32,1,2.42,2.43,3800,141447.0,0.02686518625350838,2.61,-3.4488955004859156,-1.49212588993346,filled_proxy,09:32,2.36,2.37,19397.0,early_exit,-3.037809447848838,2.56,filled_proxy,14:56,2.26,2.27,5968.0,end_of_day_exit,-7.148669974219568,2.56
2026-03-24,sz:stock:002316,002316,亚联发展,sz,main,非银金融,4.89,5.2,4.86,5.2,4.73,5.2,578663.0,293841088.0,393120000.0,340735000.0,2044224000.0,1771822000.0,16.982787,7.188161,3.382664,9.936575,-8.611599,1,2025-12-31,2026-10-02,mootdx,2026-10-02T10:02:03.930854+08:00,2026-03-25,2026-03-26,xdxr_capital_history,current_mootdx_f10,3.653846153846141,ok,ok,early,train,filled_proxy,09:31,09:32,1,5.46,5.47,1700,31360.0,0.054209183673469385,5.67,1.1189035848189643,3.2070046756916826,filled_proxy,09:32,5.59,5.6000000000000005,12669.0,early_exit,2.032014084588374,5.76,filled_proxy,14:56,5.47,5.48,3297.0,end_of_day_exit,-0.15945111485821117,5.76
2026-02-09,sz:stock:002323,002323,*ST雅博,sz,main,建筑装饰,1.81,1.96,1.81,1.96,1.78,1.96,1432272.0,275700352.0,2120855156.25,2120490937.5,4156876106.25,4156162237.5,6.754436,8.426966,1.685393,10.11236,16.666667,1,2025-12-31,2026-10-02,mootdx,2026-10-02T10:02:03.930854+08:00,2026-02-10,2026-02-11,xdxr_capital_history,current_mootdx_f10,3.0612244897959107,ok,ok,early,train,filled_proxy,09:31,09:32,1,2.04,2.05,4600,215862.0,0.021309910961632893,2.14,11.049776365245222,15.806729175775146,filled_proxy,09:32,2.37,2.38,27739.0,early_exit,15.435412023385897,2.16,filled_proxy,09:32,2.16,2.38,27739.0,precommitted_target,5.202262154390969,2.16
2026-07-01,sz:stock:002326,002326,永太科技,sz,main,基础化工,25.4,26.02,24.78,26.02,23.65,26.02,583136.0,1493090048.0,925127656.25,808543046.875,24071821615.63,21038290079.69,7.212182,5.243129,7.399577,10.021142,5.429498,1,2026-07-18,2026-10-02,mootdx,2026-10-02T10:02:03.930854+08:00,2026-07-02,2026-07-03,xdxr_capital_history,current_mootdx_f10,3.727901614142959,ok,ok,early,validation,filled_proxy,09:31,09:32,1,27.53,27.56,300,58803.0,0.005101780521401969,28.36,0.6245190819246016,2.3704136167294054,filled_proxy,09:32,27.25,27.28,55741.0,early_exit,-1.296396206208339,29.02,filled_proxy,14:56,25.87,25.900000000000002,6498.0,end_of_day_exit,-6.298024692290383,29.02
2026-01-16,sz:stock:002339,002339,积成电子,sz,main,电力设备,9.82,10.36,9.58,10.36,9.42,10.36,711776.0,716302144.0,504092265.625,478720468.75,5222395871.88,4959544056.25,14.868301,8.280255,4.246285,9.978769,7.357513,1,2026-06-30,2026-10-02,mootdx,2026-10-02T10:02:03.930854+08:00,2026-01-19,2026-01-20,xdxr_capital_history,current_mootdx_f10,3.9575289575289663,ok,ok,early,train,filled_proxy,09:31,09:32,1,10.99,11.01,800,65625.0,0.01219047619047619,11.29,4.098768521555507,12.242585633162072,filled_proxy,09:32,11.85,11.870000000000001,71449.0,early_exit,7.455696732353556,11.6,filled_proxy,09:32,11.6,11.870000000000001,71449.0,precommitted_target,5.187501995327848,11.6
2026-03-04,sz:stock:002339,002339,积成电子,sz,main,电力设备,10.41,11.54,10.4,11.54,10.49,11.54,312295.0,353268736.0,504092265.625,478720468.75,5817224745.31,5524434209.38,6.523536,10.867493,-0.762631,10.009533,-4.942339,1,2026-06-30,2026-10-02,mootdx,2026-10-02T10:02:03.930854+08:00,2026-03-05,2026-03-06,xdxr_capital_history,current_mootdx_f10,3.9861351819757473,ok,ok,early,train,filled_proxy,09:31,09:42,11,12.56,12.58,700,22048.0,0.0317489114658926,12.58,2.851920424456633,5.446076407730294,filled_proxy,09:32,13.22,13.24,73496.0,early_exit,4.916446153416376,13.25,filled_proxy,10:57,13.25,13.3,19000.0,precommitted_target,5.154660660604038,13.25
2026-03-31,sz:stock:002342,002342,巨力索具,sz,main,机械设备,12.96,14.4,12.81,14.4,13.09,14.4,1761553.0,2490062336.0,960000000.0,954690000.0,13824000000.0,13747536000.0,18.451571,12.146677,-0.993125,10.007639,21.212121,1,2023-06-30,2026-10-02,mootdx,2026-10-02T10:02:03.930854+08:00,2026-04-01,2026-04-02,xdxr_capital_history,current_mootdx_f10,4.722222222222228,ok,ok,early,train,filled_proxy,09:31,09:32,1,14.74,14.76,600,143424.0,0.004183400267737617,15.7,-4.2254573742799835,-0.8055911803233506,filled_proxy,09:32,13.96,13.98,43936.0,early_exit,-5.579002135602174,15.54,filled_proxy,14:56,13.79,13.81,7860.0,end_of_day_exit,-6.729515182726042,15.54
2026-07-10,sz:stock:002342,002342,巨力索具,sz,main,机械设备,10.26,11.07,10.1,11.07,10.06,11.07,1715127.0,1848465024.0,960000000.0,954690000.0,10627200000.0,10568418300.0,17.965277,9.642147,1.988072,10.039761,1.00365,1,2023-06-30,2026-10-02,mootdx,2026-10-02T10:02:03.930854+08:00,2026-07-13,2026-07-14,xdxr_capital_history,current_mootdx_f10,3.9747064137307886,ok,ok,early,validation,observed_breach_before_fill,,,,,,,,,,,,,,,,,,,,,,,,,,,
2026-04-29,sz:stock:002348,002348,高乐股份,sz,main,轻工制造,9.96,10.59,9.67,10.59,9.63,10.59,515463.0,529584160.0,947200000.0,903532968.75,10030848000.0,9568414139.06,5.704972,9.553479,3.426791,9.968847,5.794206,1,2026-07-09,2026-10-02,mootdx,2026-10-02T10:02:03.930854+08:00,2026-04-30,2026-05-06,xdxr_capital_history,current_mootdx_f10,3.8715769593956617,ok,ok,early,train,filled_proxy,09:31,09:32,1,11.01,11.03,800,28367.0,0.028201783762822997,11.54,0.5592749631416094,10.682086397632396,filled_proxy,09:32,11.07,11.09,7828.0,early_exit,0.1970214763648226,11.62,filled_proxy,09:44,11.62,11.72,5307.0,precommitted_target,5.1780069195457745,11.62
2026-08-28,sz:stock:002349,002349,精华制药,sz,main,医药生物,7.13,7.89,7.1,7.89,7.17,7.89,422927.0,325503392.0,831128281.25,814180937.5,6557602139.06,6423887596.88,5.194509,11.018131,-0.55788,10.041841,14.017341,1,2026-05-12,2026-10-02,mootdx,2026-10-02T10:02:03.930854+08:00,2026-08-31,2026-09-01,xdxr_capital_history,current_mootdx_f10,3.4220532319391594,ok,ok,early,purged,filled_proxy,09:31,09:32,1,7.96,7.97,1100,57603.0,0.019096227627033315,8.6,-6.432657324319702,4.617270998615086,filled_proxy,09:32,7.61,7.62,15032.0,early_exit,-4.677984254573698,8.4,filled_proxy,14:57,8.35,8.36,2421.0,end_of_day_exit,4.596716256940914,8.4
2026-09-08,sz:stock:002349,002349,精华制药,sz,main,医药生物,7.65,8.42,7.46,8.42,7.65,8.42,831054.0,670654656.0,831128281.25,814180937.5,6998100128.13,6855403493.75,10.20724,12.54902,0.0,10.065359,0.717703,1,2026-05-12,2026-10-02,mootdx,2026-10-02T10:02:03.930854+08:00,2026-09-09,2026-09-10,xdxr_capital_history,current_mootdx_f10,4.631828978622332,ok,ok,early,holdout,filled_proxy,09:31,09:32,1,8.9,8.91,1000,123782.0,0.008078719038309286,9.18,0.7327576793371593,0.7439688965082958,filled_proxy,09:32,8.75,8.76,63946.0,early_exit,-1.9579344417320343,9.38,filled_proxy,14:56,8.51,8.52,15247.0,end_of_day_exit,-4.64862656280125,9.38
2026-09-21,sz:stock:002349,002349,精华制药,sz,main,医药生物,7.98,8.71,7.97,8.71,7.92,8.71,850558.0,724683264.0,831128281.25,814180937.5,7239127329.69,7091515965.63,10.446793,9.343434,0.757576,9.974747,0.926999,1,2026-05-12,2026-10-02,mootdx,2026-10-02T10:02:03.930854+08:00,2026-09-22,2026-09-23,xdxr_capital_history,current_mootdx_f10,3.214695752009167,ok,ok,early,holdout,filled_proxy,09:31,09:32,1,8.93,8.94,1000,55510.0,0.01801477211313277,9.49,-2.0632784284973282,-1.8263977551750465,filled_proxy,09:32,8.66,8.67,16774.0,early_exit,-3.292376261773322,9.42,filled_proxy,14:56,8.56,8.57,5289.0,end_of_day_exit,-4.409737928387836,9.42
2026-01-14,sz:stock:002353,002353,杰瑞股份,sz,main,机械设备,80.0,84.14,77.2,84.14,76.49,84.14,288147.0,2338264832.0,1023855859.375,690496328.125,86147232007.81,58098361048.44,4.173042,9.073081,4.588835,10.001307,13.641275,1,2026-04-23,2026-10-02,mootdx,2026-10-02T10:02:03.930854+08:00,2026-01-15,2026-01-16,xdxr_capital_history,current_mootdx_f10,4.3617779890658515,ok,ok,early,train,filled_proxy,09:31,09:32,1,85.16,85.25,100,8702.0,0.011491611123879567,91.71,-4.3874051551829325,0.7844059196243203,filled_proxy,09:32,83.91,84.0,8079.0,early_exit,-1.739310401381966,89.75,filled_proxy,14:56,83.49,83.58,1490.0,end_of_day_exit,-2.2314342051857006,89.75
2026-04-29,sz:stock:002354,002354,天娱数科,sz,main,传媒,5.9,5.95,5.9,5.95,5.41,5.95,525234.0,312332960.0,1654585781.25,1625693750.0,9844785398.44,9672877812.5,3.23083,0.924214,9.057301,9.981516,4.938272,1,2026-06-30,2026-10-02,mootdx,2026-10-02T10:02:03.930854+08:00,2026-04-30,2026-05-06,xdxr_capital_history,current_mootdx_f10,3.529411764705892,ok,ok,early,train,filled_proxy,09:31,09:32,1,6.19,6.2,1500,106545.0,0.014078558355624384,6.49,0.0016802626260581377,2.79888162697568,filled_proxy,09:32,6.27,6.28,43398.0,early_exit,0.9683992411467557,6.53,filled_proxy,14:56,6.36,6.37,12051.0,end_of_day_exit,2.41847770892778,6.53
2026-06-18,sz:stock:002354,002354,天娱数科,sz,main,传媒,7.15,7.73,6.97,7.73,7.03,7.73,3743586.0,2771301888.0,1654585781.25,1625693750.0,12789948089.06,12566612687.5,23.027621,10.810811,1.70697,9.957326,-3.132832,1,2026-06-30,2026-10-02,mootdx,2026-10-02T10:02:03.930854+08:00,2026-06-22,2026-06-23,xdxr_capital_history,current_mootdx_f10,4.786545924967656,ok,ok,early,train,filled_proxy,09:31,09:32,1,8.42,8.43,1100,263185.0,0.004179569504341053,8.43,0.6697364620972035,2.226331241248536,filled_proxy,09:32,8.25,8.26,177980.0,early_exit,-2.292723151086684,8.88,filled_proxy,14:56,8.08,8.09,34248.0,end_of_day_exit,-4.307195688051724,8.88
2026-06-26,sz:stock:002354,002354,天娱数科,sz,main,传媒,8.23,8.83,7.96,8.83,8.03,8.83,4947019.0,4208854272.0,1654585781.25,1625693750.0,14609992448.44,14354875812.5,30.430202,10.834371,2.49066,9.96264,14.230272,1,2026-06-30,2026-10-02,mootdx,2026-10-02T10:02:03.930854+08:00,2026-06-29,2026-06-30,xdxr_capital_history,current_mootdx_f10,3.850509626274068,ok,ok,early,train,filled_proxy,09:31,09:32,1,9.450000000000001,9.46,1000,390783.0,0.002558964949857082,9.62,-2.480767598455913,0.9028919869432661,filled_proxy,09:32,9.14,9.15,150104.0,early_exit,-3.536742252951186,9.96,filled_proxy,14:56,9.32,9.33,49773.0,end_of_day_exit,-1.63598787485969,9.96
2026-01-06,sz:stock:002355,002355,兴民智通,sz,main,汽车,6.13,6.7,6.13,6.7,6.09,6.7,565163.0,367165088.0,668481015.625,618166640.625,4478822804.69,4141716492.19,9.142567,9.359606,0.656814,10.01642,7.717042,1,2026-09-29,2026-10-02,mootdx,2026-10-02T10:02:03.930854+08:00,2026-01-07,2026-01-08,xdxr_capital_history,current_mootdx_f10,3.432835820895508,ok,ok,early,train,filled_proxy,09:31,09:32,1,7.08,7.09,1300,76457.0,0.017003021306093623,7.3,-6.218846433411873,-5.045904293428882,filled_proxy,09:32,6.57,6.58,19799.0,early_exit,-7.4868919901502125,7.47,filled_proxy,14:56,6.6,6.61,4278.0,end_of_day_exit,-7.064210137904093,7.47
2026-02-24,sz:stock:002358,002358,森源电气,sz,main,电力设备,8.18,8.8,8.09,8.8,8.0,8.8,481715.0,412121376.0,929756953.125,929755703.125,8181861187.5,8181850187.5,5.181092,8.875,2.25,10.0,11.392405,1,2024-12-31,2026-10-02,mootdx,2026-10-02T10:02:03.930854+08:00,2026-02-25,2026-02-26,xdxr_capital_history,current_mootdx_f10,3.750000000000009,ok,ok,early,train,filled_proxy,09:31,09:32,1,8.92,8.93,1000,69246.0,0.014441267365624007,9.59,-1.282500892296623,4.206193644869338,filled_proxy,09:32,8.98,8.99,32899.0,early_exit,0.3954174246473485,9.41,filled_proxy,14:56,9.14,9.15,10280.0,end_of_day_exit,2.1851969627209034,9.41
2026-04-20,sz:stock:002361,002361,神剑股份,sz,main,基础化工,18.85,20.63,18.75,20.63,18.75,20.63,3251362.0,6450269184.0,951035000.0,809018984.375,19619852050.0,16690061647.66,40.188946,10.026667,0.533333,10.026667,23.532934,1,2026-06-30,2026-10-02,mootdx,2026-10-02T10:02:03.930854+08:00,2026-04-21,2026-04-22,xdxr_capital_history,current_mootdx_f10,4.071740184197781,ok,ok,early,train,filled_proxy,09:31,09:32,1,22.28,22.31,400,232543.0,0.0017201119792898518,22.49,0.3733307967252353,7.071828143135472,filled_proxy,09:32,22.87,22.900000000000002,158730.0,early_exit,2.343411230146919,23.49,filled_proxy,09:50,23.49,23.740000000000002,39980.0,precommitted_target,5.119433659059269,23.49
2026-06-05,sz:stock:002361,002361,神剑股份,sz,main,基础化工,15.45,16.81,15.15,16.81,15.28,16.81,1485371.0,2421921792.0,951035000.0,809018984.375,15986898350.0,13599609127.34,18.36015,10.863874,1.112565,10.013089,10.374261,1,2026-06-30,2026-10-02,mootdx,2026-10-02T10:02:03.930854+08:00,2026-06-08,2026-06-09,xdxr_capital_history,current_mootdx_f10,4.164187983343259,ok,ok,early,train,filled_proxy,09:31,09:32,1,18.04,18.06,500,143374.0,0.0034873826495738416,18.32,1.717942985030274,4.655263735991655,filled_proxy,09:32,17.73,17.75,83928.0,early_exit,-1.9879319855829247,19.02,filled_proxy,14:56,17.75,17.77,18978.0,end_of_day_exit,-1.877308852131787,19.02
2026-06-24,sz:stock:002364,002364,中恒电气,sz,main,电力设备,49.5,55.18,48.91,55.18,50.16,55.18,546472.0,2902810624.0,563564960.9375,558103750.0,31097514544.53,30796164925.0,9.791584,12.5,-1.315789,10.007974,5.627871,1,2026-06-30,2026-10-02,mootdx,2026-10-02T10:02:03.930854+08:00,2026-06-25,2026-06-26,xdxr_capital_history,current_mootdx_f10,3.207683943457784,ok,ok,early,train,filled_proxy,09:31,09:32,1,57.26,57.32,100,24584.0,0.004067686300032541,60.15,-1.6199914837176532,-0.8830557230688374,filled_proxy,09:32,55.41,55.47,7701.0,early_exit,-3.5537945435762053,60.38,filled_proxy,14:56,53.95,54.01,1808.0,end_of_day_exit,-6.097355325011811,60.38
2026-07-09,sz:stock:002364,002364,中恒电气,sz,main,电力设备,49.83,54.42,48.58,54.42,49.47,54.42,561637.0,2911533824.0,563564960.9375,558156953.125,30669205174.22,30374901389.06,10.062349,11.805134,0.727714,10.006064,7.020649,1,2026-06-30,2026-10-02,mootdx,2026-10-02T10:02:03.930854+08:00,2026-07-10,2026-07-13,xdxr_capital_history,current_mootdx_f10,4.042631385520012,ok,ok,early,validation,filled_proxy,09:31,09:32,1,57.46,57.52,100,36434.0,0.0027446890267332712,59.32,-2.9687120444125803,-1.314109947437181,filled_proxy,09:32,56.42,56.480000000000004,15566.0,early_exit,-2.1353780046998727,60.59,filled_proxy,14:56,51.72,51.78,2946.0,end_of_day_exit,-10.295107143553428,60.59
2026-07-15,sz:stock:002365,002365,永安药业,sz,main,医药生物,11.22,11.98,11.0,11.98,10.89,11.98,244031.0,284314080.0,294682500.0,245642597.6563,3530296350.0,2942798319.92,9.934393,8.999082,3.030303,10.009183,15.525554,1,2026-06-30,2026-10-02,mootdx,2026-10-02T10:02:03.930854+08:00,2026-07-16,2026-07-17,xdxr_capital_history,current_mootdx_f10,3.923205342237046,ok,ok,early,validation,filled_proxy,09:31,09:32,1,12.91,12.93,700,45049.0,0.015538635707784857,13.06,7.949552063388121,7.995906039150236,filled_proxy,09:32,13.11,13.13,36707.0,early_exit,1.2282255778823803,13.62,filled_proxy,09:38,13.62,13.8,34101.0,precommitted_target,5.168313517661605,13.62
2026-06-11,sz:stock:002378,002378,章源钨业,sz,main,有色金属,30.9,33.63,30.8,33.63,30.57,33.63,1243382.0,4101364224.0,1201417656.25,1195121406.25,40403675779.69,40191932892.19,10.403813,9.257442,1.07949,10.009814,8.378988,1,2026-06-30,2026-10-02,mootdx,2026-10-02T10:02:03.930854+08:00,2026-06-12,2026-06-15,xdxr_capital_history,current_mootdx_f10,4.073743681236985,ok,ok,early,train,filled_proxy,09:31,09:32,1,33.95,33.99,200,66856.0,0.0029915041282756972,36.66,1.8578917684135776,11.119925980219293,filled_proxy,09:32,35.16,35.2,43993.0,early_exit,3.2389166277300596,35.8,filled_proxy,10:26,35.8,35.9,11951.0,precommitted_target,5.11946111701207,35.8
2026-01-06,sz:stock:002383,002383,合众思壮,sz,main,国防军工,12.0,13.42,11.89,13.42,12.2,13.42,482422.0,629277184.0,740360312.5,740360312.5,9935635393.75,9935635393.75,6.516043,12.540984,-1.639344,10.0,13.344595,1,2024-12-31,2026-10-02,mootdx,2026-10-02T10:02:03.930854+08:00,2026-01-07,2026-01-08,xdxr_capital_history,current_mootdx_f10,4.9925484351713845,ok,ok,early,train,filled_proxy,09:31,09:32,1,14.200000000000001,14.22,600,74771.0,0.008024501477845688,14.63,-2.697952185863828,3.4503074815234402,filled_proxy,09:32,13.61,13.63,70420.0,early_exit,-4.454096049727663,14.98,filled_proxy,14:56,14.44,14.46,8070.0,end_of_day_exit,1.3763015783002652,14.98
2026-05-11,sz:stock:002396,002396,星网锐捷,sz,main,通信,29.79,31.81,29.51,31.81,28.92,31.81,649808.0,2019715072.0,585695117.1875,583280273.4375,18630961677.73,18554145498.05,11.140579,7.952974,3.008299,9.993084,19.72149,1,2026-05-25,2026-10-02,mootdx,2026-10-02T10:02:03.930854+08:00,2026-05-12,2026-05-13,xdxr_capital_history,current_mootdx_f10,3.3008487896887706,ok,ok,early,train,filled_proxy,09:31,09:32,1,33.19,33.23,200,27474.0,0.007279609812914028,34.67,-4.50018146413168,-2.7942579782911925,filled_proxy,09:32,31.8,31.84,8081.0,early_exit,-4.50018146413168,35.0,filled_proxy,14:56,31.71,31.75,1802.0,end_of_day_exit,-4.770676731442536,35.0
2026-06-30,sz:stock:002402,002402,和而泰,sz,main,电子,23.68,25.83,23.55,25.83,23.48,25.83,697549.0,1750622464.0,923389453.125,818478593.75,23851149574.22,21141302076.56,8.522508,9.710392,0.851789,10.008518,8.211144,1,2026-06-04,2026-10-02,mootdx,2026-10-02T10:02:03.930854+08:00,2026-07-01,2026-07-02,xdxr_capital_history,current_mootdx_f10,3.0584591560201435,ok,ok,early,validation,filled_proxy,09:31,09:32,1,26.92,26.95,300,38323.0,0.007828197166192626,28.15,-0.6203379290084743,0.8353324336678236,filled_proxy,09:32,26.49,26.52,17744.0,early_exit,-1.8804981411279842,28.38,filled_proxy,14:56,26.03,26.060000000000002,2932.0,end_of_day_exit,-3.5854207810543715,28.38
2026-05-13,sz:stock:002409,002409,雅克科技,sz,main,电子,91.99,103.25,91.35,103.25,93.86,103.25,236591.0,2335890176.0,475927695.3125,318522753.9063,49139534541.02,32887474340.82,7.427758,12.678457,-1.992329,10.004262,14.45516,1,2023-06-30,2026-10-02,mootdx,2026-10-02T10:02:03.930854+08:00,2026-05-14,2026-05-15,xdxr_capital_history,current_mootdx_f10,3.6319612590798966,ok,ok,early,train,below_one_lot,,,,,,,,,,,,,,,,,,,,,,,,,,,
2026-06-29,sz:stock:002409,002409,雅克科技,sz,main,电子,199.13,207.46,191.18,207.46,188.6,207.46,416677.0,8436285952.0,475927695.3125,318522753.9063,98735959669.53,66080730525.39,13.081546,8.632025,5.583245,10.0,25.596319,1,2023-06-30,2026-10-02,mootdx,2026-10-02T10:02:03.930854+08:00,2026-06-30,2026-07-01,xdxr_capital_history,current_mootdx_f10,4.23214113564061,ok,ok,early,purged,below_one_lot,,,,,,,,,,,,,,,,,,,,,,,,,,,
2026-09-24,sz:stock:002413,002413,雷科防务,sz,main,国防军工,8.31,8.97,8.31,8.97,8.15,8.97,2229785.0,1977372544.0,1319340781.25,1295430468.75,11834486807.81,11620011304.69,17.212695,8.09816,1.96319,10.06135,10.332103,1,2026-01-22,2026-10-02,mootdx,2026-10-02T10:02:03.930854+08:00,2026-09-28,2026-09-29,xdxr_capital_history,current_mootdx_f10,3.790412486064665,ok,ok,early,holdout,filled_proxy,09:31,09:32,1,9.46,9.47,1000,220648.0,0.004532105434900837,9.78,-5.8537567967526405,-4.26186731516256,filled_proxy,09:32,8.94,8.950000000000001,56460.0,early_exit,-5.748270779816056,9.97,filled_proxy,14:56,8.79,8.8,10746.0,end_of_day_exit,-7.3305610338649245,9.97
2026-04-10,sz:stock:002418,002418,康盛股份,sz,main,家用电器,5.16,5.69,5.11,5.69,5.17,5.69,1437151.0,804701120.0,1136400000.0,1136397031.25,6466116000.0,6466099107.81,12.646557,11.218569,-0.193424,10.058027,24.780702,1,2026-06-30,2026-10-02,mootdx,2026-10-02T10:02:03.930854+08:00,2026-04-13,2026-04-14,xdxr_capital_history,current_mootdx_f10,3.5149384885764468,ok,ok,early,train,no_pre10_fill_proxy,,,,,,,,,,,,,,,,,,,,,,,,,,,
2026-06-01,sz:stock:002421,002421,达实智能,sz,main,计算机,3.95,4.52,3.9,4.52,4.11,4.52,3696336.0,1605318656.0,2120581562.5,2003377187.5,9585028662.5,9055264887.5,18.450525,15.085158,-3.892944,9.975669,-5.833333,1,2026-06-30,2026-10-02,mootdx,2026-10-02T10:02:03.930854+08:00,2026-06-02,2026-06-03,xdxr_capital_history,current_mootdx_f10,3.9823008849557695,ok,ok,early,train,filled_proxy,09:31,09:32,1,4.63,4.64,2000,256291.0,0.007803629468065597,4.93,4.791980108157889,9.633833729696262,filled_proxy,09:32,5.05,5.0600000000000005,320268.0,early_exit,8.667185318815541,4.89,filled_proxy,09:32,4.89,5.0600000000000005,320268.0,precommitted_target,5.222558464897609,4.89
2026-01-09,sz:stock:002428,002428,云南锗业,sz,main,有色金属,35.42,38.92,35.42,38.92,35.38,38.92,1073982.0,4125660672.0,653120000.0,653035625.0,25419430400.0,25416146525.0,16.445994,9.892595,0.113058,10.005653,22.582677,1,2026-06-30,2026-10-02,mootdx,2026-10-02T10:02:03.930854+08:00,2026-01-12,2026-01-13,xdxr_capital_history,current_mootdx_f10,4.110996916752319,ok,ok,early,train,filled_proxy,09:31,09:32,1,40.08,40.13,200,64391.0,0.00310602413380752,42.42,-0.5996226963369988,-0.4752944020509853,filled_proxy,09:32,38.86,38.9,25192.0,early_exit,-3.33758313106437,42.25,filled_proxy,14:56,37.76,37.800000000000004,5056.0,end_of_day_exit,-6.075543565791741,42.25
2026-04-17,sz:stock:002428,002428,云南锗业,sz,main,有色金属,60.53,62.0,59.07,62.0,56.36,62.0,1005292.0,6170237440.0,653120000.0,653035625.0,40493440000.0,40488208750.0,15.394137,5.198722,7.398864,10.007097,9.17415,1,2026-06-30,2026-10-02,mootdx,2026-10-02T10:02:03.930854+08:00,2026-04-20,2026-04-21,xdxr_capital_history,current_mootdx_f10,3.0000000000000027,ok,ok,early,train,filled_proxy,09:31,09:32,1,65.92,65.99,100,79674.0,0.0012551145919622462,67.58,3.2170069215192942,6.485324724624708,filled_proxy,09:32,67.7,67.77,40817.0,early_exit,2.3846113930185098,69.5,filled_proxy,09:42,69.5,69.59,28828.0,precommitted_target,5.1088149408392125,69.5
2026-06-10,sz:stock:002430,002430,杭氧股份,sz,main,基础化工,24.24,26.94,24.19,26.94,24.49,26.94,306362.0,801104192.0,978358750.0,977937500.0,26356984725.0,26345636250.0,3.132736,11.229073,-1.020825,10.004083,8.541499,1,2026-06-30,2026-10-02,mootdx,2026-10-02T10:02:03.930854+08:00,2026-06-11,2026-06-12,xdxr_capital_history,current_mootdx_f10,4.008908685968815,ok,ok,early,train,filled_proxy,09:31,09:32,1,27.75,27.78,300,21042.0,0.014257199885942403,29.36,-3.408000237109987,-2.2833425159173415,filled_proxy,09:32,26.71,26.740000000000002,17015.0,early_exit,-4.019266343007899,29.25,filled_proxy,14:56,26.0,26.03,2082.0,end_of_day_exit,-6.572201255875676,29.25
2026-03-18,sz:stock:002432,002432,九安医疗,sz,main,医药生物,54.33,59.95,54.02,59.95,54.5,59.95,385248.0,2217902336.0,464938554.6875,427142500.0,27873066353.52,25607192875.0,9.019191,10.880734,-0.311927,10.0,2.443609,1,2026-03-31,2026-10-02,mootdx,2026-10-02T10:02:03.930854+08:00,2026-03-19,2026-03-20,xdxr_capital_history,current_mootdx_f10,3.869891576313589,ok,ok,early,train,filled_proxy,09:31,09:32,1,63.120000000000005,63.19,100,30674.0,0.003260089978483406,65.35,4.641913611239579,6.479208851643348,filled_proxy,09:32,66.28,66.35,27250.0,early_exit,4.6735227198132945,66.55,filled_proxy,09:33,66.55,66.98,19701.0,precommitted_target,5.100245685559002,66.55
2026-07-21,sz:stock:002432,002432,九安医疗,sz,main,医药生物,75.05,79.75,73.27,79.75,72.5,79.75,604422.0,4717447680.0,466040585.9375,437274492.1875,37166736728.52,34872640751.95,13.822485,8.937931,3.517241,10.0,30.952381,1,2026-06-30,2026-10-02,mootdx,2026-10-02T10:02:03.930854+08:00,2026-07-22,2026-07-23,xdxr_capital_history,current_mootdx_f10,4.463949843260195,ok,ok,early,validation,filled_proxy,09:31,09:32,1,82.95,83.04,100,39523.0,0.0025301723047339523,86.93,-4.875612243249405,-3.9373472251397756,filled_proxy,09:32,76.01,76.09,29611.0,early_exit,-8.628624200149993,87.43,unfilled_d3,,,,,limit_down_or_capacity,,87.43
2026-02-06,sz:stock:002440,002440,闰土股份,sz,main,基础化工,12.15,13.21,12.15,13.21,12.01,13.21,864504.0,1113101952.0,1123999921.875,946359453.125,14848038967.97,12501408375.78,9.135049,8.825978,1.165695,9.991674,4.924543,1,2026-06-30,2026-10-02,mootdx,2026-10-02T10:02:03.930854+08:00,2026-02-09,2026-02-10,xdxr_capital_history,current_mootdx_f10,4.012112036336113,ok,ok,early,train,no_pre10_fill_proxy,,,,,,,,,,,,,,,,,,,,,,,,,,,
2026-01-12,sz:stock:002446,002446,盛路通信,sz,main,国防军工,12.43,13.37,12.21,13.37,12.15,13.37,1526032.0,1952188928.0,915415703.125,847777265.625,12239107950.78,11334782041.41,18.000388,9.547325,2.304527,10.041152,24.141133,1,2025-12-31,2026-10-02,mootdx,2026-10-02T10:02:03.930854+08:00,2026-01-13,2026-01-14,xdxr_capital_history,current_mootdx_f10,3.814510097232615,ok,ok,early,train,filled_proxy,09:31,09:32,1,13.61,13.63,600,62317.0,0.00962819134425598,14.57,-9.921024888009866,-2.397186576326771,filled_proxy,09:32,12.49,12.51,47222.0,early_exit,-8.528617197810783,14.35,filled_proxy,14:56,13.32,13.34,15571.0,end_of_day_exit,-2.445994130099005,14.35
2026-06-30,sz:stock:002446,002446,盛路通信,sz,main,国防军工,9.91,10.74,9.84,10.74,9.76,10.74,429057.0,450553024.0,915415703.125,847777265.625,9831564651.56,9105127832.81,5.060964,9.221311,1.536885,10.040984,-6.118881,1,2025-12-31,2026-10-02,mootdx,2026-10-02T10:02:03.930854+08:00,2026-07-01,2026-07-02,xdxr_capital_history,current_mootdx_f10,3.5381750465549144,ok,ok,early,validation,filled_proxy,09:31,09:32,1,11.36,11.38,800,73392.0,0.010900370612600827,11.71,-1.917342567255742,-0.08626095365051878,filled_proxy,09:32,11.05,11.07,15515.0,early_exit,-3.0584768422733832,11.98,filled_proxy,14:56,10.94,10.96,5654.0,end_of_day_exit,-4.024051998057521,11.98
2026-03-27,sz:stock:002455,002455,百川股份,sz,main,基础化工,13.38,14.41,13.13,14.41,13.1,14.41,762091.0,1056400192.0,722205859.375,647177148.4375,10406986433.59,9325822708.98,11.775617,9.770992,2.137405,10.0,19.189413,1,2026-03-31,2026-10-02,mootdx,2026-10-02T10:02:03.930854+08:00,2026-03-30,2026-03-31,xdxr_capital_history,current_mootdx_f10,3.4698126301179633,ok,ok,early,train,filled_proxy,09:31,09:32,1,14.75,14.77,600,85555.0,0.007013032552159429,15.71,0.5115676852229356,3.181116009642393,filled_proxy,09:32,14.57,14.59,29597.0,early_exit,-1.517375609583127,15.55,filled_proxy,14:56,14.5,14.52,7237.0,end_of_day_exit,-1.9907957117045294,15.55
2026-07-06,sz:stock:002457,002457,青龙管业,sz,main,建筑材料,12.85,14.07,12.72,14.07,12.79,14.07,535981.0,721692096.0,333486796.875,333486796.875,4692159232.03,4692159232.03,16.072031,10.555121,0.469116,10.007819,13.012048,1,2026-06-30,2026-10-02,mootdx,2026-10-02T10:02:03.930854+08:00,2026-07-07,2026-07-08,xdxr_capital_history,current_mootdx_f10,4.832977967306329,ok,ok,early,validation,filled_proxy,09:31,09:32,1,14.82,14.84,600,43134.0,0.013910140492418973,15.34,0.30697302358535516,9.553705704124372,filled_proxy,09:32,14.32,14.34,27873.0,early_exit,-3.664470727974678,15.63,filled_proxy,13:29,15.63,15.69,8954.0,precommitted_target,5.153480652607767,15.63
2026-07-01,sz:stock:002468,002468,申通快递,sz,main,交通运输,15.99,16.02,15.55,16.02,14.56,16.02,449311.0,715797056.0,1530802187.5,1464106250.0,24523451043.75,23454982125.0,3.068841,3.228022,9.821429,10.027473,16.255443,1,2026-08-05,2026-10-02,mootdx,2026-10-02T10:02:03.930854+08:00,2026-07-02,2026-07-03,xdxr_capital_history,current_mootdx_f10,3.3707865168539186,ok,ok,early,validation,filled_proxy,09:31,09:32,1,16.64,16.66,500,24153.0,0.020701362149629445,17.46,-0.11198628332845795,1.704764995569974,filled_proxy,09:32,16.85,16.87,11060.0,early_exit,0.9672362842492621,17.54,filled_proxy,14:56,16.33,16.35,2686.0,end_of_day_exit,-2.1505177998641045,17.54
2026-03-27,sz:stock:002470,002470,金正大,sz,main,基础化工,2.76,3.09,2.73,3.09,2.81,3.09,2774404.0,844169536.0,3286027812.5,3285735937.5,10153825940.63,10152924046.88,8.443783,12.811388,-1.779359,9.964413,2.317881,1,2026-06-30,2026-10-02,mootdx,2026-10-02T10:02:03.930854+08:00,2026-03-30,2026-03-31,xdxr_capital_history,current_mootdx_f10,3.2362459546925626,ok,ok,early,train,filled_proxy,09:31,09:32,1,3.23,3.24,2900,391667.0,0.00740424901766041,3.37,-3.241516586225046,0.04977183261765106,filled_proxy,09:32,3.11,3.12,100813.0,early_exit,-4.166468835080117,3.42,filled_proxy,14:56,2.99,3.0,32884.0,end_of_day_exit,-7.86627783050049,3.42
2026-09-01,sz:stock:002470,002470,金正大,sz,main,基础化工,2.11,2.32,2.1,2.32,2.11,2.32,1744434.0,392714912.0,3286027812.5,3285745625.0,7623584525.0,7622929850.0,5.309096,10.42654,0.0,9.952607,17.766497,1,2026-06-30,2026-10-02,mootdx,2026-10-02T10:02:03.930854+08:00,2026-09-02,2026-09-03,xdxr_capital_history,current_mootdx_f10,4.74137931034484,ok,ok,early,holdout,observed_breach_before_fill,,,,,,,,,,,,,,,,,,,,,,,,,,,
2026-09-07,sz:stock:002484,002484,江海股份,sz,main,电子,59.2,61.95,57.95,61.95,56.32,61.95,606435.0,3662851584.0,850523906.25,820470000.0,52689955992.19,50828116500.0,7.391312,7.102273,5.113636,9.996449,-2.287066,1,2026-06-30,2026-10-02,mootdx,2026-10-02T10:02:03.930854+08:00,2026-09-08,2026-09-09,xdxr_capital_history,current_mootdx_f10,3.5028248587570587,ok,ok,early,holdout,filled_proxy,09:31,09:32,1,62.81,62.88,100,18108.0,0.00552242102937928,67.53,-4.88029161405743,-2.32578079515392,filled_proxy,09:32,60.31,60.38,8730.0,early_exit,-4.292642472372698,66.23,filled_proxy,14:56,58.88,58.94,1581.0,end_of_day_exit,-6.563826992937982,66.23
2026-09-15,sz:stock:002487,002487,大金重工,sz,main,电力设备,36.8,39.44,35.33,39.44,35.85,39.44,807914.0,3052763136.0,740085859.375,630912773.4375,29188986293.75,24883199784.38,12.805479,11.464435,2.64993,10.013947,19.118091,1,2026-07-07,2026-10-02,mootdx,2026-10-02T10:02:03.930854+08:00,2026-09-16,2026-09-17,xdxr_capital_history,current_mootdx_f10,4.2089249492900604,ok,ok,early,holdout,filled_proxy,09:31,09:32,1,40.7,40.75,200,95445.0,0.0020954476400020954,42.99,-5.738832407744809,4.990349585102205,filled_proxy,09:32,37.83,37.87,29852.0,early_exit,-7.332117526967696,42.91,filled_proxy,14:56,41.14,41.19,5589.0,end_of_day_exit,0.7813805416904795,42.91
2026-06-17,sz:stock:002491,002491,通鼎互联,sz,main,通信,26.11,28.71,25.66,28.71,26.1,28.71,1882732.0,5178287616.0,1229994531.25,1176468906.25,35313142992.19,33776422298.44,16.003245,11.685824,0.038314,10.0,18.196789,1,2026-06-30,2026-10-02,mootdx,2026-10-02T10:02:03.930854+08:00,2026-06-18,2026-06-22,xdxr_capital_history,current_mootdx_f10,4.528039010797635,ok,ok,early,train,no_pre10_fill_proxy,,,,,,,,,,,,,,,,,,,,,,,,,,,
2026-08-20,sz:stock:002491,002491,通鼎互联,sz,main,通信,17.91,19.27,17.18,19.27,17.52,19.27,2247407.0,4235345408.0,1229994531.25,1176468828.125,23701994617.19,22670554317.97,19.102988,11.929224,2.226027,9.988584,1.742344,1,2026-06-30,2026-10-02,mootdx,2026-10-02T10:02:03.930854+08:00,2026-08-21,2026-08-24,xdxr_capital_history,current_mootdx_f10,4.0996367410482515,ok,ok,early,validation,filled_proxy,09:31,09:32,1,19.830000000000002,19.85,400,157268.0,0.0025434290510466208,21.0,10.489998627326491,11.736725714282969,filled_proxy,09:32,21.37,21.400000000000002,146354.0,early_exit,7.470801613386024,20.9,filled_proxy,09:32,20.9,21.400000000000002,146354.0,precommitted_target,5.105763952465958,20.9
2026-03-24,sz:stock:002498,002498,汉缆股份,sz,main,电力设备,8.2,8.8,8.19,8.8,8.0,8.8,3027087.0,2631998208.0,3326795937.5,3326795937.5,29275804250.0,29275804250.0,9.099106,7.625,2.5,10.0,-8.42872,1,2018-12-31,2026-10-02,mootdx,2026-10-02T10:02:03.930854+08:00,2026-03-25,2026-03-26,xdxr_capital_history,current_mootdx_f10,4.659090909090913,ok,ok,early,train,filled_proxy,09:31,09:32,1,9.21,9.22,1000,267278.0,0.0037414227882579185,9.59,-2.76064449523874,-1.667337960047699,filled_proxy,09:32,8.73,8.74,69066.0,early_exit,-5.469262410190334,9.71,filled_proxy,14:56,8.68,8.69,14430.0,end_of_day_exit,-6.010985993180629,9.71
2026-02-09,sz:stock:002501,002501,*ST利源,sz,main,有色金属,2.0,2.16,1.99,2.16,1.96,2.16,1278276.0,267379376.0,3550000000.0,3546469062.5,7668000000.0,7660373175.0,3.604362,8.673469,2.040816,10.204082,2.369668,1,2026-06-30,2026-10-02,mootdx,2026-10-02T10:02:03.930854+08:00,2026-02-10,2026-02-11,xdxr_capital_history,current_mootdx_f10,3.240740740740744,ok,ok,early,train,filled_proxy,09:31,09:32,1,2.21,2.22,4200,88788.0,0.04730368968779565,2.35,-0.6091380859647111,0.19046734985790348,filled_proxy,09:32,2.21,2.22,34680.0,early_exit,-0.6091380859647111,2.34,filled_proxy,14:57,2.18,2.19,8427.0,end_of_day_exit,-1.9590628510000818,2.34
2026-07-29,sz:stock:002517,002517,恺英网络,sz,main,传媒,15.3,16.69,15.16,16.69,15.17,16.69,1063174.0,1709110528.0,2136443281.25,1879241718.75,35657238364.06,31364544285.94,5.657463,10.085695,0.856955,10.019776,3.92279,1,2026-06-30,2026-10-02,mootdx,2026-10-02T10:02:03.930854+08:00,2026-07-30,2026-07-31,xdxr_capital_history,current_mootdx_f10,3.295386458957439,ok,ok,early,validation,filled_proxy,09:31,09:32,1,17.28,17.3,500,64950.0,0.007698229407236336,18.19,-6.634392388799348,1.1746586848092377,filled_proxy,09:32,16.49,16.51,16254.0,early_exit,-4.844451294623098,18.22,filled_proxy,14:56,17.21,17.23,5382.0,end_of_day_exit,-0.6871687533105408,18.22
2026-01-22,sz:stock:002519,002519,银河电子,sz,main,国防军工,7.8,8.6,7.8,8.6,7.82,8.6,2628985.0,2201824000.0,1126430859.375,1117604453.125,9687305390.63,9611398296.88,23.523394,10.230179,-0.255754,9.974425,-16.585839,1,2026-06-30,2026-10-02,mootdx,2026-10-02T10:02:03.930854+08:00,2026-01-23,2026-01-26,xdxr_capital_history,current_mootdx_f10,3.953488372093017,ok,ok,early,train,filled_proxy,09:31,09:32,1,8.9,8.91,1000,120193.0,0.008319952077076037,9.37,3.9840106589624558,4.99997115900952,filled_proxy,09:32,8.93,8.94,80421.0,early_exit,0.06008464906985811,9.38,filled_proxy,14:56,8.4,8.41,10244.0,end_of_day_exit,-5.881860451624643,9.38
2026-07-03,sz:stock:002520,002520,日发精机,sz,main,机械设备,7.19,7.72,7.1,7.72,7.02,7.72,670877.0,510923904.0,750245156.25,717440156.25,5791892606.25,5538638006.25,9.350982,8.831909,2.421652,9.97151,12.372635,1,2026-09-24,2026-10-02,mootdx,2026-10-02T10:02:03.930854+08:00,2026-07-06,2026-07-07,xdxr_capital_history,current_mootdx_f10,3.497409326424883,ok,ok,early,validation,filled_proxy,09:31,09:32,1,7.94,7.95,1100,108351.0,0.010152190565846184,8.41,-4.689615302073358,0.9890874410632078,filled_proxy,09:32,7.92,7.930000000000001,76467.0,early_exit,-0.5432010853788749,8.37,filled_proxy,14:56,7.76,7.7700000000000005,13522.0,end_of_day_exit,-2.5535837358974023,8.37
2026-03-13,sz:stock:002531,002531,天顺风能,sz,main,电力设备,11.5,12.42,11.31,12.42,11.29,12.42,1145742.0,1375159552.0,1796878593.75,1786785312.5,22317232134.38,22191873581.25,6.412309,9.831709,1.860053,10.008857,16.401125,1,2026-06-30,2026-10-02,mootdx,2026-10-02T10:02:03.930854+08:00,2026-03-16,2026-03-17,xdxr_capital_history,current_mootdx_f10,3.0595813204508993,ok,ok,early,train,filled_proxy,09:31,09:32,1,12.42,12.44,700,80020.0,0.008747813046738316,13.54,-3.9407430093077678,2.2201169341463656,filled_proxy,09:32,12.17,12.19,36407.0,early_exit,-2.334784079766128,13.1,filled_proxy,14:56,11.76,11.78,4578.0,end_of_day_exit,-5.626999885326511,13.1
2026-09-10,sz:stock:002531,002531,天顺风能,sz,main,电力设备,6.23,6.91,6.19,6.91,6.28,6.91,735046.0,486529248.0,1796878593.75,1786868593.75,12416431082.81,12347261982.81,4.113599,11.464968,-0.796178,10.031847,11.993517,1,2026-06-30,2026-10-02,mootdx,2026-10-02T10:02:03.930854+08:00,2026-09-11,2026-09-14,xdxr_capital_history,current_mootdx_f10,3.039073806078152,ok,ok,early,holdout,filled_proxy,09:31,09:32,1,7.24,7.25,1300,85770.0,0.01515681473708756,7.53,-2.913739700957929,1.1185739002555595,filled_proxy,09:32,7.22,7.23,62504.0,early_exit,-0.5713740347823126,7.64,filled_proxy,14:56,7.09,7.1000000000000005,12251.0,end_of_day_exit,-2.362594838328369,7.64
2026-03-10,sz:stock:002536,002536,飞龙股份,sz,main,汽车,35.62,38.09,35.5,38.09,34.63,38.09,375529.0,1405351552.0,574785898.4375,544401093.75,21893594871.48,20736237660.94,6.898021,7.479064,2.858793,9.991337,11.374269,1,2026-06-30,2026-10-02,mootdx,2026-10-02T10:02:03.930854+08:00,2026-03-11,2026-03-12,xdxr_capital_history,current_mootdx_f10,4.59438172748754,ok,ok,early,train,filled_proxy,09:31,09:32,1,40.46,40.51,200,29036.0,0.006888001102080176,41.52,-1.0629759316257537,2.582173408944155,filled_proxy,09:32,40.27,40.32,10778.0,early_exit,-0.7670894104373827,42.65,filled_proxy,14:56,39.54,39.58,1810.0,end_of_day_exit,-2.567065747666597,42.65
2026-05-08,sz:stock:002536,002536,飞龙股份,sz,main,汽车,38.14,43.34,38.14,43.34,39.4,43.34,493952.0,2071180800.0,574785898.4375,544401093.75,24911220838.28,23594343403.13,9.07331,13.19797,-3.19797,10.0,18.707204,1,2026-06-30,2026-10-02,mootdx,2026-10-02T10:02:03.930854+08:00,2026-05-11,2026-05-12,xdxr_capital_history,current_mootdx_f10,3.9224734656206683,ok,ok,early,train,filled_proxy,09:31,09:32,1,44.03,44.08,200,22684.0,0.00881678716275789,47.24,0.9677341213649049,6.164169045556855,filled_proxy,09:32,44.2,44.25,6115.0,early_exit,0.10660181407822211,46.41,filled_proxy,14:18,46.41,46.6,6865.0,precommitted_target,5.114766022245498,46.41
2026-01-15,sz:stock:002545,002545,东方铁塔,sz,main,基础化工,21.18,22.87,20.84,22.87,20.79,22.87,232602.0,519128832.0,1244062109.375,1130163671.875,28451700441.41,25846843175.78,2.058127,9.76431,1.875902,10.00481,8.285985,1,2022-12-31,2026-10-02,mootdx,2026-10-02T10:02:03.930854+08:00,2026-01-16,2026-01-19,xdxr_capital_history,current_mootdx_f10,4.9409707039790085,ok,ok,early,train,filled_proxy,09:31,09:32,1,23.5,23.53,400,9855.0,0.04058853373921867,24.93,-5.295130256168656,5.80683515394238,filled_proxy,09:32,22.64,22.67,7924.0,early_exit,-3.93659312815704,24.77,filled_proxy,10:08,24.77,24.89,5626.0,precommitted_target,5.106169630170387,24.77
2026-07-22,sz:stock:002545,002545,东方铁塔,sz,main,基础化工,16.76,18.13,16.35,18.13,16.48,18.13,311952.0,546889088.0,1244062109.375,1130163671.875,22554846042.97,20489867371.09,2.760237,10.800971,1.699029,10.012136,10.54878,1,2022-12-31,2026-10-02,mootdx,2026-10-02T10:02:03.930854+08:00,2026-07-23,2026-07-24,xdxr_capital_history,current_mootdx_f10,3.1439602868174266,ok,ok,early,validation,filled_proxy,09:31,09:32,1,18.150000000000002,18.17,500,15574.0,0.032104790034673175,19.76,5.445662845052857,6.7132102117549275,filled_proxy,09:32,19.13,19.150000000000002,14740.0,early_exit,5.115801455383684,19.13,filled_proxy,14:56,18.58,18.6,2237.0,end_of_day_exit,2.0920720500829715,19.13
2026-01-19,sz:stock:002546,002546,新联电子,sz,main,电力设备,8.05,9.09,8.05,9.09,8.26,9.09,1842550.0,1594692608.0,834049062.5,801232109.375,7581505978.13,7283199874.22,22.996457,12.590799,-2.542373,10.048426,27.848101,1,2026-06-30,2026-10-02,mootdx,2026-10-02T10:02:03.930854+08:00,2026-01-20,2026-01-21,xdxr_capital_history,current_mootdx_f10,4.180418041804179,ok,ok,early,train,filled_proxy,09:31,09:32,1,9.55,9.56,1000,93398.0,0.010706867384740573,9.91,0.5749351841292549,7.7815361124043525,filled_proxy,09:32,9.7,9.71,72934.0,early_exit,1.3063894520824126,10.07,filled_proxy,09:59,10.07,10.21,55388.0,precommitted_target,5.172647725549107,10.07
2026-05-07,sz:stock:002552,002552,宝鼎科技,sz,main,机械设备,23.45,25.14,23.38,25.14,22.85,25.14,126044.0,309733792.0,387985312.5,368503281.25,9753950756.25,9264172490.63,3.420431,7.702407,2.625821,10.021882,16.821561,1,2025-10-27,2026-10-02,mootdx,2026-10-02T10:02:03.930854+08:00,2026-05-08,2026-05-11,xdxr_capital_history,current_mootdx_f10,4.17661097852029,ok,ok,early,train,filled_proxy,09:31,09:32,1,27.27,27.3,300,18661.0,0.016076308879481273,27.4,10.766014797240775,11.130364594159836,filled_proxy,09:32,28.42,28.45,17036.0,early_exit,3.923936867549793,28.75,filled_proxy,09:42,28.75,28.88,6085.0,precommitted_target,5.1313623845540945,28.75
2026-08-04,sz:stock:002552,002552,宝鼎科技,sz,main,机械设备,33.85,35.76,32.18,35.76,32.51,35.76,142353.0,489360960.0,387985312.5,368503281.25,13874354775.0,13177677337.5,3.863005,11.011996,4.121809,9.996924,-2.161423,1,2025-10-27,2026-10-02,mootdx,2026-10-02T10:02:03.930854+08:00,2026-08-05,2026-08-06,xdxr_capital_history,current_mootdx_f10,4.977628635346765,ok,ok,early,validation,filled_proxy,09:31,09:32,1,36.35,36.39,200,6641.0,0.03011594639361542,38.98,11.805040619132745,18.575457563119425,filled_proxy,09:32,42.06,42.11,18748.0,early_exit,15.373141719448814,38.32,filled_proxy,09:32,38.32,42.11,18748.0,precommitted_target,5.107989323154882,38.32
2026-08-12,sz:stock:002552,002552,宝鼎科技,sz,main,机械设备,54.63,60.07,53.49,60.07,54.61,60.07,364254.0,2053271680.0,387985312.5,368503281.25,23306277721.88,22135992104.69,9.884688,12.049075,0.036623,9.998169,52.694459,1,2025-10-27,2026-10-02,mootdx,2026-10-02T10:02:03.930854+08:00,2026-08-13,2026-08-14,xdxr_capital_history,current_mootdx_f10,3.212918262027631,ok,ok,early,validation,observed_breach_before_fill,,,,,,,,,,,,,,,,,,,,,,,,,,,
2026-01-19,sz:stock:002558,002558,巨人网络,sz,main,传媒,46.91,49.94,46.91,49.94,45.4,49.94,503694.0,2490802688.0,1934750625.0,1934740625.0,96621446212.5,96620946812.5,2.603419,6.674009,3.325991,10.0,1.072657,1,2026-03-12,2026-10-02,mootdx,2026-10-02T10:02:03.930854+08:00,2026-01-20,2026-01-21,xdxr_capital_history,current_mootdx_f10,3.7244693632358716,ok,ok,early,train,filled_proxy,09:31,09:32,1,52.9,52.96,100,39429.0,0.002536204316619747,54.43,-3.804103288943572,-2.5253872996582882,filled_proxy,09:32,51.14,51.2,5026.0,early_exit,-3.6721213968026523,55.8,filled_proxy,14:56,50.21,50.27,3288.0,end_of_day_exit,-5.4255951066747965,55.8
2026-07-29,sz:stock:002558,002558,巨人网络,sz,main,传媒,24.64,26.98,24.55,26.98,24.53,26.98,1057226.0,2753014272.0,1900562031.25,1900554531.25,51277163603.13,51276961253.13,5.562724,9.906237,0.44843,9.98777,-3.711635,1,2026-06-30,2026-10-02,mootdx,2026-10-02T10:02:03.930854+08:00,2026-07-30,2026-07-31,xdxr_capital_history,current_mootdx_f10,4.3365455893254135,ok,ok,early,validation,filled_proxy,09:31,09:32,1,29.19,29.22,300,105736.0,0.0028372550503139894,29.41,-9.156856722145667,3.149293615200288,filled_proxy,09:32,27.35,27.38,31382.0,early_exit,-6.558732876693185,30.77,filled_proxy,14:56,29.26,29.29,6950.0,end_of_day_exit,-0.02923742299025811,30.77
2026-04-29,sz:stock:002568,002568,百润股份,sz,main,食品饮料,17.85,18.26,17.74,18.26,16.6,18.26,160204.0,291599040.0,1041623671.875,763081328.125,19020048248.44,13933865051.56,2.099435,3.13253,7.53012,10.0,6.908665,1,2026-06-30,2026-10-02,mootdx,2026-10-02T10:02:03.930854+08:00,2026-04-30,2026-05-06,xdxr_capital_history,current_mootdx_f10,3.9978094194961455,ok,ok,early,train,filled_proxy,09:31,09:32,1,19.12,19.14,500,24580.0,0.02034174125305126,19.9,-0.8871002720108545,0.21295404546193275,filled_proxy,09:32,19.05,19.07,3655.0,early_exit,-0.6261394337813142,20.15,filled_proxy,14:56,18.63,18.650000000000002,1479.0,end_of_day_exit,-2.8182104749093995,20.15
2026-01-28,sz:stock:002578,002578,闽发铝业,sz,main,有色金属,4.65,5.1,4.61,5.1,4.64,5.1,1538629.0,762992320.0,938630156.25,861162578.125,4787013796.88,4391929148.44,17.866882,10.560345,0.215517,9.913793,15.124153,1,2023-02-01,2026-10-02,mootdx,2026-10-02T10:02:03.930854+08:00,2026-01-29,2026-01-30,xdxr_capital_history,current_mootdx_f10,4.117647058823537,ok,ok,early,train,filled_proxy,09:31,09:32,1,5.2700000000000005,5.28,1700,116858.0,0.014547570555717195,5.56,-7.92010846131439,-7.445241385717982,filled_proxy,09:32,4.75,4.76,40981.0,early_exit,-10.190389300819113,5.56,unfilled_d3,,,,,limit_down_or_capacity,,5.56
2026-07-09,sz:stock:002579,002579,中京电子,sz,main,电子,16.91,18.06,16.65,18.06,16.42,18.06,1027508.0,1812773248.0,612618632.8125,583438242.1875,11063892508.59,10536894653.91,17.611256,8.587089,2.984166,9.98782,-7.810107,1,2026-06-30,2026-10-02,mootdx,2026-10-02T10:02:03.930854+08:00,2026-07-10,2026-07-13,xdxr_capital_history,current_mootdx_f10,3.0454042081949018,ok,ok,early,validation,filled_proxy,09:31,09:32,1,19.37,19.39,500,73213.0,0.006829388223402948,19.69,-10.819619179167073,-7.923703128554804,filled_proxy,09:32,17.68,17.7,24410.0,early_exit,-8.96491400531827,20.42,unfilled_d3,,,,,limit_down_or_capacity,,20.42
2026-08-04,sz:stock:002579,002579,中京电子,sz,main,电子,10.84,11.8,10.76,11.8,10.73,11.8,358817.0,412303200.0,612618632.8125,583438242.1875,7228899867.19,6884571257.81,6.150043,9.692451,1.025163,9.972041,0.084818,1,2026-06-30,2026-10-02,mootdx,2026-10-02T10:02:03.930854+08:00,2026-08-05,2026-08-06,xdxr_capital_history,current_mootdx_f10,4.067796610169472,ok,ok,early,validation,filled_proxy,09:31,09:32,1,12.82,12.84,700,105426.0,0.006639728340257621,12.86,4.738097091052329,10.229146690458757,filled_proxy,09:32,13.54,13.56,88561.0,early_exit,5.28268199627957,13.52,filled_proxy,09:32,13.52,13.56,88561.0,precommitted_target,5.127086309071793,13.52
2026-06-01,sz:stock:002580,002580,圣阳股份,sz,main,电力设备,24.31,26.71,24.31,26.71,24.28,26.71,553759.0,1445251072.0,453868984.375,451997890.625,12122840572.66,12072863658.59,12.251362,9.884679,0.123558,10.008237,10.417528,1,2026-06-30,2026-10-02,mootdx,2026-10-02T10:02:03.930854+08:00,2026-06-02,2026-06-03,xdxr_capital_history,current_mootdx_f10,4.82965181579933,ok,ok,early,train,filled_proxy,09:31,09:32,1,27.26,27.29,300,80772.0,0.0037141583717129703,29.11,-8.629110660975359,-5.79530665335014,filled_proxy,09:32,25.12,25.150000000000002,50739.0,early_exit,-8.116681944244286,28.74,filled_proxy,14:56,24.3,24.330000000000002,7802.0,end_of_day_exit,-11.118050142240577,28.74
2026-05-11,sz:stock:002585,002585,双星新材,sz,main,基础化工,7.95,8.68,7.93,8.68,7.89,8.68,612260.0,520057888.0,1141322578.125,886756718.75,9906679978.13,7697048318.75,6.904487,9.505703,0.760456,10.012674,11.568123,1,2026-06-30,2026-10-02,mootdx,2026-10-02T10:02:03.930854+08:00,2026-05-12,2026-05-13,xdxr_capital_history,current_mootdx_f10,3.686635944700467,ok,ok,early,train,filled_proxy,09:31,09:32,1,8.96,8.97,1000,144496.0,0.006920606798804119,9.46,-3.058819568120874,-2.4883085825872064,filled_proxy,09:32,8.42,8.43,30143.0,early_exit,-6.288337151661006,9.45,filled_proxy,14:56,8.64,8.65,6802.0,end_of_day_exit,-3.838358295182276,9.45
2026-08-11,sz:stock:002585,002585,双星新材,sz,main,基础化工,9.41,10.52,9.41,10.52,9.56,10.52,603677.0,622982144.0,1141322578.125,886591796.875,12006713521.88,9326945703.13,6.808962,11.610879,-1.569038,10.041841,17.541899,1,2026-06-30,2026-10-02,mootdx,2026-10-02T10:02:03.930854+08:00,2026-08-12,2026-08-13,xdxr_capital_history,current_mootdx_f10,4.562737642585546,ok,ok,early,validation,filled_proxy,09:31,09:32,1,10.66,10.68,800,115217.0,0.006943419807840858,11.47,4.226947578617257,9.72882257216041,filled_proxy,09:32,10.9,10.92,54829.0,early_exit,1.8887091623218,11.25,filled_proxy,10:21,11.25,11.33,42975.0,precommitted_target,5.162242945135409,11.25
2026-01-13,sz:stock:002589,002589,瑞康医药,sz,main,医药生物,3.5,3.83,3.44,3.83,3.48,3.83,2493923.0,908209856.0,1504710468.75,1365591562.5,5763041095.31,5230215684.38,18.262584,11.206897,0.574713,10.057471,14.670659,1,2024-06-30,2026-10-02,mootdx,2026-10-02T10:02:03.930854+08:00,2026-01-14,2026-01-15,xdxr_capital_history,current_mootdx_f10,3.394255874673635,ok,ok,early,train,filled_proxy,09:31,09:32,1,3.91,3.92,2300,154204.0,0.014915306995927472,4.17,-3.475586923964402,-3.3175935202048867,filled_proxy,09:32,3.69,3.7,76979.0,early_exit,-6.023867629763268,4.13,filled_proxy,14:56,3.58,3.59,8584.0,end_of_day_exit,-8.826976406142018,4.13
2026-08-07,sz:stock:002589,002589,瑞康医药,sz,main,医药生物,2.74,3.04,2.73,3.04,2.76,3.04,1596281.0,476503264.0,1504710468.75,1365591562.5,4574319825.0,4151398350.0,11.6893,11.231884,-0.724638,10.144928,10.545455,1,2024-06-30,2026-10-02,mootdx,2026-10-02T10:02:03.930854+08:00,2026-08-10,2026-08-11,xdxr_capital_history,current_mootdx_f10,4.2763157894736725,ok,ok,early,validation,filled_proxy,09:31,09:34,3,3.29,3.3,3000,130988.0,0.02290286133080893,3.31,0.149788507919002,0.35200536208672695,filled_proxy,09:32,3.24,3.25,87497.0,early_exit,-1.9692503830602948,3.48,filled_proxy,14:56,3.23,3.24,12517.0,end_of_day_exit,-2.27197022462875,3.48
2026-01-12,sz:stock:002605,002605,姚记科技,sz,main,传媒,25.35,27.63,25.3,27.63,25.12,27.63,446344.0,1197820672.0,417681132.8125,337240859.375,11540529699.61,9317964944.53,13.23517,9.275478,0.915605,9.992038,15.365344,1,2026-01-29,2026-10-02,mootdx,2026-10-02T10:02:03.930854+08:00,2026-01-13,2026-01-14,xdxr_capital_history,current_mootdx_f10,3.112558812884547,ok,ok,early,train,filled_proxy,09:31,09:32,1,27.66,27.69,300,6469.0,0.04637501932292472,30.12,-0.46086401780871533,12.160793701259287,filled_proxy,09:32,28.5,28.53,7640.0,early_exit,2.7496889537221403,29.16,filled_proxy,09:35,29.16,29.38,13300.0,precommitted_target,5.130548460700113,29.16
2026-04-23,sz:stock:002606,002606,大连电瓷,sz,main,电力设备,13.34,13.34,13.34,13.34,12.13,13.34,228914.0,305371328.0,439073203.125,421142070.3125,5857236529.69,5618035217.97,5.435553,0.0,9.975268,9.975268,9.076043,1,2026-06-30,2026-10-02,mootdx,2026-10-02T10:02:03.930854+08:00,2026-04-24,2026-04-27,xdxr_capital_history,current_mootdx_f10,4.94752623688155,ok,ok,early,train,filled_proxy,09:31,09:32,1,14.07,14.09,600,66915.0,0.008966599417171038,14.54,2.8073416086228153,8.511927828303767,filled_proxy,09:32,14.33,14.35,68923.0,early_exit,1.5312588423427531,14.84,filled_proxy,11:00,14.84,15.21,36015.0,precommitted_target,5.146826680136241,14.84
2026-05-14,sz:stock:002617,002617,露笑科技,sz,main,公用事业,8.9,9.7,8.8,9.7,8.82,9.7,3435666.0,3204554240.0,1909173906.25,1877621875.0,18518986890.63,18212932187.5,18.297965,10.204082,0.907029,9.977324,20.797011,1,2026-03-26,2026-10-02,mootdx,2026-10-02T10:02:03.930854+08:00,2026-05-15,2026-05-18,xdxr_capital_history,current_mootdx_f10,4.948453608247427,ok,ok,early,train,filled_proxy,09:31,09:32,1,9.96,9.97,900,298725.0,0.003012804418779814,10.57,-7.978400322804536,-6.168715854213214,filled_proxy,09:32,9.24,9.25,84863.0,early_exit,-7.4774357373235905,10.5,filled_proxy,14:56,9.11,9.120000000000001,23531.0,end_of_day_exit,-8.779943659574007,10.5
2026-05-11,sz:stock:002623,002623,亚玛顿,sz,main,电力设备,22.22,24.33,21.86,24.33,22.12,24.33,124185.0,287871936.0,199062500.0,198636132.8125,4843190625.0,4832817111.33,6.251884,11.166365,0.45208,9.990958,16.85879,1,2026-06-16,2026-10-02,mootdx,2026-10-02T10:02:03.930854+08:00,2026-05-12,2026-05-13,xdxr_capital_history,current_mootdx_f10,4.767776407727098,ok,ok,early,train,filled_proxy,09:31,09:32,1,25.09,25.12,300,10886.0,0.027558331802314897,26.52,-5.512658077985311,-4.89221439261679,filled_proxy,09:32,23.63,23.66,3069.0,early_exit,-6.109085614548215,26.45,filled_proxy,14:56,23.53,23.56,1586.0,end_of_day_exit,-6.506703972256811,26.45
2026-04-01,sz:stock:002624,002624,完美世界,sz,main,传媒,17.95,19.33,17.8,19.33,17.57,19.33,707777.0,1329948928.0,1939968437.5,1827732968.75,37499589896.88,35330078285.94,3.872431,8.708025,2.162777,10.017075,6.73661,1,2024-12-31,2026-10-02,mootdx,2026-10-02T10:02:03.930854+08:00,2026-04-02,2026-04-03,xdxr_capital_history,current_mootdx_f10,3.103983445421643,ok,ok,early,train,filled_proxy,09:31,09:32,1,19.94,19.96,400,38426.0,0.010409618487482434,21.07,-0.7276087004282505,-0.5769798440267038,filled_proxy,09:32,19.33,19.35,11053.0,early_exit,-3.32983479108655,21.02,filled_proxy,14:56,19.21,19.23,3133.0,end_of_day_exit,-3.930348504315373,21.02
2026-06-30,sz:stock:002631,002631,德尔未来,sz,main,轻工制造,10.32,11.29,10.17,11.29,10.26,11.29,439384.0,488571136.0,797282890.625,793689843.75,9001323835.16,8960758335.94,5.535966,10.916179,0.584795,10.038986,25.583982,1,2026-06-30,2026-10-02,mootdx,2026-10-02T10:02:03.930854+08:00,2026-07-01,2026-07-02,xdxr_capital_history,current_mootdx_f10,3.631532329495135,ok,ok,early,validation,filled_proxy,09:31,09:32,1,11.66,11.68,800,53834.0,0.014860497083627447,12.31,-3.4089277430518483,1.4499840857296942,filled_proxy,09:32,11.18,11.200000000000001,11451.0,early_exit,-4.435241584236427,12.3,filled_proxy,14:56,11.44,11.46,4556.0,end_of_day_exit,-2.2115615950031753,12.3
2026-03-10,sz:stock:002636,002636,金安国纪,sz,main,电子,26.13,27.87,26.0,27.87,25.34,27.87,161749.0,439376480.0,728000000.0,724315390.625,20289360000.0,20186669936.72,2.233129,7.379637,3.117601,9.984215,3.375371,1,2026-06-30,2026-10-02,mootdx,2026-10-02T10:02:03.930854+08:00,2026-03-11,2026-03-12,xdxr_capital_history,current_mootdx_f10,3.731611051309658,ok,ok,early,train,filled_proxy,09:31,09:32,1,29.45,29.48,300,24892.0,0.012052064920456372,30.38,-2.8079676419190625,2.1723772104146777,filled_proxy,09:32,29.52,29.55,15982.0,early_exit,-0.02943806040206498,31.04,filled_proxy,14:56,27.75,27.78,2310.0,end_of_day_exit,-6.026995815627756,31.04
2026-08-27,sz:stock:002636,002636,金安国纪,sz,main,电子,64.54,69.41,64.02,69.41,63.1,69.41,518533.0,3480428544.0,728000000.0,725234921.875,50530480000.0,50338555927.34,7.149863,8.541997,2.282092,10.0,12.477718,1,2026-06-30,2026-10-02,mootdx,2026-10-02T10:02:03.930854+08:00,2026-08-28,2026-08-31,xdxr_capital_history,current_mootdx_f10,3.832300821207313,ok,ok,early,validation,filled_proxy,09:31,09:32,1,74.17,74.25,100,46495.0,0.0021507688998817077,75.66,-2.2177973524288963,2.0653040714902815,filled_proxy,09:32,72.33,72.41,18987.0,early_exit,-2.7693273724687217,78.18,filled_proxy,14:56,75.32,75.4,8315.0,end_of_day_exit,1.2528061883096075,78.18
2026-01-12,sz:stock:002639,002639,雪人集团,sz,main,机械设备,24.58,27.03,23.58,27.03,24.57,27.03,2607608.0,6648762368.0,772602187.5,653280625.0,20883437128.13,17658175293.75,39.915588,14.041514,0.0407,10.01221,38.26087,1,2026-05-22,2026-10-02,mootdx,2026-10-02T10:02:03.930854+08:00,2026-01-13,2026-01-14,xdxr_capital_history,current_mootdx_f10,3.514613392526811,ok,ok,early,train,filled_proxy,09:31,09:32,1,27.990000000000002,28.02,300,56749.0,0.005286436765405558,29.46,-5.5182140219866005,-0.3419746586149075,filled_proxy,09:32,26.82,26.85,46998.0,early_exit,-4.448743079141215,29.5,filled_proxy,14:56,26.73,26.76,18945.0,end_of_day_exit,-4.769584361994816,29.5
2026-05-25,sz:stock:002645,002645,华宏科技,sz,main,环保,29.3,31.97,29.09,31.97,29.06,31.97,448590.0,1397811072.0,627600351.5625,558927539.0625,20064383239.45,17868913423.83,8.025906,9.91053,0.825877,10.013765,16.466302,1,2026-06-05,2026-10-02,mootdx,2026-10-02T10:02:03.930854+08:00,2026-05-26,2026-05-27,xdxr_capital_history,current_mootdx_f10,3.5345636534251046,ok,ok,early,train,filled_proxy,09:31,09:32,1,32.31,32.35,200,25019.0,0.007993924617290859,34.85,0.4419134221160803,1.14326282546644,filled_proxy,09:32,32.37,32.410000000000004,4628.0,early_exit,-0.14465399859249217,34.07,filled_proxy,14:56,30.95,30.990000000000002,1486.0,end_of_day_exit,-4.5284736691511345,34.07
2026-04-14,sz:stock:002647,002647,仁东控股,sz,main,非银金融,10.18,10.41,9.79,10.41,9.46,10.41,582783.0,599680768.0,1130291640.625,1015291640.625,11766335978.91,10569185978.91,5.740055,6.553911,7.610994,10.042283,17.893545,1,2026-09-08,2026-10-02,mootdx,2026-10-02T10:02:03.930854+08:00,2026-04-15,2026-04-16,xdxr_capital_history,current_mootdx_f10,3.6503362151776964,ok,ok,early,train,filled_proxy,09:31,09:32,1,11.17,11.19,800,42655.0,0.018755128355409684,11.35,-9.358338979735903,-5.97102009984154,filled_proxy,09:32,9.83,9.84,23528.0,early_exit,-12.304221784756708,11.78,filled_proxy,14:56,10.09,10.11,3111.0,end_of_day_exit,-9.983223211103953,11.78
2026-08-10,sz:stock:002647,002647,仁东控股,sz,main,非银金融,9.55,10.49,9.46,10.49,9.54,10.49,491677.0,503977408.0,1130291640.625,1015291640.625,11856759310.16,10650409310.16,4.842717,10.796646,0.104822,9.958071,10.189076,1,2026-09-08,2026-10-02,mootdx,2026-10-02T10:02:03.930854+08:00,2026-08-11,2026-08-12,xdxr_capital_history,current_mootdx_f10,4.861773117254531,ok,ok,early,validation,filled_proxy,09:31,09:32,1,10.55,10.57,800,21416.0,0.03735524841240195,11.43,0.8693684536347446,7.849025248838792,filled_proxy,09:32,10.89,10.91,6759.0,early_exit,2.853916874221629,11.13,filled_proxy,09:46,11.13,11.18,6213.0,precommitted_target,5.1219722120352085,11.13
2026-06-23,sz:stock:002648,002648,卫星化学,sz,main,基础化工,25.18,25.18,25.18,25.18,22.89,25.18,249642.0,628600640.0,3368645625.0,3366482500.0,84822496837.5,84768029350.0,0.741551,0.0,10.004369,10.004369,8.207993,1,2024-12-20,2026-10-02,mootdx,2026-10-02T10:02:03.930854+08:00,2026-06-24,2026-06-25,xdxr_capital_history,current_mootdx_f10,4.725972994440042,ok,ok,early,train,filled_proxy,09:31,09:32,1,25.45,25.48,300,117567.0,0.0025517364566587566,27.45,0.17010354259185956,5.31747133684024,filled_proxy,09:32,25.31,25.34,71734.0,early_exit,-0.8491073466118992,26.83,filled_proxy,14:56,25.66,25.69,8462.0,end_of_day_exit,0.5229073119316308,26.83
2026-06-29,sz:stock:002653,002653,海思科,sz,main,医药生物,55.99,61.06,55.99,61.06,55.51,61.06,75361.0,451698496.0,1119917968.75,536786132.8125,68382191171.88,32776161269.53,1.40393,9.133489,0.864709,9.998199,24.030063,1,2026-06-30,2026-10-02,mootdx,2026-10-02T10:02:03.930854+08:00,2026-06-30,2026-07-01,xdxr_capital_history,current_mootdx_f10,3.897805437274804,ok,ok,early,purged,filled_proxy,09:31,09:32,1,66.08,66.15,100,9907.0,0.01009387301907742,66.56,-3.3131804883853033,9.983572467323466,filled_proxy,09:32,64.35,64.42,3469.0,early_exit,-2.9206354682725033,69.67,filled_proxy,11:29,69.67,69.9,3311.0,precommitted_target,5.11143955865152,69.67
2026-05-07,sz:stock:002655,002655,共达电声,sz,main,电子,32.53,35.81,32.4,35.81,32.55,35.81,261874.0,911723456.0,362967031.25,362245937.5,12997849389.06,12972027021.88,7.229177,10.47619,-0.061444,10.015361,38.262548,1,2026-05-23,2026-10-02,mootdx,2026-10-02T10:02:03.930854+08:00,2026-05-08,2026-05-11,xdxr_capital_history,current_mootdx_f10,4.468025691147703,ok,ok,early,train,filled_proxy,09:31,09:32,1,38.37,38.41,200,29755.0,0.0067215594017812135,39.03,6.423069413270177,6.732236002553682,filled_proxy,09:32,39.56,39.6,20582.0,early_exit,2.808454566738683,40.45,filled_proxy,09:40,40.45,40.74,7667.0,precommitted_target,5.122848245453104,40.45
2026-08-04,sz:stock:002655,002655,共达电声,sz,main,电子,22.85,24.61,22.82,24.61,22.37,24.61,322972.0,776274688.0,364583984.375,363257109.375,8972411855.47,8939757461.72,8.891003,8.001788,2.145731,10.013411,0.531046,1,2026-06-30,2026-10-02,mootdx,2026-10-02T10:02:03.930854+08:00,2026-08-05,2026-08-06,xdxr_capital_history,current_mootdx_f10,3.57578220235677,ok,ok,early,validation,filled_proxy,09:31,09:32,1,25.42,25.45,300,8670.0,0.03460207612456747,26.82,8.13742443817329,9.597515598257079,filled_proxy,09:32,27.19,27.22,13345.0,early_exit,6.646053740025781,26.8,filled_proxy,09:32,26.8,27.22,13345.0,precommitted_target,5.115436444558563,26.8
2026-08-21,sz:stock:002655,002655,共达电声,sz,main,电子,33.82,37.77,33.82,37.77,34.34,37.77,327398.0,1201894656.0,364583984.375,363257109.375,13770337089.84,13720221021.09,9.012845,11.502621,-1.514269,9.988352,11.120918,1,2026-06-30,2026-10-02,mootdx,2026-10-02T10:02:03.930854+08:00,2026-08-24,2026-08-25,xdxr_capital_history,current_mootdx_f10,4.606830818109597,ok,ok,early,validation,filled_proxy,09:31,09:32,1,39.7,39.74,200,23702.0,0.00843810648890389,41.17,-14.177713461000153,-4.069128711134173,filled_proxy,09:32,34.71,34.75,8999.0,early_exit,-12.820441472565303,41.84,filled_proxy,14:56,37.41,37.45,1613.0,end_of_day_exit,-6.034081530391056,41.84
2026-03-02,sz:stock:002667,002667,*ST威领,sz,main,机械设备,22.32,23.35,21.28,23.35,21.23,23.35,180921.0,408699712.0,260591503.9063,236610996.0938,6084811616.21,5524866758.79,7.646348,9.750353,5.134244,9.985869,17.101304,1,2025-10-17,2026-10-02,mootdx,2026-10-02T10:02:03.930854+08:00,2026-03-03,2026-03-04,xdxr_capital_history,current_mootdx_f10,3.982869379014997,ok,ok,early,train,filled_proxy,09:31,09:32,1,24.400000000000002,24.43,300,24445.0,0.012272448353446513,25.45,-9.38723684338857,2.734204351126679,filled_proxy,09:32,23.45,23.48,6520.0,early_exit,-4.194955897420549,25.73,filled_proxy,14:56,24.5,24.53,1358.0,end_of_day_exit,0.09787480593883569,25.73
2026-03-06,sz:stock:002667,002667,*ST威领,sz,main,机械设备,23.92,26.69,23.45,26.69,24.26,26.69,357334.0,917274176.0,260591503.9063,236610996.0938,6955187239.26,6315147485.74,15.102172,13.355317,-1.401484,10.016488,25.718323,1,2025-10-17,2026-10-02,mootdx,2026-10-02T10:02:03.930854+08:00,2026-03-09,2026-03-10,xdxr_capital_history,current_mootdx_f10,3.409516672911206,ok,ok,early,train,filled_proxy,09:31,09:32,1,27.64,27.67,300,15026.0,0.01996539331824837,29.09,0.9106287513493072,10.65501736539951,filled_proxy,09:32,28.4,28.43,8356.0,early_exit,2.462915308620306,29.14,filled_proxy,09:36,29.14,29.28,11906.0,precommitted_target,5.134292174621535,29.14
2026-07-29,sz:stock:002667,002667,*ST威领,sz,main,机械设备,9.88,10.65,9.61,10.65,9.68,10.65,202989.0,206218640.0,260591503.9063,236610996.0938,2775299516.6,2519907108.4,8.579018,10.743802,2.066116,10.020661,30.674847,1,2025-10-17,2026-10-02,mootdx,2026-10-02T10:02:03.930854+08:00,2026-07-30,2026-07-31,xdxr_capital_history,current_mootdx_f10,3.1924882629107865,ok,ok,early,validation,filled_proxy,09:31,09:32,1,11.16,11.18,800,8726.0,0.09168003667201467,11.61,6.984204641047831,14.999790851570705,filled_proxy,09:32,12.25,12.27,9239.0,early_exit,9.396627060640949,11.77,filled_proxy,09:32,11.77,12.27,9239.0,precommitted_target,5.107876092475405,11.77
2026-08-06,sz:stock:002667,002667,*ST威领,sz,main,机械设备,12.5,13.48,12.4,13.48,12.25,13.48,217172.0,284830624.0,260591503.9063,236610996.0938,3512773472.66,3189516227.34,9.178441,8.816327,2.040816,10.040816,15.017065,1,2025-10-17,2026-10-02,mootdx,2026-10-02T10:02:03.930854+08:00,2026-08-07,2026-08-10,xdxr_capital_history,current_mootdx_f10,3.857566765578624,ok,ok,early,validation,filled_proxy,09:31,09:32,1,14.31,14.33,600,12728.0,0.04714016341923319,14.69,0.8773960899086664,11.013120209453042,filled_proxy,09:32,14.66,14.68,7144.0,early_exit,2.1321193398092797,15.09,filled_proxy,09:36,15.09,15.33,5827.0,precommitted_target,5.129513770127403,15.09
2026-06-09,sz:stock:002669,002669,康达新材,sz,main,基础化工,17.39,17.39,17.39,17.39,15.81,17.39,194230.0,337765984.0,303400000.0,302717792.9688,5276126000.0,5264262419.73,6.416207,0.0,9.993675,9.993675,6.687117,1,2025-12-31,2026-10-02,mootdx,2026-10-02T10:02:03.930854+08:00,2026-06-10,2026-06-11,xdxr_capital_history,current_mootdx_f10,4.025301897642319,ok,ok,early,train,filled_proxy,09:31,09:32,1,18.5,18.52,500,66207.0,0.007552071533221563,18.96,-4.0434738882156545,-1.8763336903939831,filled_proxy,09:32,17.55,17.57,40853.0,early_exit,-5.391935856097108,19.5,unfilled_d3,,,,,limit_down_or_capacity,,19.5
2026-03-30,sz:stock:002675,002675,东诚药业,sz,main,医药生物,14.48,14.48,14.48,14.48,13.16,14.48,143371.0,207601216.0,824595703.125,743383984.375,11940145781.25,10764200093.75,1.928626,0.0,10.030395,10.030395,18.300654,1,2024-12-31,2026-10-02,mootdx,2026-10-02T10:02:03.930854+08:00,2026-03-31,2026-04-01,xdxr_capital_history,current_mootdx_f10,3.383977900552493,ok,ok,early,train,filled_proxy,09:31,09:32,1,14.870000000000001,14.89,600,52004.0,0.01153757403276671,15.78,-5.39660117100923,-0.8669072234599673,filled_proxy,09:32,14.32,14.34,16409.0,early_exit,-3.9877804823460927,15.68,filled_proxy,14:56,14.59,14.61,4670.0,end_of_day_exit,-2.176439596922086,15.68
2026-07-01,sz:stock:002698,002698,博实股份,sz,main,机械设备,12.08,13.28,12.04,13.28,12.07,13.28,407357.0,528279904.0,1022561562.5,844138359.375,13579617550.0,11210157412.5,4.825714,10.273405,0.08285,10.024855,10.851419,1,2026-06-30,2026-10-02,mootdx,2026-10-02T10:02:03.930854+08:00,2026-07-02,2026-07-03,xdxr_capital_history,current_mootdx_f10,3.0873493975903665,ok,ok,early,validation,filled_proxy,09:31,09:32,1,13.620000000000001,13.64,600,17970.0,0.0333889816360601,14.48,-0.6134670648254237,2.9449698170314065,filled_proxy,09:32,13.51,13.530000000000001,4582.0,early_exit,-1.1260835073056308,14.37,filled_proxy,14:56,13.72,13.74,2904.0,end_of_day_exit,0.4117658201349794,14.37
2026-05-21,sz:stock:002703,002703,浙江世宝,sz,main,汽车,18.45,19.92,18.45,19.92,18.11,19.92,685593.0,1348897792.0,822632421.875,586048085.9375,16386837843.75,11674077871.88,11.698579,8.117062,1.877416,9.994478,5.285412,1,2024-10-10,2026-10-02,mootdx,2026-10-02T10:02:03.930854+08:00,2026-05-22,2026-05-25,xdxr_capital_history,current_mootdx_f10,3.2630522088353375,ok,ok,early,train,filled_proxy,09:31,09:32,1,20.95,20.98,400,82438.0,0.004852131298672942,21.71,-0.17105747824894824,5.864768624105898,filled_proxy,09:32,21.06,21.09,57507.0,early_exit,0.20983284397140256,22.09,filled_proxy,10:19,22.09,22.18,22844.0,precommitted_target,5.113795742558236,22.09
2026-04-15,sz:stock:002705,002705,新宝股份,sz,main,家用电器,16.11,17.34,15.71,17.34,15.76,17.34,497067.0,834157504.0,811875781.25,807630859.375,14077926046.88,14004319101.56,6.154631,10.34264,2.220812,10.025381,15.139442,1,2026-06-30,2026-10-02,mootdx,2026-10-02T10:02:03.930854+08:00,2026-04-16,2026-04-17,xdxr_capital_history,current_mootdx_f10,4.55594002306805,ok,ok,early,train,filled_proxy,09:31,09:32,1,18.29,18.31,500,39061.0,0.012800491538875094,18.9,-5.780487532354406,0.720006067515766,filled_proxy,09:32,17.12,17.14,22424.0,early_exit,-6.653395838603804,19.28,filled_proxy,14:56,17.82,17.84,4899.0,end_of_day_exit,-2.8344219987626484,19.28
2026-01-05,sz:stock:002716,002716,湖南白银,sz,main,有色金属,7.26,7.61,7.26,7.61,6.92,7.61,3748562.0,2807656704.0,2823088750.0,2324854218.75,21483705387.5,17692140604.69,16.123858,5.057803,4.913295,9.971098,17.438272,1,2026-06-30,2026-10-02,mootdx,2026-10-02T10:02:03.930854+08:00,2026-01-06,2026-01-07,xdxr_capital_history,current_mootdx_f10,3.942181340341655,ok,ok,early,train,filled_proxy,09:31,09:32,1,7.9,7.91,1200,133241.0,0.009006236818997156,8.29,3.126272217988957,5.92485834394505,filled_proxy,09:32,8.37,8.38,156284.0,early_exit,5.652071970656891,8.33,filled_proxy,09:32,8.33,8.38,156284.0,precommitted_target,5.146912020123318,8.33
2026-01-14,sz:stock:002716,002716,湖南白银,sz,main,有色金属,9.3,9.92,9.3,9.92,9.02,9.92,3897003.0,3804724736.0,2823088750.0,2324854218.75,28005040400.0,23062553850.0,16.762354,6.873614,3.104213,9.977827,24.155194,1,2026-06-30,2026-10-02,mootdx,2026-10-02T10:02:03.930854+08:00,2026-01-15,2026-01-16,xdxr_capital_history,current_mootdx_f10,3.729838709677402,ok,ok,early,train,filled_proxy,09:31,09:32,1,10.33,10.35,900,236347.0,0.0038079603295155004,10.81,1.2884780019607467,10.82911524870327,filled_proxy,09:32,11.05,11.07,261817.0,early_exit,6.596875053764895,10.9,filled_proxy,09:32,10.9,11.07,261817.0,precommitted_target,5.14913040327285,10.9
2026-01-19,sz:stock:002718,002718,友邦吊顶,sz,main,建筑材料,55.95,61.08,55.87,61.08,55.53,61.08,49699.0,297001504.0,129447832.0313,93980820.3125,7906673580.47,5740348504.69,5.288207,9.382316,0.756348,9.994598,7.800918,1,2026-02-13,2026-10-02,mootdx,2026-10-02T10:02:03.930854+08:00,2026-01-20,2026-01-21,xdxr_capital_history,current_mootdx_f10,4.28945645055665,ok,ok,early,train,observed_breach_before_fill,,,,,,,,,,,,,,,,,,,,,,,,,,,
2026-08-10,sz:stock:002739,002739,儒意电影,sz,main,传媒,9.66,9.93,9.15,9.93,9.03,9.93,1956860.0,1866411392.0,2111778750.0,2099912500.0,20969962987.5,20852131125.0,9.318769,8.637874,6.976744,9.966777,15.465116,1,2026-01-22,2026-10-02,mootdx,2026-10-02T10:02:03.930854+08:00,2026-08-11,2026-08-12,xdxr_capital_history,current_mootdx_f10,3.7260825780463414,ok,ok,early,validation,filled_proxy,09:31,09:32,1,10.4,10.42,900,198743.0,0.004528461379771866,10.82,-0.3502829745777092,6.541399596562503,filled_proxy,09:32,10.49,10.51,114221.0,early_exit,0.5125314861768482,10.97,filled_proxy,13:26,10.97,11.03,67026.0,precommitted_target,5.114208610201065,10.97
2026-08-20,sz:stock:002743,002743,ST富煌,sz,main,建筑装饰,4.05,4.42,4.0,4.42,4.02,4.42,465682.0,200992736.0,435268476.5625,434570976.5625,1923886666.41,1920803716.41,10.715902,10.447761,0.746269,9.950249,10.5,1,2023-12-31,2026-10-02,mootdx,2026-10-02T10:02:03.930854+08:00,2026-08-21,2026-08-24,xdxr_capital_history,current_mootdx_f10,3.8461538461538547,ok,ok,early,validation,filled_proxy,09:31,09:32,1,4.67,4.68,2000,53772.0,0.03719407870267053,4.82,-2.50670212201618,0.1678274096481136,filled_proxy,09:32,4.6,4.61,9242.0,early_exit,-1.8663518750095531,4.93,filled_proxy,14:56,4.48,4.49,3319.0,end_of_day_exit,-4.427752863035995,4.93
2026-06-30,sz:stock:002747,002747,埃斯顿,sz,main,机械设备,34.63,37.33,33.48,37.33,33.94,37.33,686299.0,2452028672.0,967798437.5,782435156.25,36127915671.88,29208304382.81,8.771321,11.343547,2.032999,9.988214,-2.405229,1,2026-08-11,2026-10-02,mootdx,2026-10-02T10:02:03.930854+08:00,2026-07-01,2026-07-02,xdxr_capital_history,current_mootdx_f10,4.500401821591216,ok,ok,early,validation,no_pre10_fill_proxy,,,,,,,,,,,,,,,,,,,,,,,,,,,
2026-07-31,sz:stock:002774,002774,快意电梯,sz,main,机械设备,13.88,14.82,13.77,14.82,13.47,14.82,210570.0,309131296.0,336687890.625,281771933.5938,4989714539.06,4175860055.86,7.473065,7.7951,3.043801,10.022272,-15.986395,1,2026-06-30,2026-10-02,mootdx,2026-10-02T10:02:03.930854+08:00,2026-08-03,2026-08-04,xdxr_capital_history,current_mootdx_f10,4.251012145748989,ok,ok,early,validation,filled_proxy,09:31,09:32,1,14.94,14.96,600,8533.0,0.0703152466893238,16.15,-4.436785408544908,-0.6634451073563419,filled_proxy,09:32,13.94,13.96,2193.0,early_exit,-6.974158111520756,15.75,filled_proxy,14:56,14.72,14.74,1508.0,end_of_day_exit,-1.76586677383348,15.75
2026-01-09,sz:stock:002777,002777,久远银海,sz,main,计算机,18.66,20.31,18.63,20.31,18.46,20.31,429028.0,849235456.0,408231054.6875,404511484.375,8291172720.7,8215628247.66,10.606077,9.100758,1.083424,10.021668,13.210702,1,2024-06-30,2026-10-02,mootdx,2026-10-02T10:02:03.930854+08:00,2026-01-12,2026-01-13,xdxr_capital_history,current_mootdx_f10,4.972919743968496,ok,ok,early,train,filled_proxy,09:31,09:32,1,21.5,21.53,400,16645.0,0.024031240612796635,22.14,1.6414156482864373,7.194334975034455,filled_proxy,09:32,21.45,21.48,11557.0,early_exit,-0.539183656203257,22.67,filled_proxy,10:27,22.67,22.8,10456.0,precommitted_target,5.121095389493435,22.67
2026-05-06,sz:stock:002787,002787,华源控股,sz,main,轻工制造,20.01,21.34,20.0,21.34,19.4,21.34,205975.0,427431328.0,335176601.5625,250860117.1875,7152668677.34,5353354900.78,8.210751,6.907216,3.14433,10.0,-0.187091,1,2026-06-03,2026-10-02,mootdx,2026-10-02T10:02:03.930854+08:00,2026-05-07,2026-05-08,xdxr_capital_history,current_mootdx_f10,3.0927835051546504,ok,ok,early,train,filled_proxy,09:31,09:32,1,22.02,22.05,400,14847.0,0.0269414696571698,23.26,4.183728837973533,6.297076940262203,filled_proxy,09:32,22.77,22.8,17026.0,early_exit,3.096475794995457,23.22,filled_proxy,09:40,23.22,23.28,4118.0,precommitted_target,5.135075250579368,23.22
2026-06-25,sz:stock:002787,002787,华源控股,sz,main,轻工制造,27.86,30.34,27.85,30.34,27.58,30.34,233071.0,699396800.0,332398710.9375,248083242.1875,10084976889.84,7526845567.97,9.394871,9.028281,1.015228,10.007252,2.847458,1,2026-06-03,2026-10-02,mootdx,2026-10-02T10:02:03.930854+08:00,2026-06-26,2026-06-29,xdxr_capital_history,current_mootdx_f10,4.350692155570202,ok,ok,early,train,filled_proxy,09:31,09:32,1,32.87,32.91,300,22052.0,0.013604208235080717,33.07,-2.2780381746599354,-1.587377048720795,filled_proxy,09:32,31.81,31.85,9329.0,early_exit,-3.4922272942294996,34.65,filled_proxy,14:56,31.34,31.38,1376.0,end_of_day_exit,-4.918899509723751,34.65
2026-08-03,sz:stock:002792,002792,通宇通讯,sz,main,通信,23.65,26.14,23.56,26.14,23.76,26.14,205202.0,522090208.0,523836015.625,337841914.0625,13693073448.44,8831187633.59,6.073906,10.858586,-0.462963,10.016835,2.872885,1,2026-09-08,2026-10-02,mootdx,2026-10-02T10:02:03.930854+08:00,2026-08-04,2026-08-05,xdxr_capital_history,current_mootdx_f10,3.289977046671755,ok,ok,early,validation,filled_proxy,09:31,09:32,1,27.66,27.69,300,15439.0,0.01943131031802578,28.49,10.469445536953703,13.92663390923017,filled_proxy,09:32,31.38,31.42,36781.0,early_exit,13.13889407508051,29.16,filled_proxy,09:32,29.16,31.42,36781.0,precommitted_target,5.130548460700113,29.16
2026-09-21,sz:stock:002792,002792,通宇通讯,sz,main,通信,32.51,34.54,32.36,34.54,31.4,34.54,688587.0,2334817536.0,523836015.625,338994414.0625,18093295979.69,11708867061.72,20.312636,6.942675,3.535032,10.0,15.90604,1,2026-09-08,2026-10-02,mootdx,2026-10-02T10:02:03.930854+08:00,2026-09-22,2026-09-23,xdxr_capital_history,current_mootdx_f10,4.516502605674577,ok,ok,early,holdout,filled_proxy,09:31,09:32,1,35.67,35.71,200,30538.0,0.006549217368524461,37.65,-1.226741623913974,-1.2138198451079774,filled_proxy,09:32,34.67,34.71,4719.0,early_exit,-3.1006792429674634,37.61,filled_proxy,14:56,33.32,33.36,1734.0,end_of_day_exit,-6.876523699269265,37.61
2026-01-09,sz:stock:002795,002795,永和智控,sz,main,机械设备,7.03,7.45,6.87,7.45,6.77,7.45,504346.0,360830368.0,441687421.875,434428945.3125,3290571292.97,3236495642.58,11.609401,8.567208,3.840473,10.044313,18.253968,1,2026-06-30,2026-10-02,mootdx,2026-10-02T10:02:03.930854+08:00,2026-01-12,2026-01-13,xdxr_capital_history,current_mootdx_f10,4.563758389261752,ok,ok,early,train,filled_proxy,09:31,09:32,1,7.6000000000000005,7.61,1200,17612.0,0.06813536225300931,8.12,-2.9179977594883,-1.966057861836057,filled_proxy,09:32,7.42,7.43,5934.0,early_exit,-2.6554660723255186,8.02,filled_proxy,14:56,7.18,7.19,2137.0,end_of_day_exit,-5.805846318278885,8.02
2026-05-20,sz:stock:002796,002796,世嘉科技,sz,main,通信,50.51,53.25,50.4,53.25,48.41,53.25,135223.0,715941760.0,252366953.125,227708203.125,13438540253.91,12125461816.41,5.938433,5.887213,4.337947,9.997934,-1.260894,1,2026-06-30,2026-10-02,mootdx,2026-10-02T10:02:03.930854+08:00,2026-05-21,2026-05-22,xdxr_capital_history,current_mootdx_f10,4.901408450704214,ok,ok,early,train,filled_proxy,09:31,09:32,1,56.59,56.65,100,18293.0,0.0054665719127535125,58.04,-8.5308775530488,-6.755786946149822,filled_proxy,09:32,51.29,51.35,4091.0,early_exit,-9.676665928902139,59.68,filled_proxy,14:56,49.72,49.77,1560.0,end_of_day_exit,-12.444185544424858,59.68
2026-04-24,sz:stock:002812,002812,恩捷股份,sz,main,电力设备,70.5,77.18,70.1,77.18,70.16,77.18,659558.0,4946335744.0,982131875.0,822657031.25,75800938112.5,63492669671.88,8.017412,10.09122,0.484607,10.005701,7.688015,1,2026-06-30,2026-10-02,mootdx,2026-10-02T10:02:03.930854+08:00,2026-04-27,2026-04-28,xdxr_capital_history,current_mootdx_f10,3.9647577092510877,ok,ok,early,train,filled_proxy,09:31,09:32,1,83.18,83.27,100,34976.0,0.0028591033851784083,84.13,-3.17090614001988,-2.692578422226921,filled_proxy,09:32,78.82,78.9,12853.0,early_exit,-5.510063631421202,87.67,filled_proxy,14:56,78.34,78.42,2124.0,end_of_day_exit,-6.085856244689203,87.67
2026-07-09,sz:stock:002815,002815,崇达技术,sz,main,电子,15.63,17.15,15.63,17.15,15.59,17.15,789615.0,1315134464.0,1234151328.125,777138046.875,21165695277.34,13327917503.91,10.16055,9.74984,0.256575,10.006414,12.459016,1,2026-06-30,2026-10-02,mootdx,2026-10-02T10:02:03.930854+08:00,2026-07-10,2026-07-13,xdxr_capital_history,current_mootdx_f10,3.206997084548102,ok,ok,early,validation,filled_proxy,09:31,09:32,1,18.400000000000002,18.42,500,53760.0,0.009300595238095238,18.69,-3.0347396093849066,0.17303264391681505,filled_proxy,09:32,18.38,18.400000000000002,38024.0,early_exit,-0.3774134823893993,19.4,filled_proxy,14:56,16.7,16.72,11001.0,end_of_day_exit,-9.488245917802596,19.4
2026-03-31,sz:stock:002821,002821,凯莱英,sz,main,医药生物,105.67,110.77,105.67,110.77,100.7,110.77,170049.0,1872865280.0,360874960.9375,317043867.1875,39974119423.05,35118949168.36,5.36358,5.064548,4.935452,10.0,15.880322,1,2026-06-13,2026-10-02,mootdx,2026-10-02T10:02:03.930854+08:00,2026-04-01,2026-04-02,xdxr_capital_history,current_mootdx_f10,3.466642592759772,ok,ok,early,train,below_one_lot,,,,,,,,,,,,,,,,,,,,,,,,,,,
2026-08-07,sz:stock:002821,002821,凯莱英,sz,main,医药生物,156.5,172.26,156.0,172.26,156.6,172.26,108450.0,1802066688.0,360780976.5625,317043867.1875,62148131022.66,54613976561.72,3.420662,10.383142,-0.063857,10.0,12.846381,1,2026-08-20,2026-10-02,mootdx,2026-10-02T10:02:03.930854+08:00,2026-08-10,2026-08-11,xdxr_capital_history,current_mootdx_f10,4.493207941483801,ok,ok,early,validation,below_one_lot,,,,,,,,,,,,,,,,,,,,,,,,,,,
2026-04-15,sz:stock:002824,002824,和胜股份,sz,main,有色金属,27.22,29.62,26.67,29.62,26.93,29.62,341902.0,984461696.0,311178847.6563,220001132.8125,9217117467.58,6516433553.91,15.54092,10.954326,1.076866,9.98886,41.858238,1,2026-04-29,2026-10-02,mootdx,2026-10-02T10:02:03.930854+08:00,2026-04-16,2026-04-17,xdxr_capital_history,current_mootdx_f10,4.085077650236313,ok,ok,early,train,filled_proxy,09:31,09:32,1,30.150000000000002,30.19,300,26379.0,0.011372682815876264,32.29,-7.507870007968808,2.8118989695773866,filled_proxy,09:32,28.49,28.52,24644.0,early_exit,-5.787290867917239,31.79,filled_proxy,14:56,30.13,30.17,1558.0,end_of_day_exit,-0.3608489646776958,31.79
2026-06-11,sz:stock:002824,002824,和胜股份,sz,main,有色金属,26.91,28.86,26.8,28.86,26.24,28.86,306706.0,862631744.0,311178847.6563,226176132.8125,8980621543.36,6527443192.97,13.560494,7.85061,2.553354,9.984756,5.136612,1,2026-06-30,2026-10-02,mootdx,2026-10-02T10:02:03.930854+08:00,2026-06-12,2026-06-15,xdxr_capital_history,current_mootdx_f10,3.950103950103956,ok,ok,early,train,filled_proxy,09:31,09:32,1,30.16,30.2,300,13346.0,0.02247864528697737,31.46,-3.4699951040754073,4.826604118220268,filled_proxy,09:32,30.79,30.830000000000002,10495.0,early_exit,1.7892654045840395,31.8,filled_proxy,14:57,31.7,31.740000000000002,311.0,end_of_day_exit,4.7992824252633515,31.8
2026-03-02,sz:stock:002828,002828,贝肯能源,sz,main,石油石化,14.88,14.88,14.48,14.88,13.53,14.88,274293.0,406168416.0,200987597.6563,200987597.6563,2990695453.13,2990695453.13,13.64726,2.956393,9.977827,9.977827,17.814727,1,2025-12-31,2026-10-02,mootdx,2026-10-02T10:02:03.930854+08:00,2026-03-03,2026-03-04,xdxr_capital_history,current_mootdx_f10,4.435483870967727,ok,ok,early,train,no_pre10_fill_proxy,,,,,,,,,,,,,,,,,,,,,,,,,,,
2026-08-10,sz:stock:002828,002828,贝肯能源,sz,main,石油石化,11.54,12.87,11.54,12.87,11.7,12.87,250905.0,314859488.0,200987597.6563,200987597.6563,2586710381.84,2586710381.84,12.483606,11.367521,-1.367521,10.0,9.160305,1,2025-12-31,2026-10-02,mootdx,2026-10-02T10:02:03.930854+08:00,2026-08-11,2026-08-12,xdxr_capital_history,current_mootdx_f10,4.972804972804967,ok,ok,early,validation,filled_proxy,09:31,09:32,1,13.15,13.17,700,42194.0,0.016590036498080295,14.03,-2.89096590219573,-2.078845050983835,filled_proxy,09:32,12.73,12.75,10160.0,early_exit,-3.4977620925100483,13.87,filled_proxy,14:56,12.44,12.46,2197.0,end_of_day_exit,-5.697398282399435,13.87
2026-03-11,sz:stock:002831,002831,裕同科技,sz,main,轻工制造,31.04,34.06,31.03,34.06,30.96,34.06,161068.0,536517248.0,920513515.625,510983203.125,31352690342.19,17404087898.44,3.152119,9.786822,0.258398,10.01292,9.870968,1,2026-05-11,2026-10-02,mootdx,2026-10-02T10:02:03.930854+08:00,2026-03-12,2026-03-13,xdxr_capital_history,current_mootdx_f10,4.697592483851998,ok,ok,early,train,filled_proxy,09:31,09:32,1,34.67,34.71,200,7068.0,0.028296547821165818,37.13,-2.584185778871906,0.5378404582000229,filled_proxy,09:32,32.76,32.8,4528.0,early_exit,-5.806922539720349,36.56,filled_proxy,14:56,34.46,34.5,1260.0,end_of_day_exit,-0.9152685277182604,36.56
2026-08-25,sz:stock:002837,002837,英维克,sz,main,机械设备,53.54,60.23,53.01,60.23,54.75,60.23,964758.0,5646530048.0,1277131640.625,1133240078.125,76921638714.84,68255049905.47,8.513271,13.187215,-2.210046,10.009132,4.620462,1,2026-06-30,2026-10-02,mootdx,2026-10-02T10:02:03.930854+08:00,2026-08-26,2026-08-27,xdxr_capital_history,current_mootdx_f10,4.68205213348829,ok,ok,early,validation,filled_proxy,09:31,09:32,1,62.33,62.4,100,59948.0,0.0016681123640488423,65.65,-0.00402606065231792,5.443900224279585,filled_proxy,09:32,61.71,61.78,15608.0,early_exit,-1.3163937321106656,65.72,filled_proxy,13:42,65.72,65.91,10382.0,precommitted_target,5.101404270996568,65.72
2026-01-28,sz:stock:002842,002842,翔鹭钨业,sz,main,有色金属,26.5,28.84,25.35,28.84,26.22,28.84,733490.0,1978213504.0,327172421.875,268462363.2813,9435652646.88,7742454557.03,27.321893,13.31045,1.067887,9.992372,27.610619,1,2026-06-30,2026-10-02,mootdx,2026-10-02T10:02:03.930854+08:00,2026-01-29,2026-01-30,xdxr_capital_history,current_mootdx_f10,3.016643550624143,ok,ok,early,train,observed_breach_before_fill,,,,,,,,,,,,,,,,,,,,,,,,,,,
2026-02-06,sz:stock:002842,002842,翔鹭钨业,sz,main,有色金属,25.87,28.46,25.49,28.46,25.87,28.46,557718.0,1535470720.0,327172421.875,268462363.2813,9311327126.56,7640438858.98,20.774532,11.480479,0.0,10.011596,8.958652,1,2026-06-30,2026-10-02,mootdx,2026-10-02T10:02:03.930854+08:00,2026-02-09,2026-02-10,xdxr_capital_history,current_mootdx_f10,3.3731553056921992,ok,ok,early,train,filled_proxy,09:31,09:32,1,29.650000000000002,29.68,300,21430.0,0.01399906672888474,31.02,3.1677587768277338,7.872573370307245,filled_proxy,09:32,30.98,31.02,11986.0,early_exit,4.211104169186752,31.25,filled_proxy,09:33,31.25,31.490000000000002,11805.0,precommitted_target,5.119824349628455,31.25
2026-02-27,sz:stock:002842,002842,翔鹭钨业,sz,main,有色金属,38.01,41.56,38.01,41.56,37.78,41.56,414150.0,1701046528.0,327172421.875,268462363.2813,13597285853.13,11157295817.97,15.426743,9.396506,0.608788,10.005294,7.920021,1,2026-06-30,2026-10-02,mootdx,2026-10-02T10:02:03.930854+08:00,2026-03-02,2026-03-03,xdxr_capital_history,current_mootdx_f10,3.777670837343594,ok,ok,early,train,filled_proxy,09:31,09:32,1,43.4,43.45,200,41077.0,0.0048689047398787644,45.3,4.936750660881839,11.331353652141196,filled_proxy,09:32,46.54,46.59,30647.0,early_exit,6.936860171000703,45.75,filled_proxy,09:32,45.75,46.59,30647.0,precommitted_target,5.120668776754833,45.75
2026-04-29,sz:stock:002842,002842,翔鹭钨业,sz,main,有色金属,32.91,34.99,32.32,34.99,31.81,34.99,569299.0,1916829440.0,327172421.875,268462363.2813,11447763041.41,9393498091.21,21.205915,8.393587,3.458032,9.996856,0.488225,1,2026-06-30,2026-10-02,mootdx,2026-10-02T10:02:03.930854+08:00,2026-04-30,2026-05-06,xdxr_capital_history,current_mootdx_f10,4.344098313803935,ok,ok,early,train,filled_proxy,09:31,09:36,5,37.9,37.94,200,33546.0,0.005961962678113635,38.14,2.5806029479584103,4.213758289216507,filled_proxy,09:32,38.1,38.14,26086.0,early_exit,0.2375574837532035,39.95,filled_proxy,14:56,39.31,39.35,5045.0,end_of_day_exit,3.423046260931084,39.95
2026-08-05,sz:stock:002842,002842,翔鹭钨业,sz,main,有色金属,31.63,34.56,31.12,34.56,31.42,34.56,406581.0,1348349056.0,327172421.875,268462050.7813,11307078900.0,9278048475.0,15.144822,10.94844,0.668364,9.993635,14.097062,1,2026-09-24,2026-10-02,mootdx,2026-10-02T10:02:03.930854+08:00,2026-08-06,2026-08-07,xdxr_capital_history,current_mootdx_f10,4.166666666666652,ok,ok,early,validation,filled_proxy,09:31,09:32,1,36.13,36.17,200,45824.0,0.004364525139664804,37.67,-0.7699917528383171,10.275511903504487,filled_proxy,09:32,36.71,36.75,19938.0,early_exit,1.3010401827259654,38.09,filled_proxy,14:12,38.09,38.36,4426.0,precommitted_target,5.111738944164235,38.09
2026-09-18,sz:stock:002849,002849,威星智能,sz,main,机械设备,18.58,20.32,18.57,20.32,18.47,20.32,271727.0,544777216.0,220634023.4375,218691347.6563,4483283356.25,4443808184.38,12.425137,9.474824,0.59556,10.016243,19.740719,1,2026-06-30,2026-10-02,mootdx,2026-10-02T10:02:03.930854+08:00,2026-09-21,2026-09-22,xdxr_capital_history,current_mootdx_f10,3.297244094488172,ok,ok,early,holdout,filled_proxy,09:31,09:32,1,20.73,20.76,400,15369.0,0.026026416813065258,22.15,-0.7015893296452136,1.8908277373528515,filled_proxy,09:32,20.79,20.82,3968.0,early_exit,-0.027971798919457225,21.86,filled_proxy,14:56,20.85,20.88,673.0,end_of_day_exit,0.26072142853443836,21.86
2026-04-29,sz:stock:002851,002851,麦格米特,sz,main,电力设备,110.0,115.61,109.5,115.61,105.1,115.61,227311.0,2611106560.0,581611679.6875,458075937.5,67240126288.67,52958159134.38,4.9623,5.813511,4.662226,10.0,6.680816,1,2026-06-30,2026-10-02,mootdx,2026-10-02T10:02:03.930854+08:00,2026-04-30,2026-05-06,xdxr_capital_history,current_mootdx_f10,4.999567511460956,ok,ok,early,train,below_one_lot,,,,,,,,,,,,,,,,,,,,,,,,,,,
2026-07-09,sz:stock:002851,002851,麦格米特,sz,main,电力设备,149.98,159.59,149.97,159.59,145.08,159.59,444555.0,6948665344.0,584317968.75,460847226.5625,93251304632.81,73546608887.11,9.646472,6.630824,3.377447,10.001379,8.586786,1,2026-07-16,2026-10-02,mootdx,2026-10-02T10:02:03.930854+08:00,2026-07-10,2026-07-13,xdxr_capital_history,current_mootdx_f10,4.994047246068045,ok,ok,early,validation,below_one_lot,,,,,,,,,,,,,,,,,,,,,,,,,,,
2026-06-15,sz:stock:002859,002859,洁美科技,sz,main,电子,78.88,82.81,78.88,82.81,75.28,82.81,216914.0,1769139328.0,431226562.5,405899414.0625,35709871640.63,33612530478.52,5.344033,5.22051,4.782147,10.002657,3.125778,1,2026-06-22,2026-10-02,mootdx,2026-10-02T10:02:03.930854+08:00,2026-06-16,2026-06-17,xdxr_capital_history,current_mootdx_f10,4.455983576862699,ok,ok,early,train,filled_proxy,09:31,09:32,1,87.35000000000001,87.44,100,8982.0,0.0111333778668448,90.26,1.5130509428306738,6.866660692443594,filled_proxy,09:32,91.63,91.73,9047.0,early_exit,4.620361069336876,92.05,filled_proxy,09:39,92.05,92.60000000000001,2179.0,precommitted_target,5.100166309459131,92.05
2026-01-07,sz:stock:002864,002864,盘龙药业,sz,main,医药生物,31.7,34.87,31.68,34.87,31.7,34.87,105633.0,356332416.0,106280957.0313,73685229.4922,3706016971.68,2569403952.39,14.335709,10.063091,0.0,10.0,12.847896,1,2026-06-30,2026-10-02,mootdx,2026-10-02T10:02:03.930854+08:00,2026-01-08,2026-01-09,xdxr_capital_history,current_mootdx_f10,3.3839977057642745,ok,ok,early,train,filled_proxy,09:31,09:32,1,35.800000000000004,35.84,200,10035.0,0.019930244145490782,38.01,-4.594491937378786,-2.7133292645418194,filled_proxy,09:32,34.26,34.300000000000004,1739.0,early_exit,-4.594491937378786,37.74,filled_proxy,14:56,34.3,34.34,518.0,end_of_day_exit,-4.483020585122633,37.74
2026-02-03,sz:stock:002865,002865,钧达股份,sz,main,电力设备,107.57,110.22,103.99,110.22,100.2,110.22,319240.0,3459199232.0,311266054.6875,228815156.25,34307744547.66,25220006521.88,13.951873,6.217565,7.355289,10.0,5.858625,1,2026-06-30,2026-10-02,mootdx,2026-10-02T10:02:03.930854+08:00,2026-02-04,2026-02-05,xdxr_capital_history,current_mootdx_f10,3.8105606967882455,ok,ok,early,train,below_one_lot,,,,,,,,,,,,,,,,,,,,,,,,,,,
2026-02-24,sz:stock:002875,002875,安奈儿,sz,main,纺织服饰,17.5,19.05,17.37,19.05,17.32,19.05,144058.0,265833824.0,213016875.0,182434609.375,4057971468.75,3475379308.59,7.896418,9.699769,1.039261,9.988453,7.993197,1,2026-04-21,2026-10-02,mootdx,2026-10-02T10:02:03.930854+08:00,2026-02-25,2026-02-26,xdxr_capital_history,current_mootdx_f10,3.202099737532804,ok,ok,early,train,filled_proxy,09:31,09:32,1,19.59,19.61,400,6422.0,0.06228589224540642,20.76,-3.4392358550566438,-0.8389833596821661,filled_proxy,09:32,19.34,19.36,4764.0,early_exit,-1.5546258192318474,20.65,filled_proxy,14:56,19.38,19.400000000000002,1163.0,end_of_day_exit,-1.3508841937372784,20.65
2026-08-03,sz:stock:002879,002879,长缆科技,sz,main,电力设备,16.51,17.88,15.98,17.88,16.25,17.88,252219.0,431019136.0,193107636.7188,137139023.4375,3452764544.53,2452045739.06,18.391483,11.692308,1.6,10.030769,-9.969789,1,2026-06-30,2026-10-02,mootdx,2026-10-02T10:02:03.930854+08:00,2026-08-04,2026-08-05,xdxr_capital_history,current_mootdx_f10,4.36241610738255,ok,ok,early,validation,filled_proxy,09:31,09:32,1,18.27,18.29,500,20447.0,0.024453465055998432,19.49,0.1118223796550133,5.904327897181849,filled_proxy,09:32,18.56,18.580000000000002,8832.0,early_exit,1.3133830482098707,19.26,filled_proxy,14:20,19.26,19.31,10229.0,precommitted_target,5.1365306299753,19.26
2026-04-14,sz:stock:002885,002885,京泉华,sz,main,电子,26.9,27.05,26.9,27.05,24.59,27.05,89930.0,243084560.0,270916972.6563,237255820.3125,7328304110.35,6417769939.45,3.790423,0.610004,9.394063,10.004067,17.659852,1,2026-06-30,2026-10-02,mootdx,2026-10-02T10:02:03.930854+08:00,2026-04-15,2026-04-16,xdxr_capital_history,current_mootdx_f10,4.953789279112764,ok,ok,early,train,observed_breach_before_fill,,,,,,,,,,,,,,,,,,,,,,,,,,,
2026-03-23,sz:stock:002896,002896,中大力德,sz,main,机械设备,74.02,77.0,74.02,77.0,70.0,77.0,126224.0,967470976.0,196522675.7813,196522675.7813,15132246035.16,15132246035.16,6.422872,4.257143,5.742857,10.0,0.890985,1,2025-06-27,2026-10-02,mootdx,2026-10-02T10:02:03.930854+08:00,2026-03-24,2026-03-25,xdxr_capital_history,current_mootdx_f10,3.8441558441558277,ok,ok,early,train,filled_proxy,09:31,09:32,1,78.61,78.69,100,5404.0,0.01850481125092524,83.93,-7.490376248703701,-4.45080952829543,filled_proxy,09:32,73.93,74.01,2103.0,early_exit,-6.221034095355216,82.85,filled_proxy,14:56,74.17,74.25,917.0,end_of_day_exit,-5.916391978551583,82.85
2026-05-22,sz:stock:002897,002897,意华股份,sz,main,通信,66.56,72.12,65.2,72.12,65.56,72.12,209635.0,1451232768.0,193880703.125,182425214.8438,13982676309.38,13156506494.53,11.491558,10.555217,1.52532,10.006101,5.903084,1,2026-06-05,2026-10-02,mootdx,2026-10-02T10:02:03.930854+08:00,2026-05-25,2026-05-26,xdxr_capital_history,current_mootdx_f10,3.993344425956735,ok,ok,early,train,filled_proxy,09:31,09:32,1,78.12,78.2,100,21221.0,0.004712313274586494,78.61,7.215752936501008,11.28103729698191,filled_proxy,09:32,86.93,87.02,28928.0,early_exit,10.970987740416449,82.34,filled_proxy,09:32,82.34,87.02,28928.0,precommitted_target,5.108223199609707,82.34
2026-06-18,sz:stock:002897,002897,意华股份,sz,main,通信,87.7,96.8,87.0,96.8,88.0,96.8,130100.0,1225820544.0,193880703.125,182441718.75,18767652062.5,17660358375.0,7.131044,11.136364,-0.340909,10.0,20.78862,1,2026-06-23,2026-10-02,mootdx,2026-10-02T10:02:03.930854+08:00,2026-06-22,2026-06-23,xdxr_capital_history,current_mootdx_f10,4.958677685950419,ok,ok,early,train,below_one_lot,,,,,,,,,,,,,,,,,,,,,,,,,,,
2026-04-27,sz:stock:002902,002902,铭普光磁,sz,main,通信,28.5,28.61,28.5,28.61,26.01,28.61,153317.0,438467616.0,235009062.5,177632050.7813,6723609278.13,5082052972.85,8.631156,0.422914,9.573241,9.996155,-5.264901,1,2026-06-30,2026-10-02,mootdx,2026-10-02T10:02:03.930854+08:00,2026-04-28,2026-04-29,xdxr_capital_history,current_mootdx_f10,3.6350926249563154,ok,ok,early,train,filled_proxy,09:31,09:32,1,29.98,30.01,300,35582.0,0.008431229273228036,31.18,4.6635478619877935,7.485103898545331,filled_proxy,09:32,31.98,32.02,26732.0,early_exit,6.3944413086644225,31.6,filled_proxy,09:32,31.6,32.02,26732.0,precommitted_target,5.129557636093041,31.6
2026-06-15,sz:stock:002903,002903,宇环数控,sz,main,机械设备,47.25,49.9,45.36,49.9,45.36,49.9,130394.0,632202304.0,156697998.0469,106665644.5313,7819230102.54,5322615662.11,12.224555,10.008818,4.166667,10.008818,3.612957,1,2026-06-30,2026-10-02,mootdx,2026-10-02T10:02:03.930854+08:00,2026-06-16,2026-06-17,xdxr_capital_history,current_mootdx_f10,3.3667334669338578,ok,ok,early,train,filled_proxy,09:31,09:32,1,53.27,53.33,100,7973.0,0.012542330364981815,54.39,-1.8682614023266098,2.129939513923884,filled_proxy,09:32,52.56,52.620000000000005,2555.0,early_exit,-1.6810227334315475,56.19,filled_proxy,14:56,53.27,53.33,1250.0,end_of_day_exit,-0.3516281842766755,56.19
2026-08-20,sz:stock:002903,002903,宇环数控,sz,main,机械设备,27.88,30.67,27.5,30.67,27.88,30.67,215996.0,638273920.0,155661503.9063,107565947.2656,4774138324.8,3299047602.64,20.080333,11.370158,0.0,10.007174,8.797446,1,2026-08-11,2026-10-02,mootdx,2026-10-02T10:02:03.930854+08:00,2026-08-21,2026-08-24,xdxr_capital_history,current_mootdx_f10,3.3583306162373594,ok,ok,early,validation,filled_proxy,09:31,09:32,1,31.42,31.46,200,11171.0,0.017903500134276253,33.43,8.487269172784462,9.298376487875416,filled_proxy,09:32,32.97,33.01,14253.0,early_exit,4.582678363963355,33.14,filled_proxy,09:34,33.14,33.46,5258.0,precommitted_target,5.122337256239451,33.14
2026-09-28,sz:stock:002912,002912,中新赛克,sz,main,计算机,25.97,26.47,25.97,26.47,24.06,26.47,79657.0,209587120.0,170751992.1875,162222832.0313,4519805233.2,4294038363.87,4.910345,2.078138,7.938487,10.016625,7.820774,1,2026-06-30,2026-10-02,mootdx,2026-10-02T10:02:03.930854+08:00,2026-09-29,2026-09-30,xdxr_capital_history,current_mootdx_f10,4.080090668681535,ok,ok,early,holdout,filled_proxy,09:31,09:32,1,27.0,27.03,300,17032.0,0.017613903240958195,28.85,5.40483001261205,5.779283954752779,filled_proxy,09:32,28.27,28.3,16382.0,early_exit,4.407074516924747,28.46,filled_proxy,14:56,26.64,26.67,2609.0,end_of_day_exit,-1.6164123644468065,28.46
2026-06-11,sz:stock:002913,002913,奥士康,sz,main,电子,50.08,55.01,49.11,55.01,50.01,55.01,79183.0,418225632.0,317360507.8125,301685175.7813,17458001534.77,16595701519.73,2.62469,11.79764,0.139972,9.998,1.776133,1,2026-06-30,2026-10-02,mootdx,2026-10-02T10:02:03.930854+08:00,2026-06-12,2026-06-15,xdxr_capital_history,current_mootdx_f10,4.526449736411564,ok,ok,early,train,filled_proxy,09:31,09:32,1,56.28,56.34,100,2463.0,0.04060089321965083,59.96,0.0011294442928022619,8.94916081969841,filled_proxy,09:32,56.15,56.21,1606.0,early_exit,-0.5660519788316276,59.35,filled_proxy,09:49,59.35,59.7,1121.0,precommitted_target,5.105762252412593,59.35
2026-06-30,sz:stock:002921,002921,联诚精密,sz,main,汽车,24.61,27.34,24.2,27.34,24.85,27.34,137166.0,358613120.0,148970126.9531,128756132.8125,4072843270.9,3520192671.09,10.653162,12.635815,-0.965795,10.020121,5.968992,1,2026-06-30,2026-10-02,mootdx,2026-10-02T10:02:03.930854+08:00,2026-07-01,2026-07-02,xdxr_capital_history,current_mootdx_f10,3.255303584491598,ok,ok,early,validation,filled_proxy,09:31,09:32,1,27.580000000000002,27.61,300,4127.0,0.0726920281075842,29.8,5.181733928206911,10.172501334666318,filled_proxy,09:32,29.35,29.38,1738.0,early_exit,6.122364247655576,29.07,filled_proxy,09:32,29.07,29.38,1738.0,precommitted_target,5.109377749787769,29.07
2026-08-04,sz:stock:002921,002921,联诚精密,sz,main,汽车,20.5,22.37,20.2,22.37,20.34,22.37,107365.0,234362400.0,148970126.9531,128756132.8125,3332461739.94,2880274691.02,8.338632,10.668633,0.786627,9.980334,12.525151,1,2026-06-30,2026-10-02,mootdx,2026-10-02T10:02:03.930854+08:00,2026-08-05,2026-08-06,xdxr_capital_history,current_mootdx_f10,4.380867232901209,ok,ok,early,validation,filled_proxy,09:31,09:32,1,23.03,23.06,400,4417.0,0.0905592030790129,24.38,-1.6764929418453867,0.9947795624155598,filled_proxy,09:32,23.08,23.11,1856.0,early_exit,-0.07368612018552323,24.28,filled_proxy,14:56,22.91,22.94,420.0,end_of_day_exit,-0.8101108760833142,24.28
2026-01-07,sz:stock:002922,002922,伊戈尔,sz,main,电子,34.01,35.62,34.01,35.62,32.38,35.62,217275.0,756472064.0,423206132.8125,373805703.125,15074602450.78,13314959145.31,5.812512,4.972205,5.033972,10.006177,12.153652,1,2026-03-30,2026-10-02,mootdx,2026-10-02T10:02:03.930854+08:00,2026-01-08,2026-01-09,xdxr_capital_history,current_mootdx_f10,3.0039303761931535,ok,ok,early,train,filled_proxy,09:31,09:32,1,36.78,36.82,200,34680.0,0.0057670126874279125,38.83,-4.934823530953347,2.1243075326358163,filled_proxy,09:32,35.22,35.26,6137.0,early_exit,-4.527924353867629,38.77,filled_proxy,14:56,36.25,36.29,1500.0,end_of_day_exit,-1.733883337879083,38.77
2026-04-08,sz:stock:002929,002929,润建股份,sz,main,通信,48.72,52.16,48.71,52.16,47.42,52.16,252512.0,1285802496.0,284083085.9375,210560644.5313,14817773762.5,10982843218.75,11.992365,7.275411,2.741459,9.995782,7.612956,1,2026-04-20,2026-10-02,mootdx,2026-10-02T10:02:03.930854+08:00,2026-04-09,2026-04-10,xdxr_capital_history,current_mootdx_f10,3.3934049079754613,ok,ok,early,train,filled_proxy,09:31,09:32,1,54.61,54.67,100,15468.0,0.0064649599172485125,56.85,-2.1160298458787197,-1.7395809589015099,filled_proxy,09:32,52.83,52.89,4180.0,early_exit,-3.595523288147273,57.6,filled_proxy,14:56,51.7,51.76,1431.0,end_of_day_exit,-5.659507966867594,57.6
2026-04-13,sz:stock:002929,002929,润建股份,sz,main,通信,51.75,56.98,51.15,56.98,51.8,56.98,184677.0,1009068992.0,284083085.9375,210560644.5313,16187054236.72,11997745525.39,8.770727,11.254826,-0.096525,10.0,20.694768,1,2026-04-20,2026-10-02,mootdx,2026-10-02T10:02:03.930854+08:00,2026-04-14,2026-04-15,xdxr_capital_history,current_mootdx_f10,3.545103545103556,ok,ok,early,train,filled_proxy,09:31,09:32,1,59.31,59.37,100,27319.0,0.0036604560928291665,62.11,-0.94353331915632,1.5787155539645825,filled_proxy,09:32,59.15,59.21,5886.0,early_exit,-0.5903007327239029,62.54,filled_proxy,14:56,59.24,59.300000000000004,1499.0,end_of_day_exit,-0.43891533853859244,62.54
2026-08-04,sz:stock:002929,002929,润建股份,sz,main,通信,50.15,54.01,50.11,54.01,49.1,54.01,155494.0,809775168.0,286377832.0313,216569765.625,15467266708.01,11696933041.41,7.179857,7.942974,2.138493,10.0,9.420583,1,2026-07-13,2026-10-02,mootdx,2026-10-02T10:02:03.930854+08:00,2026-08-05,2026-08-06,xdxr_capital_history,current_mootdx_f10,3.5919274208479957,ok,ok,early,validation,filled_proxy,09:31,09:32,1,56.49,56.55,100,13543.0,0.007383888355608063,58.87,0.4600574176242045,3.5525298108549874,filled_proxy,09:32,57.09,57.15,7294.0,early_exit,0.7249372799994491,59.57,filled_proxy,14:56,57.14,57.2,971.0,end_of_day_exit,0.8132305674578344,59.57
2026-05-07,sz:stock:002930,002930,宏川智慧,sz,main,交通运输,13.18,14.58,13.04,14.58,13.25,14.58,506043.0,719548288.0,457490000.0,433339296.875,6670204200.0,6318086948.44,11.677755,11.622642,-0.528302,10.037736,17.675545,1,2026-06-30,2026-10-02,mootdx,2026-10-02T10:02:03.930854+08:00,2026-05-08,2026-05-11,xdxr_capital_history,current_mootdx_f10,4.183813443072704,ok,ok,early,train,filled_proxy,09:31,09:32,1,15.64,15.66,600,31289.0,0.019176068266803032,15.89,-2.0082469210849108,5.094748452019515,filled_proxy,09:32,15.44,15.46,19557.0,early_exit,-1.5617182492238424,16.49,filled_proxy,14:56,16.42,16.44,2298.0,end_of_day_exit,4.689683156831248,16.49
2026-07-01,sz:stock:002940,002940,昂利康,sz,main,医药生物,26.36,29.05,25.85,29.05,26.41,29.05,211507.0,590536064.0,201728183.5938,184669355.4688,5860203733.4,5364644776.37,11.453281,12.116622,-0.189322,9.996214,2.037232,1,2026-06-30,2026-10-02,mootdx,2026-10-02T10:02:03.930854+08:00,2026-07-02,2026-07-03,xdxr_capital_history,current_mootdx_f10,3.2702237521514688,ok,ok,early,validation,filled_proxy,09:31,09:32,1,29.97,30.0,300,7051.0,0.042547156431711815,31.66,-3.159794072019284,-0.9281955049866286,filled_proxy,09:32,29.19,29.22,4183.0,early_exit,-2.8601165563031605,31.59,filled_proxy,14:56,29.3,29.330000000000002,1355.0,end_of_day_exit,-2.4938440370945836,31.59
2026-07-15,sz:stock:002940,002940,昂利康,sz,main,医药生物,26.09,28.94,26.09,28.94,26.31,28.94,132041.0,371003744.0,201728183.5938,184669355.4688,5838013633.2,5344331147.27,7.150131,10.832383,-0.836184,9.996199,8.919834,1,2026-06-30,2026-10-02,mootdx,2026-10-02T10:02:03.930854+08:00,2026-07-16,2026-07-17,xdxr_capital_history,current_mootdx_f10,3.006219765031082,ok,ok,early,validation,filled_proxy,09:31,09:32,1,29.830000000000002,29.86,300,16115.0,0.018616196090598818,31.54,-1.6020410006880703,0.23786978072353193,filled_proxy,09:32,29.37,29.400000000000002,6517.0,early_exit,-1.8027621899545876,31.44,unfilled_d3,,,,,limit_down_or_capacity,,31.44
2026-02-03,sz:stock:002943,002943,宇晶股份,sz,main,机械设备,75.78,81.11,74.17,81.11,73.74,81.11,42370.0,335239808.0,205458164.0625,145550371.0938,16664711687.11,11805590599.41,2.91102,9.411446,2.766477,9.994576,5.337662,1,2026-02-10,2026-10-02,mootdx,2026-10-02T10:02:03.930854+08:00,2026-02-04,2026-02-05,xdxr_capital_history,current_mootdx_f10,3.8342990999876703,ok,ok,early,train,filled_proxy,09:31,09:32,1,84.99,85.08,100,11252.0,0.008887308922858158,88.41,-4.877428641885507,-2.1224893185256666,filled_proxy,09:32,80.5,80.59,8615.0,early_exit,-5.546644671851442,89.57,unfilled_d3,,,,,limit_down_or_capacity,,89.57
2026-02-06,sz:stock:002943,002943,宇晶股份,sz,main,机械设备,75.08,84.36,72.99,84.36,76.69,84.36,241716.0,1918535936.0,205458164.0625,145550371.0938,17332450720.31,12278629305.47,16.607034,14.825923,-2.099361,10.001304,11.646374,1,2026-02-10,2026-10-02,mootdx,2026-10-02T10:02:03.930854+08:00,2026-02-09,2026-02-10,xdxr_capital_history,current_mootdx_f10,3.153153153153143,ok,ok,early,train,observed_breach_before_fill,,,,,,,,,,,,,,,,,,,,,,,,,,,
2026-08-07,sz:stock:002943,002943,宇晶股份,sz,main,机械设备,32.91,35.96,32.02,35.96,32.69,35.96,158443.0,542657600.0,266835996.0938,188852226.5625,9595422419.53,6791126067.19,8.389787,12.052615,0.672989,10.003059,33.135876,1,2026-06-08,2026-10-02,mootdx,2026-10-02T10:02:03.930854+08:00,2026-08-10,2026-08-11,xdxr_capital_history,current_mootdx_f10,3.1423804226918817,ok,ok,early,validation,filled_proxy,09:31,09:32,1,36.93,36.97,200,9865.0,0.02027369488089204,39.2,-3.510161164844372,-3.4987601494356757,filled_proxy,09:32,34.5,34.54,3424.0,early_exit,-6.860222564555163,38.93,filled_proxy,14:56,34.93,34.97,453.0,end_of_day_exit,-5.698507724332869,38.93
2026-08-14,sz:stock:002951,002951,金时科技,sz,main,电力设备,16.53,18.14,16.33,18.14,16.49,18.14,162836.0,292007968.0,403063906.25,401121875.0,7311579259.38,7276350812.5,4.059514,10.976349,0.242571,10.006064,29.018492,1,2026-08-07,2026-10-02,mootdx,2026-10-02T10:02:03.930854+08:00,2026-08-17,2026-08-18,xdxr_capital_history,current_mootdx_f10,4.134509371554573,ok,ok,early,validation,filled_proxy,09:31,09:32,1,18.55,18.57,500,22341.0,0.022380376885546754,19.77,-2.7954860537265813,-0.5819444522559336,filled_proxy,09:32,17.78,17.8,6052.0,early_exit,-4.40928585552297,19.55,unfilled_d3,,,,,limit_down_or_capacity,,19.55
2026-01-30,sz:stock:002952,002952,亚世光电,sz,main,电子,21.4,23.75,21.3,23.75,21.59,23.75,102867.0,233432608.0,164340000.0,131645029.2969,3903075000.0,3126569445.8,7.813968,11.347846,-0.880037,10.004632,9.750462,1,2026-06-30,2026-10-02,mootdx,2026-10-02T10:02:03.930854+08:00,2026-02-02,2026-02-03,xdxr_capital_history,current_mootdx_f10,4.757894736842094,ok,ok,early,train,filled_proxy,09:31,09:32,1,24.79,24.82,300,11595.0,0.0258732212160414,25.89,-5.377406334495271,-2.3765517718366658,filled_proxy,09:32,23.65,23.68,7853.0,early_exit,-4.894500946914437,26.14,filled_proxy,14:56,24.24,24.27,3041.0,end_of_day_exit,-2.520216124641983,26.14
2026-01-16,sz:stock:002953,002953,日丰股份,sz,main,电力设备,12.19,13.27,12.19,13.27,12.06,13.27,202991.0,261352480.0,491579648.4375,271311347.6563,6523261934.77,3600301583.4,7.481847,8.955224,1.077944,10.033167,8.770492,1,2026-06-30,2026-10-02,mootdx,2026-10-02T10:02:03.930854+08:00,2026-01-19,2026-01-20,xdxr_capital_history,current_mootdx_f10,3.014318010550121,ok,ok,early,train,filled_proxy,09:31,09:32,1,13.6,13.62,600,35717.0,0.016798723297029427,14.46,0.2657696320540248,1.3376835255597852,filled_proxy,09:32,13.5,13.52,14924.0,early_exit,-1.0543213698003706,14.34,filled_proxy,14:56,13.35,13.370000000000001,3832.0,end_of_day_exit,-2.154397204679026,14.34
2026-04-07,sz:stock:002957,002957,科瑞技术,sz,main,机械设备,30.61,33.68,30.0,33.68,30.62,33.68,279039.0,909435904.0,419982460.9375,418678671.875,14145009284.38,14101097668.75,6.664753,12.018289,-0.032658,9.993468,21.808318,1,2026-06-30,2026-10-02,mootdx,2026-10-02T10:02:03.930854+08:00,2026-04-08,2026-04-09,xdxr_capital_history,current_mootdx_f10,4.899049881235151,ok,ok,early,train,filled_proxy,09:31,09:32,1,35.71,35.75,200,17321.0,0.011546677443565615,36.71,8.441101112686301,11.291050967135675,filled_proxy,09:32,38.32,38.36,32052.0,early_exit,6.9883279293575296,37.65,filled_proxy,09:32,37.65,38.36,32052.0,precommitted_target,5.1164855585300595,37.65
2026-06-26,sz:stock:002962,002962,五方光电,sz,main,电子,17.8,19.34,17.45,19.34,17.58,19.34,539605.0,1016789440.0,291665351.5625,209184003.9063,5640807899.22,4045618635.55,25.79571,10.750853,1.251422,10.011377,11.856564,1,2026-06-30,2026-10-02,mootdx,2026-10-02T10:02:03.930854+08:00,2026-06-29,2026-06-30,xdxr_capital_history,current_mootdx_f10,3.464322647362983,ok,ok,early,train,filled_proxy,09:31,09:32,1,20.92,20.95,400,90763.0,0.004407082181064972,21.08,-5.034529529686993,6.444960292943036,filled_proxy,09:32,20.59,20.62,22293.0,early_exit,-1.8876872763036845,22.06,filled_proxy,10:00,22.06,22.12,6444.0,precommitted_target,5.12118865168647,22.06
2026-08-25,sz:stock:002963,002963,豪尔赛,sz,main,建筑装饰,18.48,20.32,18.31,20.32,18.47,20.32,109929.0,212936512.0,150359931.6406,149340341.7969,3055313810.94,3034595745.31,7.360972,10.882512,0.054142,10.016243,11.709731,1,2026-06-30,2026-10-02,mootdx,2026-10-02T10:02:03.930854+08:00,2026-08-26,2026-08-27,xdxr_capital_history,current_mootdx_f10,3.4448818897637734,ok,ok,early,validation,no_pre10_fill_proxy,,,,,,,,,,,,,,,,,,,,,,,,,,,
2026-09-21,sz:stock:002963,002963,豪尔赛,sz,main,建筑装饰,20.64,22.62,20.56,22.62,20.56,22.62,97034.0,211362944.0,150359931.6406,149340341.7969,3401141653.71,3378078531.45,6.497508,10.019455,0.389105,10.019455,16.838843,1,2026-06-30,2026-10-02,mootdx,2026-10-02T10:02:03.930854+08:00,2026-09-22,2026-09-23,xdxr_capital_history,current_mootdx_f10,3.1388152077807208,ok,ok,early,holdout,filled_proxy,09:31,09:32,1,23.41,23.44,400,7087.0,0.05644137152532807,24.66,0.8642437872830699,3.19007777404412,filled_proxy,09:32,23.25,23.28,2037.0,early_exit,-0.9682960465368984,24.68,filled_proxy,14:56,23.86,23.89,1619.0,end_of_day_exit,1.6313534851612133,24.68
2026-03-10,sz:stock:002969,002969,嘉美包装,sz,main,轻工制造,24.5,25.91,24.2,25.91,23.55,25.91,483519.0,1230478720.0,1098495703.125,1092288984.375,28462023667.97,28301207585.16,4.426658,7.261146,4.03397,10.021231,24.567308,1,2026-06-30,2026-10-02,mootdx,2026-10-02T10:02:03.930854+08:00,2026-03-11,2026-03-12,xdxr_capital_history,current_mootdx_f10,4.206869934388258,ok,ok,early,train,filled_proxy,09:31,09:32,1,27.310000000000002,27.34,300,41512.0,0.007226825978030449,28.24,-5.179129792588566,-4.288548894994493,filled_proxy,09:32,24.87,24.900000000000002,37425.0,early_exit,-9.19799665898794,28.79,filled_proxy,14:56,24.01,24.04,6038.0,end_of_day_exit,-12.340019845445616,28.79
2026-07-27,sz:stock:002969,002969,嘉美包装,sz,main,轻工制造,10.81,11.46,10.81,11.46,10.42,11.46,185038.0,208080528.0,1098495703.125,1092733750.0,12588760757.81,12522728775.0,1.693349,6.238004,3.742802,9.980806,10.51109,1,2026-06-30,2026-10-02,mootdx,2026-10-02T10:02:03.930854+08:00,2026-07-28,2026-07-29,xdxr_capital_history,current_mootdx_f10,4.712041884816753,ok,ok,early,validation,filled_proxy,09:31,09:32,1,12.4,12.42,800,140312.0,0.005701579337476482,12.49,10.786316092106741,10.916537046663244,filled_proxy,09:32,12.9,12.92,65543.0,early_exit,3.708216029741007,13.08,filled_proxy,14:56,13.47,13.49,13601.0,end_of_day_exit,8.292894479227897,13.08
2026-06-04,sz:stock:002971,002971,和远气体,sz,main,基础化工,34.34,37.39,34.31,37.39,33.99,37.39,156016.0,566818688.0,211755000.0,156401347.6563,7917519450.0,5847846388.87,9.975362,9.061489,1.029715,10.002942,10.555884,1,2026-06-15,2026-10-02,mootdx,2026-10-02T10:02:03.930854+08:00,2026-06-05,2026-06-08,xdxr_capital_history,current_mootdx_f10,3.2629045199251028,ok,ok,early,train,filled_proxy,09:31,09:32,1,38.69,38.73,200,17475.0,0.011444921316165951,40.76,0.154285904917284,6.005531511486151,filled_proxy,09:32,38.96,39.0,7069.0,early_exit,0.41218295346516776,40.78,filled_proxy,10:15,40.78,40.86,1843.0,precommitted_target,5.105909237036577,40.78
2026-05-28,sz:stock:002975,002975,博杰股份,sz,main,机械设备,121.38,134.28,118.0,134.28,122.07,134.28,155777.0,1974465664.0,208130742.1875,137354042.9688,27947796060.94,18443900889.84,11.341275,13.33661,-0.565249,10.002458,21.520362,1,2026-08-14,2026-10-02,mootdx,2026-10-02T10:02:03.930854+08:00,2026-05-29,2026-06-01,xdxr_capital_history,current_mootdx_f10,4.997021149836178,ok,ok,early,train,below_one_lot,,,,,,,,,,,,,,,,,,,,,,,,,,,
2026-06-02,sz:stock:002975,002975,博杰股份,sz,main,机械设备,136.38,148.58,136.38,148.58,135.07,148.58,60950.0,882897664.0,208130742.1875,137354042.9688,30924065674.22,20408063704.3,4.437438,9.032354,0.969867,10.002221,17.038204,1,2026-08-14,2026-10-02,mootdx,2026-10-02T10:02:03.930854+08:00,2026-06-03,2026-06-04,xdxr_capital_history,current_mootdx_f10,4.226679230044428,ok,ok,early,train,below_one_lot,,,,,,,,,,,,,,,,,,,,,,,,,,,
2026-07-14,sz:stock:002975,002975,博杰股份,sz,main,机械设备,116.0,124.52,115.84,124.52,113.2,124.52,118168.0,1421987584.0,208130742.1875,137354042.9688,25916440017.19,17103325430.47,8.603169,7.667845,2.473498,10.0,7.679004,1,2026-08-14,2026-10-02,mootdx,2026-10-02T10:02:03.930854+08:00,2026-07-15,2026-07-16,xdxr_capital_history,current_mootdx_f10,3.597815611949895,ok,ok,early,validation,below_one_lot,,,,,,,,,,,,,,,,,,,,,,,,,,,
2026-08-04,sz:stock:002975,002975,博杰股份,sz,main,机械设备,70.93,76.92,69.98,76.92,69.93,76.92,69021.0,515293216.0,208130742.1875,137354042.9688,16009416689.06,10565272985.16,5.025043,9.92421,1.430001,9.99571,-3.48808,1,2026-08-14,2026-10-02,mootdx,2026-10-02T10:02:03.930854+08:00,2026-08-05,2026-08-06,xdxr_capital_history,current_mootdx_f10,4.99219968798752,ok,ok,early,validation,no_pre10_fill_proxy,,,,,,,,,,,,,,,,,,,,,,,,,,,
2026-04-03,sz:stock:002980,002980,华盛昌,sz,main,电力设备,42.38,46.09,42.38,46.09,41.9,46.09,120528.0,543527488.0,189401152.3438,101287041.0156,8729499111.52,4668319720.41,11.899647,8.854415,1.145585,10.0,15.80402,1,2026-06-30,2026-10-02,mootdx,2026-10-02T10:02:03.930854+08:00,2026-04-07,2026-04-08,xdxr_capital_history,current_mootdx_f10,3.536558906487297,ok,ok,early,train,filled_proxy,09:31,09:32,1,48.0,48.05,100,7859.0,0.012724265173686218,50.24,14.057032340872343,14.399556843512173,filled_proxy,09:32,50.82,50.88,8828.0,early_exit,5.495997695906585,50.63,filled_proxy,09:32,50.63,50.88,8828.0,precommitted_target,5.1011927001435975,50.63
2026-05-22,sz:stock:002980,002980,华盛昌,sz,main,电力设备,103.9,116.38,102.92,116.38,105.8,116.38,154006.0,1749756928.0,189401152.3438,101287041.0156,22042506109.77,11787785833.4,15.204907,12.722117,-1.795841,10.0,20.889166,1,2026-06-30,2026-10-02,mootdx,2026-10-02T10:02:03.930854+08:00,2026-05-25,2026-05-26,xdxr_capital_history,current_mootdx_f10,4.167382711806167,ok,ok,early,train,below_one_lot,,,,,,,,,,,,,,,,,,,,,,,,,,,
2026-04-30,sz:stock:002989,002989,中天精装,sz,main,建筑装饰,27.62,29.21,27.55,29.21,26.55,29.21,89930.0,256360816.0,201614843.75,183336582.0313,5889169585.94,5355261561.13,4.905186,6.252354,4.030132,10.018832,16.328156,1,2026-05-21,2026-10-02,mootdx,2026-10-02T10:02:03.930854+08:00,2026-05-06,2026-05-07,xdxr_capital_history,current_mootdx_f10,4.758644299897297,ok,ok,early,train,filled_proxy,09:31,09:32,1,31.32,31.36,300,8092.0,0.03707365299060801,31.84,-0.7952917432224482,6.901936035149014,filled_proxy,09:32,32.62,32.660000000000004,13458.0,early_exit,3.855427948723955,33.02,filled_proxy,09:33,33.02,33.19,7644.0,precommitted_target,5.129597727339408,33.02
2026-01-23,sz:stock:002993,002993,奥海科技,sz,main,电子,48.48,53.33,48.19,53.33,48.48,53.33,110189.0,564743168.0,276040000.0,238446933.5938,14721213200.0,12716374968.55,4.621112,10.60231,0.0,10.004125,13.564736,1,2025-06-30,2026-10-02,mootdx,2026-10-02T10:02:03.930854+08:00,2026-01-26,2026-01-27,xdxr_capital_history,current_mootdx_f10,3.3002062628914475,ok,ok,early,train,observed_breach_before_fill,,,,,,,,,,,,,,,,,,,,,,,,,,,
2026-03-16,sz:stock:002995,002995,天地在线,sz,main,传媒,22.53,24.77,22.5,24.77,22.52,24.77,202044.0,483185760.0,177454472.6563,121693642.5781,4395547287.7,3014351526.66,16.602675,10.079929,0.044405,9.991119,4.514768,1,2026-06-30,2026-10-02,mootdx,2026-10-02T10:02:03.930854+08:00,2026-03-17,2026-03-18,xdxr_capital_history,current_mootdx_f10,3.9563988696003305,ok,ok,early,train,filled_proxy,09:31,09:32,1,25.75,25.78,300,21954.0,0.013664935774801858,27.0,1.4848350126450693,3.2411638048057245,filled_proxy,09:32,25.42,25.45,7301.0,early_exit,-1.5759837334821003,27.15,filled_proxy,14:56,26.03,26.060000000000002,3232.0,end_of_day_exit,0.7874332730211542,27.15
2026-06-01,sz:stock:003004,003004,声迅股份,sz,main,计算机,59.71,65.68,59.71,65.68,59.71,65.68,39745.0,253758336.0,81863188.4766,68742163.0859,5376774219.14,4514985271.48,5.78175,9.998325,0.0,9.998325,31.993569,1,2026-06-26,2026-10-02,mootdx,2026-10-02T10:02:03.930854+08:00,2026-06-02,2026-06-03,xdxr_capital_history,current_mootdx_f10,3.5322777101096214,ok,ok,early,train,filled_proxy,09:31,09:32,1,66.8,66.87,100,6017.0,0.016619577862722286,71.59,-2.531320790582592,0.7133300664402986,filled_proxy,09:32,65.43,65.5,2580.0,early_exit,-2.352095444617086,70.42,unfilled_d3,,,,,limit_down_or_capacity,,70.42
2026-05-28,sz:stock:003018,003018,金富科技,sz,main,轻工制造,58.66,64.58,57.83,64.58,58.71,64.58,70982.0,438892384.0,260000000.0,237387500.0,16790800000.0,15330484750.0,2.990132,11.49719,-0.085164,9.998297,-3.23644,1,2026-07-03,2026-10-02,mootdx,2026-10-02T10:02:03.930854+08:00,2026-05-29,2026-06-01,xdxr_capital_history,current_mootdx_f10,3.2362960668937735,ok,ok,early,train,filled_proxy,09:31,09:32,1,68.07000000000001,68.14,100,7029.0,0.014226774790155071,70.39,-1.2246186470868836,-0.005631189659893732,filled_proxy,09:32,63.66,63.730000000000004,9606.0,early_exit,-6.765070982264742,71.76,unfilled_d3,,,,,limit_down_or_capacity,,71.76
2026-06-24,sz:stock:003018,003018,金富科技,sz,main,轻工制造,66.8,74.11,65.96,74.11,67.37,74.11,205285.0,1471245952.0,260000000.0,237387500.0,19268600000.0,17592787625.0,8.647675,12.097373,-0.846074,10.004453,18.975759,1,2026-07-03,2026-10-02,mootdx,2026-10-02T10:02:03.930854+08:00,2026-06-25,2026-06-26,xdxr_capital_history,current_mootdx_f10,3.724193766023487,ok,ok,early,train,filled_proxy,09:31,09:32,1,77.24,77.32,100,9538.0,0.010484378276368212,80.78,-2.1835323987688837,0.38997684257344734,filled_proxy,09:32,75.92,76.0,3046.0,early_exit,-1.9897596163611642,81.41,filled_proxy,14:56,74.87,74.95,992.0,end_of_day_exit,-3.3461690932151567,81.41
2026-08-04,sz:stock:003018,003018,金富科技,sz,main,轻工制造,31.93,34.76,30.97,34.76,31.6,34.76,83457.0,278145888.0,313949980.4688,284511562.5,10912901321.09,9889621912.5,2.933343,11.993671,1.044304,10.0,1.311571,1,2026-09-28,2026-10-02,mootdx,2026-10-02T10:02:03.930854+08:00,2026-08-05,2026-08-06,xdxr_capital_history,current_mootdx_f10,4.430379746835444,ok,ok,early,validation,filled_proxy,09:31,09:32,1,35.61,35.65,200,5201.0,0.03845414343395501,37.89,7.624420235296037,10.511467629202254,filled_proxy,09:32,38.42,38.46,8216.0,early_exit,7.568387718844516,37.54,filled_proxy,09:32,37.54,38.46,8216.0,precommitted_target,5.102956994977759,37.54
2026-06-09,sz:stock:003026,003026,中晶科技,sz,main,电子,30.44,32.85,30.2,32.85,29.86,32.85,101019.0,320934816.0,187767558.5938,144560878.9063,6168164299.8,4748824872.07,6.98799,8.874749,1.942398,10.013396,-23.462255,1,2026-06-30,2026-10-02,mootdx,2026-10-02T10:02:03.930854+08:00,2026-06-10,2026-06-11,xdxr_capital_history,current_mootdx_f10,4.840182648401825,ok,ok,early,train,filled_proxy,09:31,09:32,1,35.74,35.78,200,14967.0,0.013362731342286363,35.81,2.7115048128355745,5.39738577392459,filled_proxy,09:32,37.19,37.230000000000004,22658.0,early_exit,3.744342697226166,37.68,filled_proxy,14:56,35.33,35.37,1163.0,end_of_day_exit,-1.4477612621427327,37.68
2026-09-15,sz:stock:003026,003026,中晶科技,sz,main,电子,27.6,30.58,27.6,30.58,27.8,30.58,208973.0,624599040.0,189579257.8125,144160878.9063,5797333703.91,4408439676.95,14.495819,10.719424,-0.719424,10.0,11.240451,1,2026-09-14,2026-10-02,mootdx,2026-10-02T10:02:03.930854+08:00,2026-09-16,2026-09-17,xdxr_capital_history,current_mootdx_f10,3.891432308698506,ok,ok,early,holdout,filled_proxy,09:31,09:32,1,33.06,33.1,200,27209.0,0.007350509022749825,33.33,11.443868742021014,11.452920636476073,filled_proxy,09:32,36.96,37.0,1997.0,early_exit,11.443868742021014,34.86,filled_proxy,09:32,34.86,37.0,1997.0,precommitted_target,5.107542623498618,34.86
2026-01-07,sz:stock:003031,003031,中瓷电子,sz,main,通信,73.34,80.63,73.34,80.63,73.3,80.63,119718.0,925008000.0,451052851.5625,340156679.6875,36368391421.48,27426833083.2,3.519496,9.94543,0.05457,10.0,5.192433,1,2026-09-14,2026-10-02,mootdx,2026-10-02T10:02:03.930854+08:00,2026-01-08,2026-01-09,xdxr_capital_history,current_mootdx_f10,3.3114225474389247,ok,ok,early,train,filled_proxy,09:31,09:32,1,81.4,81.49,100,6255.0,0.01598721023181455,87.89,-9.122611552414096,-1.0704357966871192,filled_proxy,09:32,74.81,74.89,2605.0,early_exit,-8.362643920547807,85.8,filled_proxy,14:56,78.34,78.42,891.0,end_of_day_exit,-4.035731435889767,85.8
2026-08-14,sz:stock:003031,003031,中瓷电子,sz,main,通信,120.2,130.08,118.66,130.08,118.25,130.08,130753.0,1631796096.0,451052851.5625,340156679.6875,58672954931.25,44247580893.75,3.843905,9.657505,1.649049,10.004228,12.273433,1,2026-09-14,2026-10-02,mootdx,2026-10-02T10:02:03.930854+08:00,2026-08-17,2026-08-18,xdxr_capital_history,current_mootdx_f10,4.005227552275503,ok,ok,early,validation,below_one_lot,,,,,,,,,,,,,,,,,,,,,,,,,,,
2026-05-25,sz:stock:003036,003036,泰坦股份,sz,main,机械设备,50.62,55.98,49.6,55.98,50.89,55.98,142649.0,754270720.0,216291347.6563,216285781.25,12107989641.8,12107678034.38,6.595394,12.536844,-0.530556,10.001965,33.095578,1,2026-06-30,2026-10-02,mootdx,2026-10-02T10:02:03.930854+08:00,2026-05-26,2026-05-27,xdxr_capital_history,current_mootdx_f10,3.572704537334759,ok,ok,early,train,filled_proxy,09:31,09:32,1,58.76,58.82,100,4995.0,0.02002002002002002,61.02,1.866443556274855,12.839875032537872,filled_proxy,09:32,61.06,61.13,5066.0,early_exit,3.5811960852804914,61.96,filled_proxy,09:33,61.96,63.32,6935.0,precommitted_target,5.109193388354827,61.96
2026-06-04,sz:stock:003036,003036,泰坦股份,sz,main,机械设备,68.51,74.86,66.98,74.86,68.05,74.86,105157.0,767349248.0,216291347.6563,216285781.25,16191570285.55,16191153584.38,4.861947,11.579721,0.675974,10.007348,4.904709,1,2026-06-30,2026-10-02,mootdx,2026-10-02T10:02:03.930854+08:00,2026-06-05,2026-06-08,xdxr_capital_history,current_mootdx_f10,4.194496393267433,ok,ok,early,train,filled_proxy,09:31,09:32,1,80.02,80.11,100,9265.0,0.010793308148947653,81.6,0.9703914997426288,2.4886510126206796,filled_proxy,09:32,79.82,79.9,3970.0,early_exit,-0.5383046253014667,84.35,filled_proxy,14:56,74.46,74.54,758.0,end_of_day_exit,-7.221454402356276,84.35
2026-08-06,sz:stock:003036,003036,泰坦股份,sz,main,机械设备,47.97,52.25,47.93,52.25,47.5,52.25,77466.0,387588288.0,216606445.3125,216600898.4375,11317686767.58,11317396943.36,3.576439,9.094737,0.989474,10.0,27.594628,1,2026-06-30,2026-10-02,mootdx,2026-10-02T10:02:03.930854+08:00,2026-08-07,2026-08-10,xdxr_capital_history,current_mootdx_f10,3.521531100478481,ok,ok,early,validation,filled_proxy,09:31,09:32,1,53.28,53.34,100,5729.0,0.017455053237912375,56.95,1.7451082442266674,4.635531811337934,filled_proxy,09:32,54.95,55.01,4300.0,early_exit,2.7747280382105943,56.2,filled_proxy,14:56,54.85,54.910000000000004,2244.0,end_of_day_exit,2.587524439304434,56.2
2026-02-04,sz:stock:003038,003038,鑫铂股份,sz,main,有色金属,16.48,17.96,16.18,17.96,16.33,17.96,200180.0,345418080.0,243695761.7188,165497910.1563,4376775880.47,2972342466.41,12.095621,10.900184,0.918555,9.981629,-0.111235,1,2026-03-31,2026-10-02,mootdx,2026-10-02T10:02:03.930854+08:00,2026-02-05,2026-02-06,xdxr_capital_history,current_mootdx_f10,3.5077951002227215,ok,ok,early,train,filled_proxy,09:31,09:32,1,19.0,19.02,500,27025.0,0.018501387604070305,19.58,-8.770558688372965,0.057848769162571756,filled_proxy,09:32,17.33,17.35,7988.0,early_exit,-9.033165102049267,20.03,filled_proxy,14:56,18.17,18.19,1440.0,end_of_day_exit,-4.621377352287315,20.03
2026-01-23,sz:stock:003042,003042,中农联合,sz,main,基础化工,17.32,19.09,17.15,19.09,17.35,19.09,146017.0,275260320.0,142480000.0,123300996.0938,2719943200.0,2353816015.43,11.842321,11.181556,-0.172911,10.028818,17.116564,1,2026-06-30,2026-10-02,mootdx,2026-10-02T10:02:03.930854+08:00,2026-01-26,2026-01-27,xdxr_capital_history,current_mootdx_f10,4.504976427448915,ok,ok,early,train,filled_proxy,09:31,09:32,1,20.62,20.65,400,13492.0,0.029647198339756892,20.81,-6.99336701123835,11.566366105040515,filled_proxy,09:33,21.48,21.51,68771.0,early_exit,3.841891186907209,21.75,filled_proxy,09:34,21.75,22.46,21544.0,precommitted_target,5.147926773290812,21.75
2026-03-27,sz:stock:003042,003042,中农联合,sz,main,基础化工,16.12,17.97,16.09,17.97,16.34,17.97,127884.0,220680768.0,142480000.0,123300996.0938,2560365600.0,2215718899.8,10.371692,11.505508,-1.346389,9.97552,8.77724,1,2026-06-30,2026-10-02,mootdx,2026-10-02T10:02:03.930854+08:00,2026-03-30,2026-03-31,xdxr_capital_history,current_mootdx_f10,3.3945464663327707,ok,ok,early,train,filled_proxy,09:31,09:32,1,19.330000000000002,19.35,500,19270.0,0.02594706798131811,19.59,2.6841544739725665,3.561332410753004,filled_proxy,09:32,19.71,19.73,9452.0,early_exit,1.7032598357035855,20.37,filled_proxy,14:56,18.58,18.6,3248.0,end_of_day_exit,-4.130481960317189,20.37
2026-02-24,sh:stock:600026,600026,中远海能,sh,main,交通运输,18.65,18.65,18.3,18.65,16.95,18.65,865325.0,1607830272.0,5465220625.0,3474776250.0,101926364656.25,64804577062.5,2.490304,2.064897,10.029499,10.029499,13.511869,1,2026-04-22,2026-10-02,mootdx,2026-10-02T10:02:03.930854+08:00,2026-02-25,2026-02-26,xdxr_capital_history,current_mootdx_f10,4.396782841823055,ok,ok,early,train,filled_proxy,09:31,09:32,1,19.97,19.99,400,48919.0,0.008176782027433103,20.33,0.8224049794398169,4.465354096523733,filled_proxy,09:32,20.24,20.27,32399.0,early_exit,1.0722437524546269,21.05,filled_proxy,14:56,20.32,20.35,5085.0,end_of_day_exit,1.471985789278385,21.05
2026-03-24,sh:stock:600026,600026,中远海能,sh,main,交通运输,23.9,25.87,23.32,25.87,23.52,25.87,1458179.0,3657522944.0,5465220625.0,3474776250.0,141385257568.75,89892461587.5,4.196469,10.841837,1.615646,9.991497,11.412575,1,2026-04-22,2026-10-02,mootdx,2026-10-02T10:02:03.930854+08:00,2026-03-25,2026-03-26,xdxr_capital_history,current_mootdx_f10,3.2083494395052092,ok,ok,early,train,filled_proxy,09:31,09:32,1,26.07,26.1,300,53289.0,0.005629679671226707,28.2,-3.2411826694827006,-3.2233106657019617,filled_proxy,09:32,24.85,24.88,24649.0,early_exit,-4.963324361417043,27.48,filled_proxy,14:56,23.87,23.900000000000002,6295.0,end_of_day_exit,-8.713766268296263,27.48
2026-09-28,sh:stock:600032,600032,浙江新能,sh,main,公用事业,6.81,7.43,6.8,7.43,6.75,7.43,608576.0,441559872.0,2404675312.5,2404675312.5,17866737571.88,17866737571.88,2.530803,9.333333,0.888889,10.074074,4.943503,1,2024-05-27,2026-10-02,mootdx,2026-10-02T10:02:03.930854+08:00,2026-09-29,2026-09-30,xdxr_capital_history,current_mootdx_f10,3.364737550471064,ok,ok,early,holdout,no_pre10_fill_proxy,,,,,,,,,,,,,,,,,,,,,,,,,,,
2026-08-26,sh:stock:600095,600095,湘财股份,sh,main,非银金融,7.88,8.67,7.87,8.67,7.88,8.67,816989.0,685897792.0,2859187812.5,2859187812.5,24789158334.38,24789158334.38,2.857416,10.152284,0.0,10.025381,12.890625,1,2023-09-18,2026-10-02,mootdx,2026-10-02T10:02:03.930854+08:00,2026-08-27,2026-08-28,xdxr_capital_history,current_mootdx_f10,3.806228373702414,ok,ok,early,validation,filled_proxy,09:31,09:32,1,9.1,9.11,1000,134943.0,0.007410536300512068,9.45,6.746410905317246,11.021312462801403,filled_proxy,09:32,9.74,9.75,76620.0,early_exit,6.746410905317246,9.59,filled_proxy,09:32,9.59,9.75,76620.0,precommitted_target,5.101627563546796,9.59
2026-08-12,sh:stock:600105,600105,永鼎股份,sh,main,通信,37.39,41.21,37.23,41.21,37.46,41.21,2038451.0,8165109760.0,1461994843.75,1461994843.75,60248807510.94,60248807510.94,13.942942,10.624666,-0.186866,10.010678,12.749658,1,2024-12-19,2026-10-02,mootdx,2026-10-02T10:02:03.930854+08:00,2026-08-13,2026-08-14,xdxr_capital_history,current_mootdx_f10,4.6590633341422105,ok,ok,early,validation,filled_proxy,09:31,09:32,1,42.0,42.05,200,84409.0,0.0023694155836462938,44.92,-1.4773126272142667,-0.4605391770237999,filled_proxy,09:32,40.95,41.0,31776.0,early_exit,-2.783822445696049,44.27,filled_proxy,14:56,41.26,41.31,14091.0,end_of_day_exit,-2.0474260025517776,44.27
2026-03-10,sh:stock:600108,600108,亚盛集团,sh,main,农林牧渔,5.21,5.97,5.2,5.97,5.43,5.97,4480125.0,2570785536.0,1946915156.25,1946915156.25,11623083482.81,11623083482.81,23.011403,14.180479,-4.051565,9.944751,24.116424,1,2013-05-10,2026-10-02,mootdx,2026-10-02T10:02:03.930854+08:00,2026-03-11,2026-03-12,xdxr_capital_history,current_mootdx_f10,3.015075376884435,ok,ok,early,train,filled_proxy,09:31,09:32,1,6.28,6.29,1500,258235.0,0.005808662652235367,6.51,6.194724102519178,13.704005882631897,filled_proxy,09:32,6.81,6.82,162569.0,early_exit,8.10051225812165,6.63,filled_proxy,09:32,6.63,6.82,162569.0,precommitted_target,5.241830024717942,6.63
2026-06-11,sh:stock:600108,600108,亚盛集团,sh,main,农林牧渔,3.28,3.62,3.26,3.62,3.29,3.62,771683.0,270645536.0,1946915156.25,1946915156.25,7047832865.63,7047832865.63,3.963619,10.942249,-0.303951,10.030395,6.158358,1,2013-05-10,2026-10-02,mootdx,2026-10-02T10:02:03.930854+08:00,2026-06-12,2026-06-15,xdxr_capital_history,current_mootdx_f10,3.8674033149171283,ok,ok,early,train,filled_proxy,09:31,09:32,1,3.67,3.68,2500,96799.0,0.025826713085878986,3.95,-3.4180103794725913,1.0953937858524165,filled_proxy,09:32,3.61,3.62,55288.0,early_exit,-2.060758871285595,3.88,filled_proxy,14:56,3.66,3.67,10667.0,end_of_day_exit,-0.7035073630985988,3.88
2026-08-18,sh:stock:600108,600108,亚盛集团,sh,main,农林牧渔,3.26,3.56,3.24,3.56,3.24,3.56,852035.0,295959392.0,1946915156.25,1946915156.25,6931017956.25,6931017956.25,4.376333,9.876543,0.617284,9.876543,12.658228,1,2013-05-10,2026-10-02,mootdx,2026-10-02T10:02:03.930854+08:00,2026-08-19,2026-08-20,xdxr_capital_history,current_mootdx_f10,3.93258426966292,ok,ok,early,validation,filled_proxy,09:31,09:33,2,3.83,3.84,2500,128559.0,0.019446324255789172,3.88,-12.903226058334027,-8.832205058127462,filled_proxy,09:32,3.46,3.47,107393.0,early_exit,-10.041622696951702,4.05,filled_proxy,14:56,3.4,3.41,11233.0,end_of_day_exit,-11.602497257705691,4.05
2026-03-27,sh:stock:600110,600110,诺德股份,sh,main,电力设备,7.7,8.66,7.65,8.66,7.87,8.66,1761690.0,1450084992.0,1735180937.5,1735180937.5,15026666918.75,15026666918.75,10.152774,12.833545,-2.160102,10.038119,11.311054,1,2024-09-26,2026-10-02,mootdx,2026-10-02T10:02:03.930854+08:00,2026-03-30,2026-03-31,xdxr_capital_history,current_mootdx_f10,4.041570438799069,ok,ok,early,train,filled_proxy,09:31,09:32,1,9.26,9.27,1000,154536.0,0.0064709841072630335,9.44,-2.315000043072346,2.108682319692612,filled_proxy,09:32,8.9,8.91,72995.0,early_exit,-4.146931059783365,9.76,filled_proxy,14:56,9.18,9.19,22741.0,end_of_day_exit,-1.1296329146122663,9.76
2026-06-09,sh:stock:600110,600110,诺德股份,sh,main,电力设备,11.0,11.81,10.99,11.81,10.74,11.81,1025252.0,1187682944.0,1735180937.5,1735180937.5,20492486871.88,20492486871.88,5.908617,7.635009,2.420857,9.962756,-0.253378,1,2024-09-26,2026-10-02,mootdx,2026-10-02T10:02:03.930854+08:00,2026-06-10,2026-06-11,xdxr_capital_history,current_mootdx_f10,4.826418289585099,ok,ok,early,train,filled_proxy,09:31,09:32,1,12.5,12.52,700,109067.0,0.006418073294397022,12.87,-2.79891683235588,-0.8238353670964038,filled_proxy,09:32,12.28,12.3,33489.0,early_exit,-2.0808504543580852,13.19,filled_proxy,14:56,12.19,12.21,18916.0,end_of_day_exit,-2.79891683235588,13.19
2026-08-07,sh:stock:600110,600110,诺德股份,sh,main,电力设备,9.51,10.46,9.35,10.46,9.51,10.46,1215130.0,1209763712.0,1735180937.5,1735180937.5,18149992606.25,18149992606.25,7.002901,11.671924,0.0,9.989485,28.186275,1,2024-09-26,2026-10-02,mootdx,2026-10-02T10:02:03.930854+08:00,2026-08-10,2026-08-11,xdxr_capital_history,current_mootdx_f10,3.2504780114722687,ok,ok,early,validation,filled_proxy,09:31,09:32,1,10.6,10.62,800,134693.0,0.005939432635697475,11.4,-4.778425364660732,-1.7729074939159206,filled_proxy,09:32,10.17,10.19,30581.0,early_exit,-4.402194799380055,11.19,filled_proxy,14:56,10.2,10.22,11049.0,end_of_day_exit,-4.120021875419555,11.19
2026-06-29,sh:stock:600113,600113,浙江东日,sh,main,商贸零售,27.34,30.16,26.17,30.16,27.42,30.16,99664.0,280646112.0,421176640.625,411431171.875,12702687481.25,12408764143.75,2.422374,14.551422,-0.291758,9.992706,-0.919842,1,2026-09-01,2026-10-02,mootdx,2026-10-02T10:02:03.930854+08:00,2026-06-30,2026-07-01,xdxr_capital_history,current_mootdx_f10,4.045092838196274,ok,ok,early,purged,filled_proxy,09:31,09:32,1,32.8,32.84,300,18179.0,0.01650255789647395,32.87,8.09023394036239,10.869045919812926,filled_proxy,09:32,36.19,36.230000000000004,10769.0,early_exit,10.03707539285099,34.57,filled_proxy,09:32,34.57,36.230000000000004,10769.0,precommitted_target,5.109132966239205,34.57
2026-07-20,sh:stock:600121,600121,郑州煤电,sh,main,煤炭,3.4,3.76,3.4,3.76,3.42,3.76,611010.0,224588208.0,1218412031.25,1218412031.25,4581229237.5,4581229237.5,5.014806,10.526316,-0.584795,9.94152,9.302326,1,2019-07-23,2026-10-02,mootdx,2026-10-02T10:02:03.930854+08:00,2026-07-21,2026-07-22,xdxr_capital_history,current_mootdx_f10,4.521276595744683,ok,ok,early,validation,filled_proxy,09:31,09:32,1,3.84,3.85,2400,78826.0,0.03044680689112729,4.1,-6.906221510560561,2.5912278285071366,filled_proxy,09:32,3.65,3.66,18292.0,early_exit,-5.349432743365545,4.06,filled_proxy,14:56,3.91,3.92,15510.0,end_of_day_exit,1.3966519144795075,4.06
2026-09-07,sh:stock:600127,600127,金健米业,sh,main,农林牧渔,13.23,13.53,12.8,13.53,12.3,13.53,1379519.0,1833838464.0,641783203.125,641783203.125,8683326738.28,8683326738.28,21.495094,5.934959,7.560976,10.0,12.375415,1,2016-11-28,2026-10-02,mootdx,2026-10-02T10:02:03.930854+08:00,2026-09-08,2026-09-09,xdxr_capital_history,current_mootdx_f10,3.9911308203991247,ok,ok,early,holdout,filled_proxy,09:31,09:32,1,14.4,14.42,600,144748.0,0.004145134993229612,14.75,0.24815045974611039,4.230807565268502,filled_proxy,09:32,14.68,14.700000000000001,121642.0,early_exit,1.6335911587955332,15.19,filled_proxy,14:56,14.34,14.36,24577.0,end_of_day_exit,-0.7216580295884678,15.19
2026-05-06,sh:stock:600130,600130,波导股份,sh,main,电子,4.56,5.08,4.5,5.08,4.62,5.08,451167.0,221291264.0,750000000.0,750000000.0,3810000000.0,3810000000.0,6.01556,12.554113,-1.298701,9.95671,10.195228,1,2024-07-30,2026-10-02,mootdx,2026-10-02T10:02:03.930854+08:00,2026-05-07,2026-05-08,xdxr_capital_history,current_mootdx_f10,4.330708661417315,ok,ok,early,train,filled_proxy,09:31,09:33,2,5.53,5.54,1800,115799.0,0.01554417568372784,5.54,7.601606090792878,10.736489117701243,filled_proxy,09:32,6.14,6.15,168248.0,early_exit,10.667065478623883,5.84,filled_proxy,09:32,5.84,6.15,168248.0,precommitted_target,5.257431264804491,5.84
2026-03-09,sh:stock:600135,600135,乐凯胶片,sh,main,基础化工,9.18,10.05,9.18,10.05,9.14,10.05,240045.0,235641120.0,553307109.375,553307109.375,5560736449.22,5560736449.22,4.338368,9.5186,0.437637,9.956236,8.648649,1,2022-10-20,2026-10-02,mootdx,2026-10-02T10:02:03.930854+08:00,2026-03-10,2026-03-11,xdxr_capital_history,current_mootdx_f10,3.482587064676612,ok,ok,early,train,filled_proxy,09:31,09:32,1,10.36,10.38,900,24509.0,0.03672120445550614,10.95,3.0168810487827713,5.894190134027788,filled_proxy,09:32,10.9,10.92,29327.0,early_exit,4.845393745941617,10.93,filled_proxy,09:33,10.93,10.96,17757.0,precommitted_target,5.134106277071981,10.93
2026-03-30,sh:stock:600135,600135,乐凯胶片,sh,main,基础化工,9.5,11.06,9.3,11.06,10.05,11.06,554483.0,564873280.0,553307109.375,553307109.375,6119576629.69,6119576629.69,10.021252,17.512438,-5.472637,10.049751,1.841621,1,2022-10-20,2026-10-02,mootdx,2026-10-02T10:02:03.930854+08:00,2026-03-31,2026-04-01,xdxr_capital_history,current_mootdx_f10,4.88245931283906,ok,ok,early,train,filled_proxy,09:31,09:32,1,11.72,11.74,800,43318.0,0.018468073318251073,12.06,-3.732137647933609,-3.233429350251693,filled_proxy,09:32,11.05,11.07,18627.0,early_exit,-6.029548335087831,12.36,filled_proxy,14:56,10.9,10.92,2790.0,end_of_day_exit,-7.305887605729067,12.36
2026-06-24,sh:stock:600141,600141,兴发集团,sh,main,基础化工,38.98,43.16,38.98,43.16,39.24,43.16,782802.0,3252344832.0,1201739843.75,1201739843.75,51867091656.25,51867091656.25,6.513906,10.652396,-0.662589,9.989806,10.299003,1,2026-09-08,2026-10-02,mootdx,2026-10-02T10:02:03.930854+08:00,2026-06-25,2026-06-26,xdxr_capital_history,current_mootdx_f10,4.101019462465261,ok,ok,early,train,filled_proxy,09:31,09:32,1,44.26,44.31,200,26977.0,0.007413722800904473,47.04,3.5324388130452578,15.793027530156788,filled_proxy,09:32,47.49,47.54,44858.0,early_exit,7.004186228602283,46.65,filled_proxy,09:32,46.65,47.54,44858.0,precommitted_target,5.110505820116629,46.65
2026-01-09,sh:stock:600143,600143,金发科技,sh,main,基础化工,19.33,20.92,19.33,20.92,19.02,20.92,2881281.0,5948064768.0,2634825937.5,2634825937.5,55120558612.5,55120558612.5,10.935375,8.359621,1.629863,9.989485,7.062436,1,2026-05-27,2026-10-02,mootdx,2026-10-02T10:02:03.930854+08:00,2026-01-12,2026-01-13,xdxr_capital_history,current_mootdx_f10,3.776290630975132,ok,ok,early,train,filled_proxy,09:31,09:32,1,21.86,21.89,400,152190.0,0.0026282935803929298,22.8,-1.5351053060357778,-0.7674645004917546,filled_proxy,09:32,21.15,21.18,34485.0,early_exit,-3.5429637915866175,23.05,filled_proxy,14:56,20.16,20.19,10025.0,end_of_day_exit,-8.060645384076038,23.05
2026-01-12,sh:stock:600152,600152,维科技术,sh,main,电力设备,7.66,8.31,7.66,8.31,7.55,8.31,403593.0,325196256.0,529079375.0,529079375.0,4396649606.25,4396649606.25,7.628213,8.609272,1.456954,10.066225,14.46281,1,2024-12-31,2026-10-02,mootdx,2026-10-02T10:02:03.930854+08:00,2026-01-13,2026-01-14,xdxr_capital_history,current_mootdx_f10,4.091456077015643,ok,ok,early,train,filled_proxy,09:31,09:32,1,8.33,8.34,1100,24138.0,0.04557129836771895,9.06,-3.5146549259785553,-2.175314689904162,filled_proxy,09:32,8.09,8.1,3874.0,early_exit,-3.1553255834438465,8.78,filled_proxy,14:56,7.94,7.95,3068.0,end_of_day_exit,-4.951972296117391,8.78
2026-04-24,sh:stock:600152,600152,维科技术,sh,main,电力设备,11.79,12.96,11.75,12.96,11.78,12.96,725659.0,922800448.0,529079375.0,529079375.0,6856868700.0,6856868700.0,13.715503,10.271647,0.08489,10.016978,-6.76259,1,2024-12-31,2026-10-02,mootdx,2026-10-02T10:02:03.930854+08:00,2026-04-27,2026-04-28,xdxr_capital_history,current_mootdx_f10,3.6265432098765427,ok,ok,early,train,filled_proxy,09:31,09:32,1,13.48,13.5,700,82774.0,0.008456761785101602,14.13,7.4638946231579295,15.931377220291143,filled_proxy,09:32,15.42,15.44,99644.0,early_exit,14.049574649941366,14.22,filled_proxy,09:32,14.22,15.44,99644.0,precommitted_target,5.17000607450302,14.22
2026-03-25,sh:stock:600158,600158,中体产业,sh,main,社会服务,10.22,11.23,10.22,11.23,10.21,11.23,1067470.0,1175623424.0,959513046.875,959513046.875,10775331516.41,10775331516.41,11.125122,9.892262,0.097943,9.990206,3.885291,1,2023-08-07,2026-10-02,mootdx,2026-10-02T10:02:03.930854+08:00,2026-03-26,2026-03-27,xdxr_capital_history,current_mootdx_f10,4.897595725734627,ok,ok,early,train,filled_proxy,09:31,09:32,1,11.94,11.96,800,68364.0,0.011702065414545668,12.24,-11.515820136459777,-8.517025124311727,filled_proxy,09:32,10.51,10.53,38827.0,early_exit,-12.26754436867804,12.59,filled_proxy,14:56,10.82,10.84,6151.0,end_of_day_exit,-9.678272013259559,12.59
2026-06-18,sh:stock:600162,600162,香江控股,sh,main,房地产,3.3,3.58,3.1,3.58,3.25,3.58,2721003.0,927187136.0,3268438125.0,3268438125.0,11701008487.5,11701008487.5,8.325086,14.769231,1.538462,10.153846,13.650794,1,2022-09-14,2026-10-02,mootdx,2026-10-02T10:02:03.930854+08:00,2026-06-22,2026-06-23,xdxr_capital_history,current_mootdx_f10,3.3519553072625774,ok,ok,early,train,filled_proxy,09:31,09:32,1,3.75,3.76,2500,116464.0,0.021465860695150434,3.9,3.8268703109187507,10.092882019573658,filled_proxy,09:32,4.07,4.08,177438.0,early_exit,8.077715650688887,3.96,filled_proxy,09:32,3.96,4.08,177438.0,precommitted_target,5.155259479596919,3.96
2026-08-27,sh:stock:600162,600162,香江控股,sh,main,房地产,4.43,4.87,4.4,4.87,4.43,4.87,1350843.0,634967808.0,3268438125.0,3268438125.0,15917293668.75,15917293668.75,4.132992,10.609481,0.0,9.93228,16.229117,1,2022-09-14,2026-10-02,mootdx,2026-10-02T10:02:03.930854+08:00,2026-08-28,2026-08-31,xdxr_capital_history,current_mootdx_f10,4.7227926078028615,ok,ok,early,validation,filled_proxy,09:31,09:32,1,5.22,5.23,1800,138475.0,0.012998736233977253,5.31,12.448106182745944,12.526417707085379,filled_proxy,09:32,5.89,5.9,15501.0,early_exit,12.448106182745944,5.51,filled_proxy,09:32,5.51,5.9,15501.0,precommitted_target,5.189964902506006,5.51
2026-03-10,sh:stock:600172,600172,黄河旋风,sh,main,机械设备,9.4,10.08,9.18,10.08,9.16,10.08,2104014.0,2077826176.0,1442184531.25,1276255781.25,14537220075.0,12864658275.0,16.485833,9.825328,2.620087,10.043668,7.692308,1,2026-07-31,2026-10-02,mootdx,2026-10-02T10:02:03.930854+08:00,2026-03-11,2026-03-12,xdxr_capital_history,current_mootdx_f10,4.166666666666674,ok,ok,early,train,filled_proxy,09:31,09:32,1,10.8,10.82,900,178000.0,0.0050561797752808986,10.99,3.1691256687408798,6.847484981310958,filled_proxy,09:32,11.13,11.15,167672.0,early_exit,2.70749577584537,11.39,filled_proxy,09:37,11.39,11.48,103045.0,precommitted_target,5.107971218902052,11.39
2026-05-22,sh:stock:600172,600172,黄河旋风,sh,main,机械设备,10.8,10.99,10.8,10.99,9.99,10.99,784204.0,860569088.0,1442184531.25,1276255781.25,15849607998.44,14026051035.94,6.144568,1.901902,8.108108,10.01001,-0.632911,1,2026-07-31,2026-10-02,mootdx,2026-10-02T10:02:03.930854+08:00,2026-05-25,2026-05-26,xdxr_capital_history,current_mootdx_f10,4.6405823475887065,ok,ok,early,train,filled_proxy,09:31,09:32,1,11.56,11.58,800,106492.0,0.007512301393531909,11.98,9.674275949409438,14.562875125175157,filled_proxy,09:32,13.14,13.16,199636.0,early_exit,13.29737750900286,12.19,filled_proxy,09:32,12.19,13.16,199636.0,precommitted_target,5.102266838493907,12.19
2026-04-29,sh:stock:600186,600186,莲花控股,sh,main,食品饮料,9.85,10.82,9.85,10.82,9.84,10.82,2303049.0,2420096512.0,1792764687.5,1789138281.25,19397713918.75,19358476203.13,12.872392,9.857724,0.101626,9.95935,25.960419,1,2026-06-30,2026-10-02,mootdx,2026-10-02T10:02:03.930854+08:00,2026-04-30,2026-05-06,xdxr_capital_history,current_mootdx_f10,4.71349353049908,ok,ok,early,train,filled_proxy,09:31,09:32,1,10.83,10.85,800,175322.0,0.004563032591460284,11.79,0.5694100835008431,5.987155640632169,filled_proxy,09:32,11.36,11.38,156857.0,early_exit,4.528202527578662,11.43,filled_proxy,13:01,11.43,11.49,76524.0,precommitted_target,5.172657111498302,11.43
2026-08-14,sh:stock:600186,600186,莲花控股,sh,main,食品饮料,10.93,12.02,10.75,12.02,10.93,12.02,3020837.0,3518678016.0,1792764687.5,1789138281.25,21549031543.75,21505442140.63,16.884313,11.619396,0.0,9.972553,21.536906,1,2026-06-30,2026-10-02,mootdx,2026-10-02T10:02:03.930854+08:00,2026-08-17,2026-08-18,xdxr_capital_history,current_mootdx_f10,4.991680532445919,ok,ok,early,validation,filled_proxy,09:31,09:32,1,12.75,12.77,700,257409.0,0.0027194076353196663,13.1,2.0264976354401165,4.503227875945925,filled_proxy,09:32,12.79,12.81,150480.0,early_exit,-0.007327967906178845,13.45,filled_proxy,14:56,12.88,12.9,22033.0,end_of_day_exit,0.6966885870983042,13.45
2026-09-09,sh:stock:600192,600192,长城电工,sh,main,电力设备,7.17,7.89,7.11,7.89,7.17,7.89,308686.0,237057136.0,441748007.8125,441748007.8125,3485391781.64,3485391781.64,6.98783,10.878661,0.0,10.041841,7.055631,1,2014-07-24,2026-10-02,mootdx,2026-10-02T10:02:03.930854+08:00,2026-09-10,2026-09-11,xdxr_capital_history,current_mootdx_f10,4.816223067173642,ok,ok,early,holdout,filled_proxy,09:31,09:34,3,8.52,8.53,1100,87351.0,0.01259287243420224,8.6,-0.5098194677928602,-0.2583844506590549,filled_proxy,09:32,8.16,8.17,18075.0,early_exit,-4.491557046996409,8.98,filled_proxy,14:56,8.14,8.15,6379.0,end_of_day_exit,-4.7257769045966125,8.98
2026-01-07,sh:stock:600198,600198,大唐电信,sh,main,通信,9.7,10.74,9.63,10.74,9.76,10.74,613811.0,643018560.0,1303603515.625,1301949765.625,14000701757.81,13982940482.81,4.714552,11.372951,-0.614754,10.040984,15.236052,1,2024-12-30,2026-10-02,mootdx,2026-10-02T10:02:03.930854+08:00,2026-01-08,2026-01-09,xdxr_capital_history,current_mootdx_f10,4.748603351955305,ok,ok,early,train,filled_proxy,09:31,09:32,1,10.93,10.95,800,84032.0,0.00952018278750952,11.71,-2.5378995641755053,-0.17481637399723304,filled_proxy,09:32,10.64,10.66,34571.0,early_exit,-2.9940227864921676,11.53,filled_proxy,14:56,10.62,10.64,8226.0,end_of_day_exit,-3.176472075418857,11.53
2026-01-14,sh:stock:600198,600198,大唐电信,sh,main,通信,10.38,11.43,10.37,11.43,10.39,11.43,800303.0,904142784.0,1303603515.625,1301949765.625,14900188183.59,14881285821.09,6.146958,10.202117,-0.096246,10.009625,6.424581,1,2024-12-30,2026-10-02,mootdx,2026-10-02T10:02:03.930854+08:00,2026-01-15,2026-01-16,xdxr_capital_history,current_mootdx_f10,4.986876640419946,ok,ok,early,train,filled_proxy,09:31,09:32,1,11.620000000000001,11.64,800,61640.0,0.012978585334198572,12.46,-7.024893189003567,3.941774374366247,filled_proxy,09:32,11.23,11.25,22092.0,early_exit,-3.6779170883718737,12.26,filled_proxy,14:56,12.11,12.13,1457.0,end_of_day_exit,3.8742341130534985,12.26
2026-05-11,sh:stock:600198,600198,大唐电信,sh,main,通信,8.91,9.72,8.91,9.72,8.84,9.72,670519.0,632693312.0,1303603515.625,1301949765.625,12671026171.88,12654951721.88,5.150114,9.162896,0.791855,9.954751,14.757969,1,2024-12-30,2026-10-02,mootdx,2026-10-02T10:02:03.930854+08:00,2026-05-12,2026-05-13,xdxr_capital_history,current_mootdx_f10,3.80658436213992,ok,ok,early,train,filled_proxy,09:31,09:32,1,10.200000000000001,10.22,900,100582.0,0.008947923087629994,10.59,-4.754567605658099,1.1065143699672264,filled_proxy,09:32,10.13,10.15,76591.0,early_exit,-1.0403204728157034,10.76,filled_proxy,14:56,10.13,10.15,11977.0,end_of_day_exit,-1.0403204728157034,10.76
2026-06-09,sh:stock:600198,600198,大唐电信,sh,main,通信,8.54,9.34,8.5,9.34,8.49,9.34,269843.0,247318480.0,1303603515.625,1301949765.625,12175656835.94,12160210810.94,2.072607,9.893993,0.588928,10.011779,16.024845,1,2024-12-30,2026-10-02,mootdx,2026-10-02T10:02:03.930854+08:00,2026-06-10,2026-06-11,xdxr_capital_history,current_mootdx_f10,3.5331905781584627,ok,ok,early,train,filled_proxy,09:31,09:32,1,9.57,9.58,900,48527.0,0.01854637624415274,10.18,-4.651467016403599,0.04472194773079696,filled_proxy,09:32,9.21,9.22,14107.0,early_exit,-4.025850688669708,10.09,filled_proxy,14:56,9.39,9.4,5872.0,end_of_day_exit,-2.1490017054680455,10.09
2026-06-22,sh:stock:600206,600206,有研新材,sh,main,电子,45.22,46.76,44.96,46.76,42.51,46.76,774099.0,3588668160.0,846553359.375,846553359.375,39584835084.38,39584835084.38,9.144125,4.234298,6.374971,9.997648,41.739921,1,2022-02-22,2026-10-02,mootdx,2026-10-02T10:02:03.930854+08:00,2026-06-23,2026-06-24,xdxr_capital_history,current_mootdx_f10,4.81180496150555,ok,ok,early,train,filled_proxy,09:31,09:32,1,50.26,50.32,100,55625.0,0.001797752808988764,50.97,-6.937488168670902,3.4160294674205227,filled_proxy,09:32,48.9,48.95,31622.0,early_exit,-3.06814921793358,53.02,filled_proxy,14:56,51.54,51.6,7877.0,end_of_day_exit,2.170340438449303,53.02
2026-07-07,sh:stock:600206,600206,有研新材,sh,main,电子,51.59,55.98,50.46,55.98,50.89,55.98,833796.0,4559046144.0,846553359.375,846553359.375,47390057057.81,47390057057.81,9.849302,10.846925,1.375516,10.001965,-15.945946,1,2022-02-22,2026-10-02,mootdx,2026-10-02T10:02:03.930854+08:00,2026-07-08,2026-07-09,xdxr_capital_history,current_mootdx_f10,3.2511611289746334,ok,ok,early,validation,filled_proxy,09:31,09:32,1,59.81,59.87,100,58056.0,0.0017224748518671628,61.02,-8.025196183495408,-1.1352226629204099,filled_proxy,09:32,54.97,55.03,34076.0,early_exit,-8.39216147551609,63.06,filled_proxy,14:56,59.32,59.38,420.0,end_of_day_exit,-1.136256837834293,63.06
2026-07-09,sh:stock:600206,600206,有研新材,sh,main,电子,55.25,59.38,53.8,59.38,53.98,59.38,1318474.0,7555888640.0,846553359.375,846553359.375,50268338479.69,50268338479.69,15.574612,10.337162,2.352723,10.003705,2.715793,1,2022-02-22,2026-10-02,mootdx,2026-10-02T10:02:03.930854+08:00,2026-07-10,2026-07-13,xdxr_capital_history,current_mootdx_f10,4.412260020208825,ok,ok,early,validation,filled_proxy,09:31,09:32,1,62.800000000000004,62.87,100,57456.0,0.0017404622667780562,64.72,-7.724462072960813,-1.2946381327241796,filled_proxy,09:32,61.15,61.22,26911.0,early_exit,-2.9430971022703756,66.22,unfilled_d3,,,,,limit_down_or_capacity,,66.22
2026-01-28,sh:stock:600219,600219,南山铝业,sh,main,有色金属,7.24,7.85,7.13,7.85,7.14,7.85,6368315.0,4854941184.0,11483701250.0,11483701250.0,90147054812.5,90147054812.5,5.545525,10.084034,1.40056,9.943978,20.214395,1,2025-12-18,2026-10-02,mootdx,2026-10-02T10:02:03.930854+08:00,2026-01-29,2026-01-30,xdxr_capital_history,current_mootdx_f10,3.0573248407643305,ok,ok,early,train,filled_proxy,09:31,09:32,1,8.34,8.35,1100,293338.0,0.0037499403418581973,8.56,-8.05656735628818,-6.355863480950963,filled_proxy,09:32,7.64,7.65,191529.0,early_exit,-8.654732759825478,8.79,unfilled_d3,,,,,limit_down_or_capacity,,8.79
2026-06-18,sh:stock:600226,600226,亨通股份,sh,main,公用事业,8.87,9.76,8.87,9.76,8.87,9.76,2278047.0,2156779264.0,2974381250.0,2974381250.0,29029961000.0,29029961000.0,7.658894,10.033822,0.0,10.033822,30.133333,1,2025-04-01,2026-10-02,mootdx,2026-10-02T10:02:03.930854+08:00,2026-06-22,2026-06-23,xdxr_capital_history,current_mootdx_f10,3.4836065573770503,ok,ok,early,train,filled_proxy,09:31,09:32,1,10.02,10.04,900,172823.0,0.005207640186780695,10.64,6.105592224166201,6.993383853648361,filled_proxy,09:32,10.29,10.31,64434.0,early_exit,2.3247918296438685,10.57,filled_proxy,10:06,10.57,10.64,44094.0,precommitted_target,5.110644751923488,10.57
2026-05-08,sh:stock:600234,600234,科新发展,sh,main,建筑装饰,26.0,28.61,25.58,28.61,26.01,28.61,86615.0,234963456.0,262520976.5625,262520976.5625,7510725139.45,7510725139.45,3.299355,11.649366,-0.038447,9.996155,20.311186,1,2024-07-26,2026-10-02,mootdx,2026-10-02T10:02:03.930854+08:00,2026-05-11,2026-05-12,xdxr_capital_history,current_mootdx_f10,3.110800419433768,ok,ok,early,train,filled_proxy,09:31,09:32,1,30.72,30.76,300,4480.0,0.06696428571428571,31.18,2.112990253791769,3.827618617280848,filled_proxy,09:32,30.77,30.810000000000002,5493.0,early_exit,-0.1278021451768807,32.38,filled_proxy,14:56,29.85,29.88,807.0,end_of_day_exit,-3.1155253438017283,32.38
2026-05-11,sh:stock:600236,600236,桂冠电力,sh,main,公用事业,10.57,11.63,10.51,11.63,10.57,11.63,382048.0,431884960.0,7882377500.0,7882377500.0,91672050325.0,91672050325.0,0.484686,10.596026,0.0,10.028382,16.183816,1,2019-07-11,2026-10-02,mootdx,2026-10-02T10:02:03.930854+08:00,2026-05-12,2026-05-13,xdxr_capital_history,current_mootdx_f10,4.72914875322441,ok,ok,early,train,filled_proxy,09:31,09:32,1,11.700000000000001,11.72,700,26485.0,0.026430054747970548,12.68,0.5080392642780707,6.1120307891331604,filled_proxy,09:32,11.92,11.94,16649.0,early_exit,1.5307743227280568,12.34,filled_proxy,09:58,12.34,12.39,11847.0,precommitted_target,5.110347027302953,12.34
2026-07-17,sh:stock:600236,600236,桂冠电力,sh,main,公用事业,9.65,10.62,9.65,10.62,9.65,10.62,373275.0,387794592.0,7882377500.0,7882377500.0,83710849050.0,83710849050.0,0.473556,10.051813,0.0,10.051813,11.907271,1,2019-07-11,2026-10-02,mootdx,2026-10-02T10:02:03.930854+08:00,2026-07-20,2026-07-21,xdxr_capital_history,current_mootdx_f10,3.1073446327683607,ok,ok,early,validation,filled_proxy,09:31,09:32,1,11.200000000000001,11.22,800,43836.0,0.018249840313897252,11.58,3.7540317379034738,4.806462710600923,filled_proxy,09:32,11.08,11.1,34901.0,early_exit,-1.4097442892052947,11.82,filled_proxy,14:56,11.2,11.22,4051.0,end_of_day_exit,-0.34137683532071694,11.82
2026-06-15,sh:stock:600237,600237,铜峰电子,sh,main,电子,9.88,10.68,9.88,10.68,9.71,10.68,471994.0,494051264.0,630489765.625,624615781.25,6733630696.88,6670896543.75,7.556549,8.238929,1.750772,9.989701,-4.642857,1,2026-05-15,2026-10-02,mootdx,2026-10-02T10:02:03.930854+08:00,2026-06-16,2026-06-17,xdxr_capital_history,current_mootdx_f10,4.026217228464413,ok,ok,early,train,filled_proxy,09:31,09:32,1,11.43,11.45,800,46861.0,0.017071765433942936,11.64,-2.2549177795451514,9.413337936306053,filled_proxy,09:32,11.77,11.790000000000001,30317.0,early_exit,2.6307019124609754,12.06,filled_proxy,09:34,12.06,12.3,28215.0,precommitted_target,5.160754967249859,12.06
2026-01-21,sh:stock:600246,600246,万通发展,sh,main,房地产,12.3,13.71,12.3,13.71,12.46,13.71,1666654.0,2202242048.0,1890412500.0,1890412500.0,25917555375.0,25917555375.0,8.816351,11.316212,-1.284109,10.032103,10.564516,1,2026-01-30,2026-10-02,mootdx,2026-10-02T10:02:03.930854+08:00,2026-01-22,2026-01-23,xdxr_capital_history,current_mootdx_f10,4.886943836615609,ok,ok,early,train,filled_proxy,09:31,09:32,1,14.65,14.67,600,112770.0,0.005320563979781857,14.94,-4.523415674912257,-3.1224186572850865,filled_proxy,09:32,13.85,13.870000000000001,24920.0,early_exit,-5.749075277210636,15.45,filled_proxy,14:56,14.0,14.02,6991.0,end_of_day_exit,-4.727692275295315,15.45
2026-04-30,sh:stock:600246,600246,万通发展,sh,main,房地产,10.32,11.28,10.31,11.28,10.25,11.28,1639527.0,1812369536.0,1942987500.0,1890412500.0,21916899000.0,21323853000.0,8.672853,9.463415,0.682927,10.04878,12.462612,1,2026-09-18,2026-10-02,mootdx,2026-10-02T10:02:03.930854+08:00,2026-05-06,2026-05-07,xdxr_capital_history,current_mootdx_f10,4.78723404255319,ok,ok,early,train,filled_proxy,09:31,09:32,1,11.5,11.52,800,77068.0,0.01038044324492656,12.3,0.7934287905436044,8.22910048867791,filled_proxy,09:32,11.59,11.61,26708.0,early_exit,0.4465753002516504,12.13,filled_proxy,09:40,12.13,12.23,64709.0,precommitted_target,5.12909741919334,12.13
2026-05-28,sh:stock:600246,600246,万通发展,sh,main,房地产,15.73,16.81,15.55,16.81,15.28,16.81,2507835.0,4064862976.0,1942987500.0,1890412500.0,32661619875.0,31777834125.0,13.266073,8.246073,2.945026,10.013089,9.08501,1,2026-09-18,2026-10-02,mootdx,2026-10-02T10:02:03.930854+08:00,2026-05-29,2026-06-01,xdxr_capital_history,current_mootdx_f10,3.9262343842950687,ok,ok,early,train,filled_proxy,09:31,09:32,1,17.1,17.12,500,68069.0,0.007345487666926208,18.32,-6.820252911424496,-4.057358751324114,filled_proxy,09:32,15.88,15.9,33874.0,early_exit,-7.403720518566681,18.03,filled_proxy,14:56,15.78,15.8,10885.0,end_of_day_exit,-7.987188125708866,18.03
2026-02-27,sh:stock:600259,600259,中稀有色,sh,main,有色金属,94.0,102.08,93.9,102.08,92.8,102.08,184271.0,1838099328.0,336435898.4375,329489726.5625,34343376512.5,33634311287.5,5.592617,8.814655,1.293103,10.0,16.836443,1,2025-06-30,2026-10-02,mootdx,2026-10-02T10:02:03.930854+08:00,2026-03-02,2026-03-03,xdxr_capital_history,current_mootdx_f10,4.917711598746077,ok,ok,early,train,below_one_lot,,,,,,,,,,,,,,,,,,,,,,,,,,,
2026-04-21,sh:stock:600261,600261,阳光照明,sh,main,家用电器,3.74,4.07,3.72,4.07,3.7,4.07,777199.0,309013920.0,1335052968.75,1335052968.75,5433665582.81,5433665582.81,5.821484,9.459459,1.081081,10.0,9.703504,1,2024-04-03,2026-10-02,mootdx,2026-10-02T10:02:03.930854+08:00,2026-04-22,2026-04-23,xdxr_capital_history,current_mootdx_f10,3.9312039312039415,ok,ok,early,train,filled_proxy,09:31,09:32,1,4.15,4.16,2200,41790.0,0.05264417324718833,4.44,-2.0822034986060722,-1.2206226957093946,filled_proxy,09:32,4.0,4.01,18203.0,early_exit,-4.003230929813828,4.38,filled_proxy,14:56,4.02,4.03,2464.0,end_of_day_exit,-3.5229740720119196,4.38
2026-02-03,sh:stock:600266,600266,城建发展,sh,main,房地产,6.0,6.0,5.93,6.0,5.45,6.0,547740.0,328551072.0,2075743437.5,2075743437.5,12454460625.0,12454460625.0,2.638765,1.284404,10.091743,10.091743,2.564103,1,2024-09-11,2026-10-02,mootdx,2026-10-02T10:02:03.930854+08:00,2026-02-04,2026-02-05,xdxr_capital_history,current_mootdx_f10,3.0000000000000027,ok,ok,early,train,filled_proxy,09:31,09:32,1,6.1000000000000005,6.11,1500,66356.0,0.0226053408885406,6.54,-3.103874103591975,-0.42424312629416594,filled_proxy,09:32,5.98,5.99,33405.0,early_exit,-2.2864149891020924,6.44,filled_proxy,14:56,5.93,5.94,6452.0,end_of_day_exit,-3.103874103591975,6.44
2026-08-12,sh:stock:600266,600266,城建发展,sh,main,房地产,4.15,4.6,4.14,4.6,4.18,4.6,1075866.0,473982112.0,2075743437.5,2075743437.5,9548419812.5,9548419812.5,5.183039,11.004785,-0.717703,10.047847,11.650485,1,2024-09-11,2026-10-02,mootdx,2026-10-02T10:02:03.930854+08:00,2026-08-13,2026-08-14,xdxr_capital_history,current_mootdx_f10,3.4782608695652195,ok,ok,early,validation,observed_breach_before_fill,,,,,,,,,,,,,,,,,,,,,,,,,,,
2026-04-15,sh:stock:600267,600267,海正药业,sh,main,医药生物,10.4,11.39,10.4,11.39,10.35,11.39,493332.0,548437440.0,1198761171.875,1198761171.875,13653889747.66,13653889747.66,4.115349,9.565217,0.483092,10.048309,9.942085,1,2026-06-18,2026-10-02,mootdx,2026-10-02T10:02:03.930854+08:00,2026-04-16,2026-04-17,xdxr_capital_history,current_mootdx_f10,4.74100087796312,ok,ok,early,train,filled_proxy,09:31,09:32,1,12.21,12.23,800,84391.0,0.009479683852543518,12.42,-6.525314696415374,-5.150036736786767,filled_proxy,09:32,11.36,11.38,25909.0,early_exit,-7.260451694494452,12.88,filled_proxy,14:56,11.22,11.24,3544.0,end_of_day_exit,-8.403998135950808,12.88
2026-03-09,sh:stock:600268,600268,国电南自,sh,main,电力设备,14.59,16.34,14.48,16.34,14.85,16.34,867674.0,1342265344.0,1015870781.25,1010831406.25,16599328565.63,16516985178.13,8.583766,12.525253,-1.750842,10.03367,15.886525,1,2026-06-10,2026-10-02,mootdx,2026-10-02T10:02:03.930854+08:00,2026-03-10,2026-03-11,xdxr_capital_history,current_mootdx_f10,3.8555691554467586,ok,ok,early,train,filled_proxy,09:31,09:32,1,16.580000000000002,16.6,500,43954.0,0.011375528962096737,17.81,-3.7226063845478663,4.777246021502735,filled_proxy,09:32,15.79,15.81,28921.0,early_exit,-5.046420968941556,17.48,filled_proxy,14:56,17.18,17.2,8799.0,end_of_day_exit,3.3176802688184903,17.48
2026-07-06,sh:stock:600288,600288,大恒科技,sh,main,计算机,12.98,14.14,12.91,14.14,12.85,14.14,233509.0,320408224.0,436800000.0,436800000.0,6176352000.0,6176352000.0,5.345902,9.571984,1.011673,10.038911,14.401294,1,2010-03-01,2026-10-02,mootdx,2026-10-02T10:02:03.930854+08:00,2026-07-07,2026-07-08,xdxr_capital_history,current_mootdx_f10,4.667609618104662,ok,ok,early,validation,filled_proxy,09:31,09:32,1,15.09,15.11,600,35632.0,0.016838796587337227,15.41,1.6227713459982196,12.9467663777048,filled_proxy,09:32,14.86,14.88,44771.0,early_exit,-1.8149727102385715,15.91,filled_proxy,11:03,15.91,15.98,15205.0,precommitted_target,5.126625864854928,15.91
2026-06-04,sh:stock:600293,600293,三峡新材,sh,main,建筑材料,3.22,3.6,3.17,3.6,3.27,3.6,797377.0,274666336.0,1160145078.125,1160145078.125,4176522281.25,4176522281.25,6.87308,13.149847,-1.529052,10.091743,4.956268,1,2020-03-04,2026-10-02,mootdx,2026-10-02T10:02:03.930854+08:00,2026-06-05,2026-06-08,xdxr_capital_history,current_mootdx_f10,3.0555555555555447,ok,ok,early,train,filled_proxy,09:31,09:32,1,3.81,3.82,2500,191426.0,0.013059876923719871,3.92,1.150906864300838,13.8507360706128,filled_proxy,09:32,4.09,4.1,206666.0,early_exit,6.904062340350259,4.03,filled_proxy,09:32,4.03,4.1,206666.0,precommitted_target,5.335019937791308,4.03
2026-02-25,sh:stock:600301,600301,华锡有色,sh,main,有色金属,52.36,56.84,52.36,56.84,51.67,56.84,104788.0,582880768.0,632567460.9375,275335683.5938,35955134479.69,15650080255.47,3.805827,8.670408,1.335398,10.005806,13.385198,1,2023-10-31,2026-10-02,mootdx,2026-10-02T10:02:03.930854+08:00,2026-02-26,2026-02-27,xdxr_capital_history,current_mootdx_f10,3.888106966924698,ok,ok,early,train,filled_proxy,09:31,09:32,1,59.0,59.06,100,8579.0,0.011656370206317752,61.96,-0.6438502747763031,9.307392756112964,filled_proxy,09:32,61.13,61.2,4210.0,early_exit,3.2789946443201545,62.21,filled_proxy,09:46,62.21,62.480000000000004,2842.0,precommitted_target,5.105146589416765,62.21
2026-05-06,sh:stock:600301,600301,华锡有色,sh,main,有色金属,51.66,55.58,50.95,55.58,50.53,55.58,199901.0,1071264768.0,632567460.9375,275335683.5938,35158099478.91,15303157294.14,7.260265,9.162874,2.236295,9.994063,2.849741,1,2023-10-31,2026-10-02,mootdx,2026-10-02T10:02:03.930854+08:00,2026-05-07,2026-05-08,xdxr_capital_history,current_mootdx_f10,4.498020870816832,ok,ok,early,train,filled_proxy,09:31,09:32,1,58.79,58.85,100,13746.0,0.007274843590862796,60.58,1.2545788061183671,2.39074492354181,filled_proxy,09:32,58.72,58.78,3885.0,early_exit,-0.442331234092852,61.99,filled_proxy,14:56,59.84,59.9,798.0,end_of_day_exit,1.4582080109437179,61.99
2026-06-01,sh:stock:600301,600301,华锡有色,sh,main,有色金属,56.1,60.5,56.1,60.5,55.0,60.5,141697.0,846416448.0,632567460.9375,275335683.5938,38270331386.72,16657808857.42,5.146336,8.0,2.0,10.0,8.715184,1,2023-10-31,2026-10-02,mootdx,2026-10-02T10:02:03.930854+08:00,2026-06-02,2026-06-03,xdxr_capital_history,current_mootdx_f10,3.3553719008264427,ok,ok,early,train,filled_proxy,09:31,09:32,1,62.51,62.58,100,8800.0,0.011363636363636364,65.95,8.310207559829298,11.135242684418456,filled_proxy,09:32,69.0,69.07000000000001,12263.0,early_exit,10.033724108182241,65.91,filled_proxy,09:32,65.91,69.07000000000001,12263.0,precommitted_target,5.10255176150578,65.91
2026-05-21,sh:stock:600303,600303,曙光股份,sh,main,汽车,3.2,3.48,3.18,3.48,3.16,3.48,931711.0,319638560.0,683604218.75,675604218.75,2378942681.25,2351102681.25,13.790781,9.493671,1.265823,10.126582,8.074534,1,2026-06-01,2026-10-02,mootdx,2026-10-02T10:02:03.930854+08:00,2026-05-22,2026-05-25,xdxr_capital_history,current_mootdx_f10,4.885057471264376,ok,ok,early,train,no_pre10_fill_proxy,,,,,,,,,,,,,,,,,,,,,,,,,,,
2026-03-17,sh:stock:600307,600307,酒钢宏兴,sh,main,钢铁,2.04,2.2,2.04,2.2,2.0,2.2,2010401.0,434805824.0,6263357500.0,6263357500.0,13779386500.0,13779386500.0,3.209782,8.0,2.0,10.0,18.918919,1,2014-01-27,2026-10-02,mootdx,2026-10-02T10:02:03.930854+08:00,2026-03-18,2026-03-19,xdxr_capital_history,current_mootdx_f10,3.1818181818181746,ok,ok,early,train,filled_proxy,09:31,09:32,1,2.23,2.24,4100,276662.0,0.014819527076360325,2.4,6.528508806371902,11.768018181108953,filled_proxy,09:32,2.3,2.31,234221.0,early_exit,2.514926001653728,2.36,filled_proxy,09:35,2.36,2.39,268387.0,precommitted_target,5.190647871465837,2.36
2026-03-10,sh:stock:600330,600330,天通股份,sh,main,电子,16.12,17.22,15.92,17.22,15.65,17.22,1314156.0,2210768640.0,1233434453.125,1233434453.125,21239741282.81,21239741282.81,10.654445,8.306709,3.003195,10.031949,-4.066852,1,2023-05-23,2026-10-02,mootdx,2026-10-02T10:02:03.930854+08:00,2026-03-11,2026-03-12,xdxr_capital_history,current_mootdx_f10,4.355400696864109,ok,ok,early,train,filled_proxy,09:31,09:32,1,18.400000000000002,18.42,500,112136.0,0.004458871370478705,18.77,0.9241340083839145,8.841338932467103,filled_proxy,09:32,19.3,19.32,64391.0,early_exit,4.611851898908315,19.4,filled_proxy,09:33,19.4,19.52,88385.0,precommitted_target,5.154163353397201,19.4
2026-04-09,sh:stock:600330,600330,天通股份,sh,main,电子,17.63,19.7,17.63,19.7,17.91,19.7,1004146.0,1881494912.0,1233434453.125,1233434453.125,24298658726.56,24298658726.56,8.141057,11.557789,-1.563372,9.994417,20.710784,1,2023-05-23,2026-10-02,mootdx,2026-10-02T10:02:03.930854+08:00,2026-04-10,2026-04-13,xdxr_capital_history,current_mootdx_f10,4.5685279187817285,ok,ok,early,train,filled_proxy,09:31,09:32,1,19.88,19.9,400,92812.0,0.004309787527474896,21.47,-5.498036202927581,0.7254679589140833,filled_proxy,09:32,19.21,19.23,46878.0,early_exit,-3.6408730930950095,20.96,filled_proxy,14:56,19.59,19.61,11997.0,end_of_day_exit,-1.7335163856993852,20.96
2026-04-22,sh:stock:600330,600330,天通股份,sh,main,电子,23.45,25.87,23.43,25.87,23.52,25.87,2073603.0,5142236672.0,1233434453.125,1233434453.125,31908949302.34,31908949302.34,16.811619,10.37415,-0.297619,9.991497,30.656566,1,2023-05-23,2026-10-02,mootdx,2026-10-02T10:02:03.930854+08:00,2026-04-23,2026-04-24,xdxr_capital_history,current_mootdx_f10,4.290684190181682,ok,ok,early,train,filled_proxy,09:31,09:32,1,27.44,27.47,300,100089.0,0.0029973323741869736,28.2,-8.136594041145418,-0.5637330191319401,filled_proxy,09:32,26.87,26.900000000000002,65416.0,early_exit,-2.3549791324484315,28.93,filled_proxy,14:56,25.81,25.84,11188.0,end_of_day_exit,-6.209389071579752,28.93
2026-09-07,sh:stock:600330,600330,天通股份,sh,main,电子,27.37,28.89,27.11,28.89,26.26,28.89,783874.0,2239423744.0,1233434453.125,1233434453.125,35633921350.78,35633921350.78,6.355214,6.77837,4.226961,10.015232,1.653765,1,2023-05-23,2026-10-02,mootdx,2026-10-02T10:02:03.930854+08:00,2026-09-08,2026-09-09,xdxr_capital_history,current_mootdx_f10,3.4614053305642045,ok,ok,early,holdout,filled_proxy,09:31,09:32,1,29.88,29.91,300,79876.0,0.0037558215233612097,31.49,1.539926801333058,3.3734571841932404,filled_proxy,09:32,30.53,30.57,40639.0,early_exit,1.907300830685732,31.49,filled_proxy,14:56,29.33,29.36,5417.0,end_of_day_exit,-2.1004158531616635,31.49
2026-04-02,sh:stock:600339,600339,中油工程,sh,main,石油石化,4.03,4.46,4.02,4.46,4.05,4.46,2151538.0,929351808.0,5583147500.0,5583147500.0,24900837850.0,24900837850.0,3.853629,10.864198,-0.493827,10.123457,8.252427,1,2020-01-03,2026-10-02,mootdx,2026-10-02T10:02:03.930854+08:00,2026-04-03,2026-04-07,xdxr_capital_history,current_mootdx_f10,3.139013452914785,ok,ok,early,train,filled_proxy,09:31,09:32,1,4.5200000000000005,4.53,2000,199111.0,0.010044648462415437,4.86,1.1608003123543043,6.787216743316371,filled_proxy,09:32,4.42,4.43,93766.0,early_exit,-2.5879388342792797,4.77,filled_proxy,10:25,4.77,4.82,52277.0,precommitted_target,5.130053526436895,4.77
2026-01-23,sh:stock:600340,600340,*ST华幸,sh,main,房地产,1.66,1.77,1.66,1.77,1.61,1.77,2700603.0,472008896.0,3913720312.5,3893355000.0,6927284953.13,6891238350.0,6.936442,6.832298,3.10559,9.937888,12.025316,1,2026-05-14,2026-10-02,mootdx,2026-10-02T10:02:03.930854+08:00,2026-01-26,2026-01-27,xdxr_capital_history,current_mootdx_f10,4.519774011299438,ok,ok,early,train,filled_proxy,09:31,09:32,1,1.87,1.88,5100,213748.0,0.023859872373074836,1.93,-5.469826076626272,-3.9719188357575375,filled_proxy,09:32,1.71,1.72,94966.0,early_exit,-9.189354521493653,1.98,filled_proxy,14:56,1.7,1.71,19798.0,end_of_day_exit,-9.720715727903285,1.98
2026-05-08,sh:stock:600343,600343,航天动力,sh,main,机械设备,34.88,38.48,34.58,38.48,34.98,38.48,685933.0,2541415680.0,638206367.1875,638206367.1875,24558181009.38,24558181009.38,10.747824,11.149228,-0.285878,10.005718,17.174178,1,2016-03-28,2026-10-02,mootdx,2026-10-02T10:02:03.930854+08:00,2026-05-11,2026-05-12,xdxr_capital_history,current_mootdx_f10,3.5862785862786017,ok,ok,early,train,filled_proxy,09:31,09:32,1,39.230000000000004,39.27,200,20415.0,0.00979671809943669,41.94,-2.8499140053129035,3.024189883461803,filled_proxy,09:32,38.35,38.39,14510.0,early_exit,-2.5192551390382345,41.35,filled_proxy,14:56,38.44,38.480000000000004,4260.0,end_of_day_exit,-2.290337462386538,41.35
2026-03-10,sh:stock:600345,600345,长江通信,sh,main,通信,40.25,43.76,40.16,43.76,39.78,43.76,203908.0,853815168.0,329612148.4375,211559296.875,14423827615.63,9257834831.25,9.638338,9.049774,1.181498,10.005028,0.413034,1,2024-12-16,2026-10-02,mootdx,2026-10-02T10:02:03.930854+08:00,2026-03-11,2026-03-12,xdxr_capital_history,current_mootdx_f10,3.062157221206596,ok,ok,early,train,filled_proxy,09:31,09:32,1,45.92,45.97,200,9844.0,0.02031694433157253,47.7,-3.4636662192116363,1.7148984137667078,filled_proxy,09:32,46.33,46.38,8538.0,early_exit,0.6216091802643708,48.4,filled_proxy,14:56,43.9,43.95,612.0,end_of_day_exit,-4.658826575441322,48.4
2026-05-08,sh:stock:600345,600345,长江通信,sh,main,通信,50.75,57.45,50.11,57.45,52.23,57.45,231222.0,1249902848.0,329612148.4375,211559296.875,18936217927.73,12154081605.47,10.929418,14.053226,-2.833621,9.994256,9.366077,1,2024-12-16,2026-10-02,mootdx,2026-10-02T10:02:03.930854+08:00,2026-05-11,2026-05-12,xdxr_capital_history,current_mootdx_f10,4.63011314186248,ok,ok,early,train,filled_proxy,09:31,09:32,1,58.5,58.56,100,10082.0,0.00991866693116445,62.62,-0.35899726618667804,4.992799554625149,filled_proxy,09:32,59.04,59.1,4380.0,early_exit,0.5959742534972889,61.69,filled_proxy,14:56,59.08,59.14,1259.0,end_of_day_exit,0.6641865049032969,61.69
2026-06-22,sh:stock:600352,600352,浙江龙盛,sh,main,基础化工,10.91,12.06,10.53,12.06,10.96,12.06,1108547.0,1289307008.0,3253331875.0,3253331875.0,39235182412.5,39235182412.5,3.407421,13.959854,-0.456204,10.036496,5.235602,1,2018-03-26,2026-10-02,mootdx,2026-10-02T10:02:03.930854+08:00,2026-06-23,2026-06-24,xdxr_capital_history,current_mootdx_f10,4.726368159203975,ok,ok,early,train,filled_proxy,09:31,09:32,1,12.89,12.91,700,84463.0,0.008287652581603779,13.15,-7.281179163883989,-0.49435396032211365,filled_proxy,09:32,12.1,12.120000000000001,28668.0,early_exit,-6.430040468617881,13.6,filled_proxy,14:56,12.62,12.64,6768.0,end_of_day_exit,-2.4064757273599247,13.6
2026-06-11,sh:stock:600353,600353,旭光电子,sh,main,电子,26.94,29.94,26.68,29.94,27.22,29.94,1041328.0,3016017408.0,828811171.875,828811171.875,24814606485.94,24814606485.94,12.564116,11.976488,-1.028655,9.992652,13.237519,1,2026-05-14,2026-10-02,mootdx,2026-10-02T10:02:03.930854+08:00,2026-06-12,2026-06-15,xdxr_capital_history,current_mootdx_f10,3.5404141616566465,ok,ok,early,train,filled_proxy,09:31,09:32,1,31.5,31.54,300,51912.0,0.005779010633379565,32.63,-5.130190934967116,-0.1942145088648095,filled_proxy,09:32,31.52,31.560000000000002,105261.0,early_exit,-0.22094613859473533,33.2,unfilled_d3,,,,,limit_down_or_capacity,,33.2
2026-09-04,sh:stock:600354,600354,敦煌种业,sh,main,农林牧渔,7.67,8.66,7.5,8.66,7.87,8.66,1474365.0,1240319872.0,527802070.3125,527802070.3125,4570765928.91,4570765928.91,27.934051,14.739517,-2.541296,10.038119,5.481121,1,2018-10-22,2026-10-02,mootdx,2026-10-02T10:02:03.930854+08:00,2026-09-07,2026-09-08,xdxr_capital_history,current_mootdx_f10,4.272517321016167,ok,ok,early,holdout,no_pre10_fill_proxy,,,,,,,,,,,,,,,,,,,,,,,,,,,
2026-05-28,sh:stock:600360,600360,华微电子,sh,main,电子,10.75,12.28,10.74,12.28,11.16,12.28,1202091.0,1413482496.0,960295312.5,960295312.5,11792426437.5,11792426437.5,12.517931,13.799283,-3.673835,10.035842,1.739851,1,2020-08-06,2026-10-02,mootdx,2026-10-02T10:02:03.930854+08:00,2026-05-29,2026-06-01,xdxr_capital_history,current_mootdx_f10,3.0130293159609245,ok,ok,early,train,filled_proxy,09:31,09:32,1,12.75,12.77,700,69524.0,0.010068465565847765,13.39,-5.952356654610758,-4.639835123897362,filled_proxy,09:32,11.78,11.8,36626.0,early_exit,-7.9079581962898775,13.45,filled_proxy,14:56,11.58,11.6,4956.0,end_of_day_exit,-9.472439429633194,13.45
2026-06-29,sh:stock:600363,600363,ST联光,sh,main,电子,31.5,32.53,31.35,32.53,29.57,32.53,62283.0,201098048.0,450888437.5,450888437.5,14667400871.88,14667400871.88,1.381339,3.990531,6.526885,10.010145,-2.953461,1,2025-11-12,2026-10-02,mootdx,2026-10-02T10:02:03.930854+08:00,2026-06-30,2026-07-01,xdxr_capital_history,current_mootdx_f10,4.150015370427296,ok,ok,early,purged,observed_breach_before_fill,,,,,,,,,,,,,,,,,,,,,,,,,,,
2026-05-28,sh:stock:600367,600367,红星发展,sh,main,基础化工,30.05,33.22,30.0,33.22,30.2,33.22,630087.0,2009530240.0,341130898.4375,321973183.5938,11332368446.09,10695949158.98,19.569549,10.662252,-0.496689,10.0,33.843674,1,2024-05-06,2026-10-02,mootdx,2026-10-02T10:02:03.930854+08:00,2026-05-29,2026-06-01,xdxr_capital_history,current_mootdx_f10,3.0102347983142597,ok,ok,early,train,filled_proxy,09:31,09:32,1,33.7,33.74,200,36946.0,0.005413305905916743,36.21,0.15517096535810904,4.342804251380006,filled_proxy,09:32,35.27,35.31,39638.0,early_exit,4.328921351160586,35.54,filled_proxy,14:56,35.27,35.31,256.0,end_of_day_exit,4.328921351160586,35.54
2026-06-22,sh:stock:600367,600367,红星发展,sh,main,基础化工,58.0,62.22,58.0,62.22,56.56,62.22,306757.0,1861928960.0,341130898.4375,321973183.5938,21225164500.78,20033171483.2,9.527408,7.461103,2.545969,10.007072,17.329813,1,2024-05-06,2026-10-02,mootdx,2026-10-02T10:02:03.930854+08:00,2026-06-23,2026-06-24,xdxr_capital_history,current_mootdx_f10,3.953712632594031,ok,ok,early,train,filled_proxy,09:31,09:32,1,65.01,65.08,100,19538.0,0.005118231139318252,67.82,-18.835448516660612,-17.32230974452357,filled_proxy,09:32,52.59,52.65,25072.0,early_exit,-19.372555847392213,68.54,filled_proxy,14:56,50.71,50.77,6015.0,end_of_day_exit,-22.257589509607676,68.54
2026-08-25,sh:stock:600371,600371,万向德农,sh,main,农林牧渔,7.72,8.67,7.72,8.67,7.88,8.67,476090.0,406261440.0,292578007.8125,292578007.8125,2536651327.73,2536651327.73,16.272241,12.055838,-2.030457,10.025381,6.511057,1,2020-07-09,2026-10-02,mootdx,2026-10-02T10:02:03.930854+08:00,2026-08-26,2026-08-27,xdxr_capital_history,current_mootdx_f10,3.806228373702414,ok,ok,early,validation,filled_proxy,09:31,09:32,1,9.18,9.19,1000,36024.0,0.027759271596713302,9.45,13.317852755772908,13.85601757715984,filled_proxy,09:32,10.47,10.49,3805.0,early_exit,13.752645582585199,9.68,filled_proxy,09:32,9.68,10.49,3805.0,precommitted_target,5.165487253042045,9.68
2026-09-16,sh:stock:600371,600371,万向德农,sh,main,农林牧渔,12.9,14.22,12.53,14.22,12.93,14.22,439184.0,602055808.0,292578007.8125,292578007.8125,4160459271.09,4160459271.09,15.010834,13.070379,-0.232019,9.976798,-7.662338,1,2020-07-09,2026-10-02,mootdx,2026-10-02T10:02:03.930854+08:00,2026-09-17,2026-09-18,xdxr_capital_history,current_mootdx_f10,3.586497890295348,ok,ok,early,holdout,observed_breach_before_fill,,,,,,,,,,,,,,,,,,,,,,,,,,,
2026-09-23,sh:stock:600371,600371,万向德农,sh,main,农林牧渔,15.39,17.28,14.7,17.28,15.71,17.28,812535.0,1324584960.0,292578007.8125,292578007.8125,5055747975.0,5055747975.0,27.771568,16.422661,-2.036919,9.993635,21.518987,1,2020-07-09,2026-10-02,mootdx,2026-10-02T10:02:03.930854+08:00,2026-09-24,2026-09-28,xdxr_capital_history,current_mootdx_f10,4.629629629629606,ok,ok,early,holdout,filled_proxy,09:31,09:32,1,18.09,18.11,500,41842.0,0.011949715596768797,18.84,-17.316775603307853,-12.770796322780686,filled_proxy,09:32,15.11,15.13,29067.0,early_exit,-16.710027252431825,19.07,unfilled_d3,,,,,limit_down_or_capacity,,19.07
2026-01-08,sh:stock:600372,600372,中航机载,sh,main,国防军工,13.95,15.41,13.91,15.41,14.01,15.41,2813592.0,4198612224.0,4838896562.5,4838896562.5,74567396028.13,74567396028.13,5.814532,10.706638,-0.428266,9.992862,16.830933,1,2025-01-20,2026-10-02,mootdx,2026-10-02T10:02:03.930854+08:00,2026-01-09,2026-01-12,xdxr_capital_history,current_mootdx_f10,4.931862426995459,ok,ok,early,train,filled_proxy,09:31,09:32,1,16.16,16.18,500,122036.0,0.004097151660165853,16.8,-3.5091570239897174,4.596755510497741,filled_proxy,09:32,15.93,15.950000000000001,81872.0,early_exit,-1.7188592889788135,17.04,filled_proxy,14:56,16.49,16.51,12722.0,end_of_day_exit,1.7382673717319053,17.04
2026-05-25,sh:stock:600376,600376,首开股份,sh,main,房地产,4.34,4.77,4.34,4.77,4.34,4.77,1897344.0,890641920.0,2579565312.5,2579565312.5,12304526540.63,12304526540.63,7.355286,9.907834,0.0,9.907834,6.0,1,2019-06-28,2026-10-02,mootdx,2026-10-02T10:02:03.930854+08:00,2026-05-26,2026-05-27,xdxr_capital_history,current_mootdx_f10,4.4025157232704615,ok,ok,early,train,no_pre10_fill_proxy,,,,,,,,,,,,,,,,,,,,,,,,,,,
2026-05-26,sh:stock:600378,600378,昊华科技,sh,main,基础化工,35.41,39.25,35.16,39.25,35.68,39.25,366757.0,1383803008.0,1289999609.375,1072565390.625,50632484667.97,42098191582.03,3.419437,11.463004,-0.756726,10.005605,12.754955,1,2025-07-08,2026-10-02,mootdx,2026-10-02T10:02:03.930854+08:00,2026-05-27,2026-05-28,xdxr_capital_history,current_mootdx_f10,4.127388535031851,ok,ok,early,train,filled_proxy,09:31,09:32,1,42.0,42.05,200,33397.0,0.005988561846872473,42.78,-5.396842082659637,-3.593027117815728,filled_proxy,09:32,39.8,39.84,11697.0,early_exit,-5.515615702521625,44.27,filled_proxy,14:56,40.29,40.34,3957.0,end_of_day_exit,-4.351634227874213,44.27
2026-06-29,sh:stock:600378,600378,昊华科技,sh,main,基础化工,62.05,68.53,58.61,68.53,62.3,68.53,908880.0,5857973248.0,1289999609.375,1072565390.625,88403673230.47,73502906219.53,8.473889,15.922953,-0.401284,10.0,-2.406722,1,2025-07-08,2026-10-02,mootdx,2026-10-02T10:02:03.930854+08:00,2026-06-30,2026-07-01,xdxr_capital_history,current_mootdx_f10,4.727856413249665,ok,ok,early,purged,filled_proxy,09:31,09:32,1,72.84,72.92,100,55370.0,0.001806032147372223,74.7,5.029603705810315,13.394554222434717,filled_proxy,09:32,78.15,78.23,35780.0,early_exit,6.974597014168271,76.79,filled_proxy,09:32,76.79,78.23,35780.0,precommitted_target,5.111786521656425,76.79
2026-05-13,sh:stock:600379,600379,宝光股份,sh,main,电力设备,16.9,18.91,16.49,18.91,17.19,18.91,491729.0,890151936.0,330201562.5,330201562.5,6244111546.88,6244111546.88,14.891783,14.077952,-1.687027,10.005817,2.437703,1,2019-07-19,2026-10-02,mootdx,2026-10-02T10:02:03.930854+08:00,2026-05-14,2026-05-15,xdxr_capital_history,current_mootdx_f10,3.120042305658388,ok,ok,early,train,filled_proxy,09:31,09:32,1,19.73,19.75,400,51308.0,0.007796055196070789,20.61,-5.0842011825561695,-2.6024562795640804,filled_proxy,09:32,18.48,18.5,48982.0,early_exit,-6.601438391697279,20.8,filled_proxy,14:56,18.37,18.39,8893.0,end_of_day_exit,-7.1577587017156885,20.8
2026-01-22,sh:stock:600391,600391,航发科技,sh,main,国防军工,48.49,53.36,48.49,53.36,48.51,53.36,312775.0,1598444928.0,330129375.0,330129375.0,17615703450.0,17615703450.0,9.474316,10.039167,-0.041229,9.997939,34.917826,1,2012-06-26,2026-10-02,mootdx,2026-10-02T10:02:03.930854+08:00,2026-01-23,2026-01-26,xdxr_capital_history,current_mootdx_f10,3.5419790104947557,ok,ok,early,train,filled_proxy,09:31,09:32,1,54.18,54.24,100,18873.0,0.005298574683410163,58.16,-4.396810373366256,-3.2418761456323386,filled_proxy,09:32,50.74,50.800000000000004,9976.0,early_exit,-6.679652918700629,57.14,unfilled_d3,,,,,limit_down_or_capacity,,57.14
2026-05-08,sh:stock:600391,600391,航发科技,sh,main,国防军工,38.54,42.57,38.22,42.57,38.7,42.57,286840.0,1180627712.0,330129375.0,330129375.0,14053607493.75,14053607493.75,8.688715,11.24031,-0.413437,10.0,21.212984,1,2012-06-26,2026-10-02,mootdx,2026-10-02T10:02:03.930854+08:00,2026-05-11,2026-05-12,xdxr_capital_history,current_mootdx_f10,3.3591731266149782,ok,ok,early,train,filled_proxy,09:31,09:32,1,43.28,43.33,200,8827.0,0.022657754616517502,46.4,1.2159085029834094,1.483120423340334,filled_proxy,09:32,43.05,43.1,3630.0,early_exit,-0.8127904005978626,45.62,filled_proxy,14:56,42.69,42.74,631.0,end_of_day_exit,-1.642712679335645,45.62
2026-06-18,sh:stock:600392,600392,盛和资源,sh,main,有色金属,29.0,31.66,29.0,31.66,28.78,31.66,2669646.0,8311378432.0,1752826562.5,1752826562.5,55494488968.75,55494488968.75,15.23052,9.24253,0.76442,10.006949,25.286901,1,2022-04-19,2026-10-02,mootdx,2026-10-02T10:02:03.930854+08:00,2026-06-22,2026-06-23,xdxr_capital_history,current_mootdx_f10,3.5375868603916727,ok,ok,early,train,filled_proxy,09:31,09:32,1,33.6,33.64,200,126572.0,0.0015801283064184814,34.51,1.3136571538907793,1.330906459915826,filled_proxy,09:32,33.22,33.26,64600.0,early_exit,-1.4474193699130833,35.43,unfilled_d3,,,,,limit_down_or_capacity,,35.43
2026-04-13,sh:stock:600396,600396,华电辽能,sh,main,公用事业,6.65,7.3,6.52,7.3,6.64,7.3,2429743.0,1710724224.0,1472706875.0,1472706875.0,10750760187.5,10750760187.5,16.498483,11.746988,0.150602,9.939759,3.107345,1,2018-12-25,2026-10-02,mootdx,2026-10-02T10:02:03.930854+08:00,2026-04-14,2026-04-15,xdxr_capital_history,current_mootdx_f10,4.109589041095885,ok,ok,early,train,filled_proxy,09:31,09:32,1,7.87,7.88,1200,217702.0,0.005512122075130224,7.96,2.8848247765530965,9.62065027621919,filled_proxy,09:32,8.59,8.6,213274.0,early_exit,8.84303982688448,8.3,filled_proxy,09:32,8.3,8.6,213274.0,precommitted_target,5.166694370297065,8.3
2026-08-03,sh:stock:600396,600396,华电辽能,sh,main,公用事业,14.39,15.51,13.74,15.51,14.1,15.51,2300416.0,3410004736.0,1472706875.0,1472706875.0,22841683631.25,22841683631.25,15.620325,12.553191,2.056738,10.0,-1.084184,1,2018-12-25,2026-10-02,mootdx,2026-10-02T10:02:03.930854+08:00,2026-08-04,2026-08-05,xdxr_capital_history,current_mootdx_f10,3.1592520954223158,ok,ok,early,validation,filled_proxy,09:31,09:32,1,16.23,16.25,500,129970.0,0.003847041624990382,16.91,0.9314679358216615,9.857328479958305,filled_proxy,09:32,16.32,16.34,69332.0,early_exit,0.25531294659570936,17.11,filled_proxy,10:02,17.11,17.400000000000002,49214.0,precommitted_target,5.111335141945839,17.11
2026-02-24,sh:stock:600397,600397,江钨装备,sh,main,煤炭,16.18,17.04,16.08,17.04,15.49,17.04,581966.0,980869056.0,989959843.75,989959843.75,16868915737.5,16868915737.5,5.878683,6.197547,4.454487,10.006456,47.532468,1,2015-02-04,2026-10-02,mootdx,2026-10-02T10:02:03.930854+08:00,2026-02-25,2026-02-26,xdxr_capital_history,current_mootdx_f10,3.521126760563398,ok,ok,early,train,observed_breach_before_fill,,,,,,,,,,,,,,,,,,,,,,,,,,,
2026-02-27,sh:stock:600397,600397,江钨装备,sh,main,煤炭,19.75,21.53,19.4,21.53,19.57,21.53,982436.0,2056080640.0,989959843.75,989959843.75,21313835435.94,21313835435.94,9.923998,10.884006,0.919775,10.01533,50.454228,1,2015-02-04,2026-10-02,mootdx,2026-10-02T10:02:03.930854+08:00,2026-03-02,2026-03-03,xdxr_capital_history,current_mootdx_f10,4.876915931258696,ok,ok,early,train,observed_breach_before_fill,,,,,,,,,,,,,,,,,,,,,,,,,,,
2026-08-12,sh:stock:600397,600397,江钨装备,sh,main,煤炭,17.04,18.74,16.84,18.74,17.04,18.74,967337.0,1736221312.0,989959843.75,989959843.75,18551847471.88,18551847471.88,9.771477,11.150235,0.0,9.976526,22.084691,1,2015-02-04,2026-10-02,mootdx,2026-10-02T10:02:03.930854+08:00,2026-08-13,2026-08-14,xdxr_capital_history,current_mootdx_f10,4.375667022411944,ok,ok,early,validation,filled_proxy,09:31,09:32,1,19.45,19.47,400,82000.0,0.004878048780487805,20.43,-10.389268687765252,-4.226428508372604,filled_proxy,09:32,17.42,17.44,45573.0,early_exit,-10.697077237472685,20.5,filled_proxy,14:56,17.98,18.0,9533.0,end_of_day_exit,-7.824197440203173,20.5
2026-07-20,sh:stock:600403,600403,大有能源,sh,main,煤炭,4.72,5.28,4.7,5.28,4.8,5.28,471173.0,241110896.0,2390812343.75,2390812343.75,12623489175.0,12623489175.0,1.970765,12.083333,-1.666667,10.0,13.548387,1,2014-09-29,2026-10-02,mootdx,2026-10-02T10:02:03.930854+08:00,2026-07-21,2026-07-22,xdxr_capital_history,current_mootdx_f10,3.2196969696969724,ok,ok,early,validation,filled_proxy,09:31,09:32,1,5.33,5.34,1700,77706.0,0.02187733250971611,5.76,-3.9033757185458873,6.465665444995139,filled_proxy,09:32,5.13,5.14,31870.0,early_exit,-4.090441227539953,5.63,filled_proxy,10:44,5.63,5.7,109204.0,precommitted_target,5.262834222163315,5.63
2026-09-22,sh:stock:600418,600418,江淮汽车,sh,main,汽车,19.38,21.32,19.25,21.32,19.38,21.32,1430686.0,2914330880.0,2254178125.0,2254178125.0,48059077625.0,48059077625.0,6.346819,10.681115,0.0,10.01032,10.695742,1,2026-08-12,2026-10-02,mootdx,2026-10-02T10:02:03.930854+08:00,2026-09-23,2026-09-24,xdxr_capital_history,current_mootdx_f10,3.0487804878048808,ok,ok,early,holdout,filled_proxy,09:31,09:32,1,22.17,22.2,400,89822.0,0.004453251987263699,23.24,3.9751400121065927,8.006627285030632,filled_proxy,09:32,23.48,23.51,52543.0,early_exit,5.595006321152374,23.37,filled_proxy,09:32,23.37,23.51,52543.0,precommitted_target,5.100047171166144,23.37
2026-03-25,sh:stock:600433,600433,冠豪高新,sh,main,轻工制造,3.36,3.7,3.35,3.7,3.36,3.7,831936.0,299674208.0,1750279218.75,1750279218.75,6476033109.38,6476033109.38,4.753162,10.416667,0.0,10.119048,-0.269542,1,2025-03-25,2026-10-02,mootdx,2026-10-02T10:02:03.930854+08:00,2026-03-26,2026-03-27,xdxr_capital_history,current_mootdx_f10,3.2432432432432323,ok,ok,early,train,filled_proxy,09:31,09:32,1,3.91,3.92,2400,78334.0,0.030638037123088314,4.03,-4.490384101207246,-3.5676303475339233,filled_proxy,09:32,3.68,3.69,10663.0,early_exit,-6.274221791268875,4.13,filled_proxy,14:56,3.67,3.68,3235.0,end_of_day_exit,-6.529055746991963,4.13
2026-06-25,sh:stock:600458,600458,时代新材,sh,main,机械设备,15.6,16.92,15.59,16.92,15.38,16.92,821770.0,1368552448.0,930753515.625,868528125.0,15748349484.38,14695495875.0,9.461639,8.647594,1.430429,10.013004,-0.936768,1,2026-07-03,2026-10-02,mootdx,2026-10-02T10:02:03.930854+08:00,2026-06-26,2026-06-29,xdxr_capital_history,current_mootdx_f10,4.669030732860513,ok,ok,early,train,filled_proxy,09:31,09:32,1,17.42,17.44,500,29277.0,0.017078252553198756,18.44,-10.705511344345076,-6.503399539089982,filled_proxy,09:32,15.88,15.9,14183.0,early_exit,-9.101761183544388,18.36,filled_proxy,14:56,15.98,16.0,2478.0,end_of_day_exit,-8.528993268972707,18.36
2026-01-06,sh:stock:600459,600459,贵研铂业,sh,main,有色金属,19.79,21.12,19.6,21.12,19.2,21.12,694142.0,1438278144.0,759807109.375,759706250.0,16047126150.0,16044996000.0,9.136979,7.916667,3.072917,10.0,6.936709,1,2026-04-22,2026-10-02,mootdx,2026-10-02T10:02:03.930854+08:00,2026-01-07,2026-01-08,xdxr_capital_history,current_mootdx_f10,4.166666666666652,ok,ok,early,train,filled_proxy,09:31,09:32,1,22.580000000000002,22.61,400,42540.0,0.009402914903620122,23.02,-7.4081292970257895,-5.955994962074895,filled_proxy,09:32,20.96,20.990000000000002,11579.0,early_exit,-7.452310090957603,23.81,filled_proxy,14:56,20.46,20.490000000000002,2950.0,end_of_day_exit,-9.661349787548378,23.81
2026-02-27,sh:stock:600459,600459,贵研铂业,sh,main,有色金属,23.45,25.85,23.45,25.85,23.5,25.85,722378.0,1819471872.0,759807109.375,759706250.0,19641013777.34,19638406562.5,9.508649,10.212766,-0.212766,10.0,14.380531,1,2026-04-22,2026-10-02,mootdx,2026-10-02T10:02:03.930854+08:00,2026-03-02,2026-03-03,xdxr_capital_history,current_mootdx_f10,3.5203094777562782,ok,ok,early,train,observed_breach_before_fill,,,,,,,,,,,,,,,,,,,,,,,,,,,
2026-06-15,sh:stock:600460,600460,士兰微,sh,main,电子,32.91,35.37,32.58,35.37,32.15,35.37,897340.0,3110196224.0,1664071875.0,1664071875.0,58858222218.75,58858222218.75,5.392435,8.678072,2.363919,10.015552,10.084034,1,2024-06-03,2026-10-02,mootdx,2026-10-02T10:02:03.930854+08:00,2026-06-16,2026-06-17,xdxr_capital_history,current_mootdx_f10,4.608425219112244,ok,ok,early,train,filled_proxy,09:31,09:32,1,38.1,38.14,200,53838.0,0.003714848248449051,38.55,-1.073379552287157,7.591966803979044,filled_proxy,09:32,38.56,38.6,61873.0,early_exit,0.9169383015781962,40.16,filled_proxy,09:57,40.16,40.37,25707.0,precommitted_target,5.107081151820991,40.16
2026-08-03,sh:stock:600468,600468,百利电气,sh,main,电力设备,5.76,6.22,5.71,6.22,5.65,6.22,501275.0,304162720.0,1087735312.5,1087735312.5,6765713643.75,6765713643.75,4.608428,9.026549,1.946903,10.088496,12.477396,1,2022-06-28,2026-10-02,mootdx,2026-10-02T10:02:03.930854+08:00,2026-08-04,2026-08-05,xdxr_capital_history,current_mootdx_f10,3.536977491961424,ok,ok,early,validation,filled_proxy,09:31,09:32,1,6.46,6.47,1400,71627.0,0.01954570203973362,6.78,0.14647939224281536,8.066732630404761,filled_proxy,09:32,6.53,6.54,41992.0,early_exit,0.7640550360691556,6.82,filled_proxy,14:10,6.82,6.99,24908.0,precommitted_target,5.241478453810178,6.82
2026-02-24,sh:stock:600470,600470,六国化工,sh,main,基础化工,6.59,7.13,6.59,7.13,6.48,7.13,361561.0,250147552.0,521600000.0,521600000.0,3719008000.0,3719008000.0,6.931768,8.333333,1.697531,10.030864,6.10119,1,2011-08-24,2026-10-02,mootdx,2026-10-02T10:02:03.930854+08:00,2026-02-25,2026-02-26,xdxr_capital_history,current_mootdx_f10,3.6465638148667656,ok,ok,early,train,no_pre10_fill_proxy,,,,,,,,,,,,,,,,,,,,,,,,,,,
2026-03-06,sh:stock:600470,600470,六国化工,sh,main,基础化工,7.45,8.37,7.36,8.37,7.61,8.37,1025249.0,837651072.0,521600000.0,521600000.0,4365792000.0,4365792000.0,19.655847,13.272011,-2.102497,9.986859,5.415617,1,2011-08-24,2026-10-02,mootdx,2026-10-02T10:02:03.930854+08:00,2026-03-09,2026-03-10,xdxr_capital_history,current_mootdx_f10,4.54002389486261,ok,ok,early,train,filled_proxy,09:31,09:33,2,9.06,9.07,1000,101055.0,0.0098956014051754,9.12,-14.369647016310271,-7.743782892439843,filled_proxy,09:32,8.07,8.08,74938.0,early_exit,-11.175716403583724,9.55,filled_proxy,14:56,8.21,8.22,10667.0,end_of_day_exit,-9.633818866405374,9.55
2026-06-22,sh:stock:600470,600470,六国化工,sh,main,基础化工,5.37,5.91,5.37,5.91,5.37,5.91,381222.0,217533968.0,521600000.0,521600000.0,3082656000.0,3082656000.0,7.308704,10.055866,0.0,10.055866,-1.335559,1,2011-08-24,2026-10-02,mootdx,2026-10-02T10:02:03.930854+08:00,2026-06-23,2026-06-24,xdxr_capital_history,current_mootdx_f10,4.230118443316422,ok,ok,early,train,filled_proxy,09:31,09:32,1,6.26,6.27,1500,44083.0,0.03402672231926139,6.44,2.5502332784867354,4.99423275158446,filled_proxy,09:32,6.36,6.37,53791.0,early_exit,1.275657282086362,6.61,filled_proxy,14:56,6.38,6.390000000000001,8076.0,end_of_day_exit,1.5943012811864499,6.61
2026-05-08,sh:stock:600480,600480,凌云股份,sh,main,汽车,10.5,11.61,10.45,11.61,10.55,11.61,634141.0,711667968.0,1222227343.75,1212895234.375,14190059460.94,14081713671.09,5.228325,10.995261,-0.473934,10.047393,15.407555,1,2026-06-11,2026-10-02,mootdx,2026-10-02T10:02:03.930854+08:00,2026-05-11,2026-05-12,xdxr_capital_history,current_mootdx_f10,3.100775193798455,ok,ok,early,train,observed_breach_before_fill,,,,,,,,,,,,,,,,,,,,,,,,,,,
2026-01-28,sh:stock:600490,600490,鹏欣资源,sh,main,有色金属,10.42,11.18,10.22,11.18,10.16,11.18,2227700.0,2415828736.0,2212887031.25,1992621406.25,24740077009.38,22277507321.88,11.179745,9.448819,2.559055,10.03937,28.211009,1,2021-03-01,2026-10-02,mootdx,2026-10-02T10:02:03.930854+08:00,2026-01-29,2026-01-30,xdxr_capital_history,current_mootdx_f10,4.6511627906976605,ok,ok,early,train,filled_proxy,09:31,09:32,1,11.77,11.79,800,99804.0,0.008015710793154582,12.19,-11.85048662309014,-7.960426117262753,filled_proxy,09:32,10.6,10.620000000000001,79282.0,early_exit,-10.240642799890976,12.42,unfilled_d3,,,,,limit_down_or_capacity,,12.42
2026-06-12,sh:stock:600497,600497,驰宏锌锗,sh,main,有色金属,8.74,9.28,8.74,9.28,8.44,9.28,1385498.0,1270049024.0,5040380625.0,5040380625.0,46774732200.0,46774732200.0,2.748796,6.398104,3.554502,9.952607,3.803132,1,2025-07-17,2026-10-02,mootdx,2026-10-02T10:02:03.930854+08:00,2026-06-15,2026-06-16,xdxr_capital_history,current_mootdx_f10,4.956896551724155,ok,ok,early,train,filled_proxy,09:31,09:32,1,9.88,9.89,900,165388.0,0.005441749099088205,10.12,0.34076158419171776,3.9737356306749794,filled_proxy,09:32,10.01,10.03,78686.0,early_exit,1.0477820275007543,10.42,filled_proxy,14:56,10.04,10.06,12191.0,end_of_day_exit,1.3507907889189097,10.42
2026-06-16,sh:stock:600500,600500,中化国际,sh,main,基础化工,9.0,9.06,9.0,9.06,8.24,9.06,1031097.0,933357760.0,3588306250.0,3588306250.0,32510054625.0,32510054625.0,2.873492,0.728155,9.223301,9.951456,52.268908,1,2026-03-10,2026-10-02,mootdx,2026-10-02T10:02:03.930854+08:00,2026-06-17,2026-06-18,xdxr_capital_history,current_mootdx_f10,4.415011037527594,ok,ok,early,train,filled_proxy,09:31,09:32,1,9.36,9.37,1000,155777.0,0.006419432907296969,9.88,-5.5958086050915785,-2.8146422013893835,filled_proxy,09:32,8.87,8.88,127717.0,early_exit,-5.489197403968338,9.87,filled_proxy,14:56,8.77,8.78,30110.0,end_of_day_exit,-6.555309415200828,9.87
2026-05-14,sh:stock:600509,600509,天富能源,sh,main,公用事业,9.49,10.33,9.38,10.33,9.39,10.33,954044.0,970402688.0,1374397343.75,1374397343.75,14197524560.94,14197524560.94,6.941544,10.117146,1.064963,10.01065,21.244131,1,2024-12-11,2026-10-02,mootdx,2026-10-02T10:02:03.930854+08:00,2026-05-15,2026-05-18,xdxr_capital_history,current_mootdx_f10,4.356243949661165,ok,ok,early,train,filled_proxy,09:31,09:37,6,10.82,10.84,800,154817.0,0.005167391177971411,11.26,-10.58014549841907,-5.97468167564884,filled_proxy,09:32,10.01,10.03,71777.0,early_exit,-7.81565082710155,11.42,filled_proxy,14:56,9.58,9.59,12509.0,end_of_day_exit,-11.778093189323325,11.42
2026-03-31,sh:stock:600528,600528,中铁工业,sh,main,机械设备,8.36,9.17,8.33,9.17,8.34,9.17,1489537.0,1327340800.0,2221551562.5,2221551562.5,20371627828.13,20371627828.13,6.70494,10.071942,0.239808,9.952038,19.556714,1,2020-07-13,2026-10-02,mootdx,2026-10-02T10:02:03.930854+08:00,2026-04-01,2026-04-02,xdxr_capital_history,current_mootdx_f10,4.580152671755733,ok,ok,early,train,filled_proxy,09:31,09:32,1,9.3,9.31,900,90444.0,0.009950908849674938,10.0,-9.934769389989606,-5.523157129850209,filled_proxy,09:32,8.46,8.47,37988.0,early_exit,-9.291020336999756,9.81,filled_proxy,14:56,8.65,8.66,7005.0,end_of_day_exit,-7.252481669198585,9.81
2026-06-22,sh:stock:600531,600531,豫光金铅,sh,main,有色金属,13.99,14.81,13.99,14.81,13.46,14.81,944307.0,1382125952.0,1209262734.375,1209262734.375,17909181096.09,17909181096.09,7.808948,6.092125,3.937593,10.029718,13.139801,1,2025-12-18,2026-10-02,mootdx,2026-10-02T10:02:03.930854+08:00,2026-06-23,2026-06-24,xdxr_capital_history,current_mootdx_f10,4.659014179608367,ok,ok,early,train,filled_proxy,09:31,09:32,1,15.51,15.53,600,83617.0,0.007175574344929859,16.14,-4.98349475897869,1.98994470717071,filled_proxy,09:32,15.38,15.4,50511.0,early_exit,-1.1240846570622853,16.35,filled_proxy,14:56,15.72,15.74,8993.0,end_of_day_exit,1.0629144006903513,16.35
2026-01-23,sh:stock:600537,600537,*ST亿晶,sh,main,电力设备,3.0,3.23,3.0,3.23,2.94,3.23,2239979.0,714775296.0,1183715000.0,1183715000.0,3823399450.0,3823399450.0,18.923297,7.823129,2.040816,9.863946,15.770609,1,2025-03-21,2026-10-02,mootdx,2026-10-02T10:02:03.930854+08:00,2026-01-26,2026-01-27,xdxr_capital_history,current_mootdx_f10,3.7151702786377694,ok,ok,early,train,filled_proxy,09:31,09:32,1,3.42,3.43,2800,121850.0,0.022979072630283134,3.52,-4.233427976020099,0.03501424385805585,filled_proxy,09:32,3.24,3.25,100527.0,early_exit,-5.689637794482905,3.62,filled_proxy,14:56,3.37,3.38,10652.0,end_of_day_exit,-1.9034922664796339,3.62
2026-06-12,sh:stock:600539,600539,狮头股份,sh,main,商贸零售,15.2,16.34,14.83,16.34,14.85,16.34,171687.0,273824512.0,230000000.0,230000000.0,3758200000.0,3758200000.0,7.464652,10.16835,2.356902,10.03367,16.714286,1,2014-09-18,2026-10-02,mootdx,2026-10-02T10:02:03.930854+08:00,2026-06-15,2026-06-16,xdxr_capital_history,current_mootdx_f10,3.3659730722154224,ok,ok,early,train,filled_proxy,09:31,09:32,1,16.56,16.58,500,8051.0,0.06210408644888834,17.81,-1.9196535094302636,-0.2724092377666465,filled_proxy,09:32,16.07,16.09,5808.0,early_exit,-3.245064012560983,17.46,filled_proxy,14:56,16.0,16.02,3164.0,end_of_day_exit,-3.6667855362843893,17.46
2026-01-09,sh:stock:600549,600549,厦门钨业,sh,main,有色金属,43.61,48.19,43.61,48.19,43.81,48.19,700250.0,3308448512.0,1587585781.25,1553932031.25,76505758798.44,74883984585.94,4.50631,10.454234,-0.456517,9.997717,17.364832,1,2025-06-13,2026-10-02,mootdx,2026-10-02T10:02:03.930854+08:00,2026-01-12,2026-01-13,xdxr_capital_history,current_mootdx_f10,3.7559659680431734,ok,ok,early,train,filled_proxy,09:31,09:32,1,49.2,49.25,100,21463.0,0.004659180915994968,52.53,-1.2887293164464908,1.792203309328011,filled_proxy,09:32,48.87,48.92,13390.0,early_exit,-1.02517474850784,51.9,filled_proxy,14:56,48.98,49.03,3389.0,end_of_day_exit,-0.8021670371751388,51.9
2026-06-22,sh:stock:600552,600552,凯盛科技,sh,main,电子,25.18,25.65,24.82,25.65,23.32,25.65,789740.0,2014023424.0,944606875.0,944606875.0,24229166343.75,24229166343.75,8.360515,3.559177,7.975986,9.991424,35.0,1,2024-05-20,2026-10-02,mootdx,2026-10-02T10:02:03.930854+08:00,2026-06-23,2026-06-24,xdxr_capital_history,current_mootdx_f10,3.352826510721263,ok,ok,early,train,filled_proxy,09:31,09:32,1,25.75,25.78,300,56629.0,0.005297639018877254,27.96,-1.9634291443842766,8.19550576309398,filled_proxy,09:32,25.87,25.900000000000002,24386.0,early_exit,0.1675206155776765,27.15,filled_proxy,14:37,27.15,27.310000000000002,16916.0,precommitted_target,5.126821875125498,27.15
2026-06-26,sh:stock:600552,600552,凯盛科技,sh,main,电子,26.93,29.6,26.8,29.6,26.91,29.6,1532902.0,4468506624.0,944606875.0,944606875.0,27960363500.0,27960363500.0,16.227936,10.405054,0.074322,9.996284,26.929674,1,2024-05-20,2026-10-02,mootdx,2026-10-02T10:02:03.930854+08:00,2026-06-29,2026-06-30,xdxr_capital_history,current_mootdx_f10,4.695945945945934,ok,ok,early,train,filled_proxy,09:31,09:32,1,31.220000000000002,31.26,300,85821.0,0.003495647918341665,32.26,0.3527510304815573,7.435275377904205,filled_proxy,09:32,30.96,31.0,60835.0,early_exit,-1.1172291619150787,32.91,filled_proxy,09:48,32.91,33.09,38001.0,precommitted_target,5.114208610201043,32.91
2026-01-09,sh:stock:600556,600556,天下秀,sh,main,传媒,7.1,7.82,7.06,7.82,7.11,7.82,3038121.0,2273278208.0,1807747656.25,1807747656.25,14136586671.88,14136586671.88,16.806112,10.68917,-0.140647,9.985935,28.830313,1,2023-01-03,2026-10-02,mootdx,2026-10-02T10:02:03.930854+08:00,2026-01-12,2026-01-13,xdxr_capital_history,current_mootdx_f10,3.324808184143224,ok,ok,early,train,filled_proxy,09:31,09:32,1,8.48,8.49,1100,147996.0,0.007432633314413903,8.52,9.25391992470228,11.025312124475661,filled_proxy,09:32,9.14,9.15,158697.0,early_exit,7.488999101281468,8.94,filled_proxy,09:32,8.94,9.15,158697.0,precommitted_target,5.135771336720341,8.94
2026-05-25,sh:stock:600578,600578,京能电力,sh,main,公用事业,8.38,9.04,8.38,9.04,8.22,9.04,2428734.0,2151900416.0,6694621250.0,6694621250.0,60519376100.0,60519376100.0,3.627889,8.029197,1.946472,9.975669,17.250324,1,2023-10-09,2026-10-02,mootdx,2026-10-02T10:02:03.930854+08:00,2026-05-26,2026-05-27,xdxr_capital_history,current_mootdx_f10,4.977876106194712,ok,ok,early,train,filled_proxy,09:31,09:32,1,9.620000000000001,9.63,1000,184626.0,0.005416355226241158,9.85,-6.276083613196459,2.2314777870979796,filled_proxy,09:32,9.39,9.4,180254.0,early_exit,-2.6453830046306748,10.14,filled_proxy,14:56,9.72,9.73,38403.0,end_of_day_exit,0.7778489977313452,10.14
2026-01-05,sh:stock:600587,600587,新华医疗,sh,main,医药生物,14.79,15.84,14.79,15.84,14.4,15.84,486228.0,754039616.0,606644531.25,604362031.25,9609249375.0,9573094575.0,8.04531,7.291667,2.708333,10.0,7.755102,1,2026-02-24,2026-10-02,mootdx,2026-10-02T10:02:03.930854+08:00,2026-01-06,2026-01-07,xdxr_capital_history,current_mootdx_f10,3.2196969696969724,ok,ok,early,train,filled_proxy,09:31,09:32,1,16.38,16.4,500,36545.0,0.013681762210972774,17.27,-3.158274956910856,-0.2737305733203077,filled_proxy,09:32,16.31,16.330000000000002,16948.0,early_exit,-0.7220043626620876,17.27,filled_proxy,14:56,16.0,16.02,1355.0,end_of_day_exit,-2.6101140732048833,17.27
2026-01-12,sh:stock:600588,600588,用友网络,sh,main,计算机,14.93,16.02,14.91,16.02,14.56,16.02,1690080.0,2653399552.0,3416997500.0,3416997500.0,54740299950.0,54740299950.0,4.946097,7.623626,2.541209,10.027473,17.190929,1,2024-09-25,2026-10-02,mootdx,2026-10-02T10:02:03.930854+08:00,2026-01-13,2026-01-14,xdxr_capital_history,current_mootdx_f10,4.119850187265928,ok,ok,early,train,filled_proxy,09:31,09:34,3,17.19,17.21,500,96796.0,0.005165502706723418,17.46,2.269643983407099,10.169076620900919,filled_proxy,09:32,18.18,18.2,179663.0,early_exit,5.461943670121627,18.12,filled_proxy,09:32,18.12,18.2,179663.0,precommitted_target,5.113692795207303,18.12
2026-01-09,sh:stock:600589,600589,大位科技,sh,main,计算机,9.17,9.69,8.91,9.69,8.81,9.69,3022793.0,2852898304.0,1484669843.75,1478469843.75,14386450785.94,14326372785.94,20.445415,8.853575,4.086266,9.988649,35.335196,1,2026-07-10,2026-10-02,mootdx,2026-10-02T10:02:03.930854+08:00,2026-01-12,2026-01-13,xdxr_capital_history,current_mootdx_f10,4.127966976264186,ok,ok,early,train,filled_proxy,09:31,09:32,1,10.11,10.13,900,205028.0,0.004389644341260706,10.56,2.303686798166482,7.126961261449449,filled_proxy,09:32,10.04,10.06,125706.0,early_exit,-1.0490963992415336,10.67,filled_proxy,09:59,10.67,10.84,93178.0,precommitted_target,5.163413643014492,10.67
2026-05-08,sh:stock:600589,600589,大位科技,sh,main,计算机,11.21,12.51,11.12,12.51,11.37,12.51,3586739.0,4296947712.0,1484669843.75,1478469843.75,18573219745.31,18495657745.31,24.259805,12.225154,-1.407212,10.026385,29.369183,1,2026-07-10,2026-10-02,mootdx,2026-10-02T10:02:03.930854+08:00,2026-05-11,2026-05-12,xdxr_capital_history,current_mootdx_f10,4.63629096722622,ok,ok,early,train,observed_breach_before_fill,,,,,,,,,,,,,,,,,,,,,,,,,,,
2026-05-22,sh:stock:600596,600596,新安股份,sh,main,基础化工,12.19,13.26,12.08,13.26,12.05,13.26,775185.0,1005438016.0,1349597031.25,1349597031.25,17895656634.38,17895656634.38,5.743826,9.792531,1.161826,10.041494,11.241611,1,2025-06-18,2026-10-02,mootdx,2026-10-02T10:02:03.930854+08:00,2026-05-25,2026-05-26,xdxr_capital_history,current_mootdx_f10,3.092006033182515,ok,ok,early,train,filled_proxy,09:31,09:32,1,13.64,13.66,600,45265.0,0.01325527449464266,14.45,-4.853823945932123,-2.9036131008255195,filled_proxy,09:32,13.14,13.16,13364.0,early_exit,-3.9763387512834925,14.39,filled_proxy,14:56,13.03,13.05,2902.0,end_of_day_exit,-4.780700179711406,14.39
2026-05-11,sh:stock:600601,600601,方正科技,sh,main,电子,12.42,13.33,12.4,13.33,12.12,13.33,4102778.0,5376294400.0,4273742812.5,4170293437.5,56968991690.63,55590011521.88,9.838104,7.673267,2.475248,9.983498,12.870449,1,2026-09-23,2026-10-02,mootdx,2026-10-02T10:02:03.930854+08:00,2026-05-12,2026-05-13,xdxr_capital_history,current_mootdx_f10,3.9009752438109446,ok,ok,early,train,filled_proxy,09:31,09:32,1,14.200000000000001,14.22,600,321734.0,0.0018648946023733892,14.53,-0.5905795492272325,2.818727902323448,filled_proxy,09:32,14.07,14.09,138429.0,early_exit,-1.2227913402182211,14.98,filled_proxy,14:56,14.15,14.17,25250.0,end_of_day_exit,-0.6608253037817868,14.98
2026-06-30,sh:stock:600601,600601,方正科技,sh,main,电子,12.57,13.84,12.48,13.84,12.58,13.84,1941252.0,2603492096.0,4273742812.5,4170293437.5,59148600525.0,57716861175.0,4.654953,10.810811,-0.079491,10.015898,3.052867,1,2026-09-23,2026-10-02,mootdx,2026-10-02T10:02:03.930854+08:00,2026-07-01,2026-07-02,xdxr_capital_history,current_mootdx_f10,4.7687861271676235,ok,ok,early,validation,filled_proxy,09:31,09:32,1,14.64,14.66,600,179289.0,0.003346552214580928,15.09,-7.38828611820852,4.567520800235236,filled_proxy,09:32,13.53,13.55,71025.0,early_exit,-7.865256467678805,15.44,filled_proxy,14:56,14.88,14.9,36437.0,end_of_day_exit,1.33345741496258,15.44
2026-01-27,sh:stock:600602,600602,云赛智联,sh,main,计算机,20.31,22.17,20.06,22.17,20.15,22.17,1251221.0,2672754688.0,1367673437.5,1074302968.75,30321320109.38,23817296817.19,11.646817,10.471464,0.794045,10.024814,14.810979,1,2020-09-14,2026-10-02,mootdx,2026-10-02T10:02:03.930854+08:00,2026-01-28,2026-01-29,xdxr_capital_history,current_mootdx_f10,4.961659900766802,ok,ok,early,train,filled_proxy,09:31,09:32,1,22.990000000000002,23.02,400,76243.0,0.00524638327453012,24.17,-1.3755538194946682,1.0401219964795816,filled_proxy,09:32,21.87,21.900000000000002,33762.0,early_exit,-5.150860925727341,24.24,filled_proxy,14:56,21.72,21.75,11016.0,end_of_day_exit,-5.801775944043319,24.24
2026-09-17,sh:stock:600609,600609,金杯汽车,sh,main,汽车,3.23,3.58,3.22,3.58,3.25,3.58,825553.0,284158176.0,1304558593.75,1304558593.75,4670319765.63,4670319765.63,6.328217,11.076923,-0.615385,10.153846,6.231454,1,2025-02-06,2026-10-02,mootdx,2026-10-02T10:02:03.930854+08:00,2026-09-18,2026-09-21,xdxr_capital_history,current_mootdx_f10,3.631284916201105,ok,ok,early,holdout,filled_proxy,09:31,09:32,1,3.77,3.78,2500,107502.0,0.02325538129523172,3.9,-2.5361909391809934,2.9104729995030665,filled_proxy,09:32,3.64,3.65,34533.0,early_exit,-3.857555310525973,3.98,filled_proxy,14:56,3.74,3.75,5370.0,end_of_day_exit,-1.2148265678359915,3.98
2026-01-20,sh:stock:600610,600610,中毅达,sh,main,基础化工,10.33,11.37,10.33,11.37,10.34,11.37,821590.0,908833728.0,1071274609.375,708726718.75,12180392308.59,8058222792.19,11.59248,10.058027,-0.096712,9.961315,11.36141,1,2024-09-23,2026-10-02,mootdx,2026-10-02T10:02:03.930854+08:00,2026-01-21,2026-01-22,xdxr_capital_history,current_mootdx_f10,4.309586631486373,ok,ok,early,train,filled_proxy,09:31,09:32,1,11.78,11.8,800,84189.0,0.00950242905842806,12.39,-3.7980918433170974,4.985734259680896,filled_proxy,09:32,11.43,11.450000000000001,36876.0,early_exit,-3.2901507051110057,12.43,filled_proxy,14:56,12.06,12.08,7304.0,end_of_day_exit,2.043231246052968,12.43
2026-02-13,sh:stock:600629,600629,华建集团,sh,main,建筑装饰,19.26,21.19,19.25,21.19,19.26,21.19,386211.0,803527936.0,970338671.875,953117031.25,20561476457.03,20196549892.19,4.052084,10.07269,0.0,10.020768,10.652742,1,2026-04-30,2026-10-02,mootdx,2026-10-02T10:02:03.930854+08:00,2026-02-24,2026-02-25,xdxr_capital_history,current_mootdx_f10,4.624823029731018,ok,ok,early,train,filled_proxy,09:31,09:32,1,21.63,21.66,400,25201.0,0.01587238601642792,23.1,-1.689197098623063,-0.3132835617847829,filled_proxy,09:32,21.35,21.38,6429.0,early_exit,-1.5969622377657977,22.81,filled_proxy,14:56,20.82,20.85,1564.0,end_of_day_exit,-4.041186050483391,22.81
2026-06-30,sh:stock:600641,600641,先导基电,sh,main,房地产,36.96,39.86,36.33,39.86,36.24,39.86,761917.0,2910219776.0,946865937.5,930629921.875,37742076268.75,37094908685.94,8.18711,9.740618,1.986755,9.988962,10.476718,1,2026-09-22,2026-10-02,mootdx,2026-10-02T10:02:03.930854+08:00,2026-07-01,2026-07-02,xdxr_capital_history,current_mootdx_f10,3.286502759658805,ok,ok,early,validation,filled_proxy,09:31,09:32,1,41.62,41.67,200,28844.0,0.006933851060879213,43.45,15.457349776288499,15.461568710980167,filled_proxy,09:32,46.19,46.24,48213.0,early_exit,10.663105808461681,43.87,filled_proxy,09:32,43.87,46.24,48213.0,precommitted_target,5.101782805782595,43.87
2026-07-10,sh:stock:600664,600664,哈药股份,sh,main,医药生物,3.33,3.37,3.33,3.37,3.06,3.37,1000322.0,336874464.0,2518509843.75,2518509843.75,8487378173.44,8487378173.44,3.97188,1.30719,8.823529,10.130719,7.324841,1,2024-07-02,2026-10-02,mootdx,2026-10-02T10:02:03.930854+08:00,2026-07-13,2026-07-14,xdxr_capital_history,current_mootdx_f10,4.154302670623133,ok,ok,early,validation,filled_proxy,09:31,09:32,1,3.65,3.66,2700,220308.0,0.012255569475461628,3.67,3.395155202868705,11.199166290521623,filled_proxy,09:32,3.74,3.75,231333.0,early_exit,2.0304358604559924,3.86,filled_proxy,09:33,3.86,3.9,135833.0,precommitted_target,5.305762282246507,3.86
2026-06-18,sh:stock:600667,600667,太极实业,sh,main,建筑装饰,19.03,20.92,18.76,20.92,19.02,20.92,3695765.0,7410143744.0,2091542187.5,2091542187.5,43755062562.5,43755062562.5,17.670048,11.356467,0.052576,9.989485,19.474586,1,2025-09-18,2026-10-02,mootdx,2026-10-02T10:02:03.930854+08:00,2026-06-22,2026-06-23,xdxr_capital_history,current_mootdx_f10,4.827915869980859,ok,ok,early,train,filled_proxy,09:31,09:32,1,22.1,22.13,400,156271.0,0.0025596559822359875,22.8,1.6858058905343531,1.719343822026076,filled_proxy,09:32,21.83,21.86,104085.0,early_exit,-1.5190300931981593,23.3,filled_proxy,14:56,20.93,20.96,18279.0,end_of_day_exit,-5.581498241591465,23.3
2026-08-11,sh:stock:600667,600667,太极实业,sh,main,建筑装饰,18.84,21.2,18.8,21.2,19.27,21.2,3198630.0,6466750464.0,2091542187.5,2091542187.5,44340694375.0,44340694375.0,15.293165,12.454593,-2.231448,10.015568,23.61516,1,2025-09-18,2026-10-02,mootdx,2026-10-02T10:02:03.930854+08:00,2026-08-12,2026-08-13,xdxr_capital_history,current_mootdx_f10,3.7735849056603765,ok,ok,early,validation,filled_proxy,09:31,09:32,1,21.68,21.71,400,185015.0,0.0021619868659297895,23.11,4.710139138165181,14.304042972598484,filled_proxy,09:32,22.77,22.8,165359.0,early_exit,4.710139138165181,22.86,filled_proxy,09:33,22.86,22.900000000000002,151102.0,precommitted_target,5.124240650355838,22.86
2026-04-15,sh:stock:600683,600683,京投发展,sh,main,房地产,9.08,9.91,8.91,9.91,9.01,9.91,293130.0,276090944.0,740777578.125,740777578.125,7341105799.22,7341105799.22,3.957058,11.098779,0.776915,9.988901,11.098655,1,2012-04-09,2026-10-02,mootdx,2026-10-02T10:02:03.930854+08:00,2026-04-16,2026-04-17,xdxr_capital_history,current_mootdx_f10,4.944500504540872,ok,ok,early,train,filled_proxy,09:31,09:39,8,10.56,10.58,900,27637.0,0.0325650396207982,10.8,12.87291783780451,13.042966872015782,filled_proxy,09:32,11.91,11.93,54770.0,early_exit,12.400821685080231,11.14,filled_proxy,09:32,11.14,11.93,54770.0,precommitted_target,5.130540933126104,11.14
2026-01-29,sh:stock:600684,600684,珠江股份,sh,main,房地产,4.44,4.92,4.38,4.92,4.47,4.92,824510.0,398057120.0,1106074296.875,853460703.125,5441885540.63,4199026659.38,9.660785,12.080537,-0.671141,10.067114,3.578947,1,2025-12-25,2026-10-02,mootdx,2026-10-02T10:02:03.930854+08:00,2026-01-30,2026-02-02,xdxr_capital_history,current_mootdx_f10,3.658536585365857,ok,ok,early,train,filled_proxy,09:31,09:32,1,5.13,5.14,1800,80005.0,0.022498593837885134,5.36,-6.767772047718501,-2.395562558988007,filled_proxy,09:32,4.89,4.9,33644.0,early_exit,-5.018655036624842,5.42,filled_proxy,14:56,4.87,4.88,6479.0,end_of_day_exit,-5.407347705756759,5.42
2026-08-28,sh:stock:600691,600691,潞化科技,sh,main,基础化工,2.67,2.94,2.65,2.94,2.67,2.94,808977.0,230246336.0,2375981875.0,2375585937.5,6985386712.5,6984222656.25,3.405379,10.861423,0.0,10.11236,14.84375,1,2021-12-29,2026-10-02,mootdx,2026-10-02T10:02:03.930854+08:00,2026-08-31,2026-09-01,xdxr_capital_history,current_mootdx_f10,4.761904761904767,ok,ok,early,purged,filled_proxy,09:31,09:58,27,3.04,3.05,3100,229008.0,0.013536645008034654,3.2,4.100147920826025,16.102307482222766,filled_proxy,09:32,3.09,3.1,84186.0,early_exit,1.1524214628489071,3.22,filled_proxy,14:37,3.22,3.37,116704.0,precommitted_target,5.410248568815845,3.22
2026-09-08,sh:stock:600691,600691,潞化科技,sh,main,基础化工,3.03,3.36,3.01,3.36,3.05,3.36,1742258.0,561832576.0,2375981875.0,2375585937.5,7983299100.0,7981968750.0,7.334014,11.47541,-0.655738,10.163934,0.0,1,2021-12-29,2026-10-02,mootdx,2026-10-02T10:02:03.930854+08:00,2026-09-09,2026-09-10,xdxr_capital_history,current_mootdx_f10,4.166666666666674,ok,ok,early,holdout,filled_proxy,09:31,09:33,2,3.63,3.64,2700,151189.0,0.017858442082426634,3.66,-5.09364074005777,-3.5435878198097237,filled_proxy,09:32,3.42,3.43,76762.0,early_exit,-6.1914119300351285,3.84,filled_proxy,14:56,3.28,3.29,18378.0,end_of_day_exit,-10.03361109495593,3.84
2026-07-28,sh:stock:600693,600693,东百集团,sh,main,商贸零售,7.8,8.61,7.77,8.61,7.83,8.61,383658.0,322436096.0,869846250.0,868952812.5,7489376212.5,7481683715.63,4.415176,10.727969,-0.383142,9.961686,11.818182,1,2024-01-30,2026-10-02,mootdx,2026-10-02T10:02:03.930854+08:00,2026-07-29,2026-07-30,xdxr_capital_history,current_mootdx_f10,3.948896631823451,ok,ok,early,validation,filled_proxy,09:31,09:32,1,9.13,9.14,1000,162590.0,0.006150439756442585,9.38,1.2594833114516701,13.27750637680889,filled_proxy,09:32,9.43,9.44,95453.0,early_exit,3.0081634831993,9.63,filled_proxy,09:33,9.63,9.65,70088.0,precommitted_target,5.194013697883881,9.63
2026-09-04,sh:stock:600698,600698,湖南天雁,sh,main,汽车,7.22,7.91,7.19,7.91,7.19,7.91,783853.0,609261888.0,1068637734.375,830451718.75,8452924478.91,6568873095.31,9.438875,10.013908,0.417246,10.013908,9.405256,1,2026-01-05,2026-10-02,mootdx,2026-10-02T10:02:03.930854+08:00,2026-09-07,2026-09-08,xdxr_capital_history,current_mootdx_f10,3.9190897597977337,ok,ok,early,holdout,observed_breach_before_fill,,,,,,,,,,,,,,,,,,,,,,,,,,,
2026-09-17,sh:stock:600699,600699,均胜电子,sh,main,汽车,18.0,19.87,17.98,19.87,18.06,19.87,548532.0,1051148480.0,1550770625.0,1395670625.0,30813812318.75,27731975318.75,3.93024,10.465116,-0.332226,10.022148,3.705637,1,2026-07-13,2026-10-02,mootdx,2026-10-02T10:02:03.930854+08:00,2026-09-18,2026-09-21,xdxr_capital_history,current_mootdx_f10,4.076497232008047,ok,ok,early,holdout,filled_proxy,09:31,09:32,1,20.85,20.88,400,57784.0,0.006922331441229407,21.66,-3.807404811002779,2.8349214358456276,filled_proxy,09:32,20.32,20.35,10429.0,early_exit,-2.8506212655392993,21.99,filled_proxy,14:56,20.92,20.95,5648.0,end_of_day_exit,0.019729370851129246,21.99
2026-04-10,sh:stock:600713,600713,南京医药,sh,main,医药生物,5.5,6.05,5.5,6.05,5.5,6.05,1066595.0,630067776.0,1308892968.75,1289802968.75,7918802460.94,7803307960.94,8.269441,10.0,0.0,10.0,10.200364,1,2026-06-12,2026-10-02,mootdx,2026-10-02T10:02:03.930854+08:00,2026-04-13,2026-04-14,xdxr_capital_history,current_mootdx_f10,3.966942148760344,ok,ok,early,train,filled_proxy,09:31,09:32,1,6.43,6.44,1500,90885.0,0.01650437365901964,6.59,-9.617664349055765,-5.369124565707906,filled_proxy,09:32,5.77,5.78,31565.0,early_exit,-10.54837517092173,6.78,filled_proxy,14:56,5.94,5.95,8591.0,end_of_day_exit,-7.911361175634813,6.78
2026-04-29,sh:stock:600714,600714,金瑞矿业,sh,main,基础化工,18.26,20.09,17.86,20.09,18.26,20.09,190582.0,374650624.0,288176269.5313,288176269.5313,5789461254.88,5789461254.88,6.613383,12.212486,0.0,10.021906,6.74814,1,2018-03-27,2026-10-02,mootdx,2026-10-02T10:02:03.930854+08:00,2026-04-30,2026-05-06,xdxr_capital_history,current_mootdx_f10,4.280736684917863,ok,ok,early,train,filled_proxy,09:31,09:32,1,21.38,21.41,400,27687.0,0.014447213493697405,21.9,2.910603190097194,5.7439989688327975,filled_proxy,09:32,21.78,21.81,9564.0,early_exit,1.5575902214929993,22.54,filled_proxy,14:56,21.63,21.66,1584.0,end_of_day_exit,0.8577559273873714,22.54
2026-05-22,sh:stock:600714,600714,金瑞矿业,sh,main,基础化工,27.4,29.87,27.39,29.87,27.15,29.87,223966.0,649632704.0,288176269.5313,288176269.5313,8607825170.9,8607825170.9,7.77184,9.134438,0.92081,10.018416,18.531746,1,2018-03-27,2026-10-02,mootdx,2026-10-02T10:02:03.930854+08:00,2026-05-25,2026-05-26,xdxr_capital_history,current_mootdx_f10,3.4147974556411054,ok,ok,early,train,filled_proxy,09:31,09:32,1,31.61,31.65,300,14937.0,0.02008435428800964,32.56,0.9158916880088741,4.535576931365304,filled_proxy,09:32,30.95,30.990000000000002,6100.0,early_exit,-2.366611083187131,33.32,filled_proxy,14:56,31.47,31.51,1292.0,end_of_day_exit,-0.725359697589123,33.32
2026-05-06,sh:stock:600719,600719,大连热电,sh,main,公用事业,7.75,8.53,7.75,8.53,7.75,8.53,420069.0,347254304.0,404599609.375,404599609.375,3451234667.97,3451234667.97,10.382338,10.064516,0.0,10.064516,15.582656,1,2015-12-01,2026-10-02,mootdx,2026-10-02T10:02:03.930854+08:00,2026-05-07,2026-05-08,xdxr_capital_history,current_mootdx_f10,3.75146541617819,ok,ok,early,train,filled_proxy,09:31,09:32,1,9.21,9.22,1000,43996.0,0.022729339030820986,9.3,3.7400385006450154,11.42926303760956,filled_proxy,09:32,10.18,10.200000000000001,60632.0,early_exit,10.240721496528792,9.71,filled_proxy,09:32,9.71,10.200000000000001,60632.0,precommitted_target,5.148519816419839,9.71
2026-05-12,sh:stock:600719,600719,大连热电,sh,main,公用事业,9.37,10.62,9.15,10.62,9.65,10.62,1046849.0,1054244864.0,404599609.375,404599609.375,4296847851.56,4296847851.56,25.873703,15.233161,-2.901554,10.051813,37.032258,1,2015-12-01,2026-10-02,mootdx,2026-10-02T10:02:03.930854+08:00,2026-05-13,2026-05-14,xdxr_capital_history,current_mootdx_f10,3.578154425612068,ok,ok,early,train,filled_proxy,09:31,09:32,1,10.97,10.99,800,47645.0,0.01679084898730192,11.58,-6.346354669602993,-3.443602037797988,filled_proxy,09:32,10.27,10.290000000000001,51327.0,early_exit,-6.7099258910214505,11.57,unfilled_d3,,,,,limit_down_or_capacity,,11.57
2026-05-22,sh:stock:600719,600719,大连热电,sh,main,公用事业,8.06,8.87,8.04,8.87,8.06,8.87,426279.0,362685952.0,404599609.375,404599609.375,3588798535.16,3588798535.16,10.535823,10.297767,0.0,10.049628,-3.482046,1,2015-12-01,2026-10-02,mootdx,2026-10-02T10:02:03.930854+08:00,2026-05-25,2026-05-26,xdxr_capital_history,current_mootdx_f10,3.1567080045096008,ok,ok,early,train,filled_proxy,09:31,09:32,1,9.33,9.34,1000,32226.0,0.031030844659591637,9.67,-3.046722893106668,7.968306192637931,filled_proxy,09:32,9.01,9.02,25493.0,early_exit,-3.6884436061388137,9.84,filled_proxy,14:15,9.84,9.94,8050.0,precommitted_target,5.188692924139193,9.84
2026-02-06,sh:stock:600722,600722,金牛化工,sh,main,基础化工,7.65,8.64,7.65,8.64,7.85,8.64,760190.0,631149440.0,680319687.5,680319687.5,5877962100.0,5877962100.0,11.174011,12.611465,-2.547771,10.063694,-1.030928,1,2015-09-16,2026-10-02,mootdx,2026-10-02T10:02:03.930854+08:00,2026-02-09,2026-02-10,xdxr_capital_history,current_mootdx_f10,4.282407407407396,ok,ok,early,train,filled_proxy,09:31,09:32,1,9.11,9.12,1000,65833.0,0.015189950328862426,9.42,3.562530969553479,12.43156060511481,filled_proxy,09:32,9.53,9.540000000000001,67820.0,early_exit,4.329255361305306,9.61,filled_proxy,10:30,9.61,9.66,33465.0,precommitted_target,5.205511809021712,9.61
2026-02-24,sh:stock:600722,600722,金牛化工,sh,main,基础化工,9.25,9.74,9.21,9.74,8.85,9.74,576071.0,553090688.0,680319687.5,680319687.5,6626313756.25,6626313756.25,8.467651,5.988701,4.519774,10.056497,2.526316,1,2015-09-16,2026-10-02,mootdx,2026-10-02T10:02:03.930854+08:00,2026-02-25,2026-02-26,xdxr_capital_history,current_mootdx_f10,3.5934291581108724,ok,ok,early,train,observed_breach_before_fill,,,,,,,,,,,,,,,,,,,,,,,,,,,
2026-03-11,sh:stock:600722,600722,金牛化工,sh,main,基础化工,12.22,14.0,12.22,14.0,12.73,14.0,1406840.0,1854358144.0,680319687.5,680319687.5,9524475625.0,9524475625.0,20.679102,13.982718,-4.006284,9.976434,16.861436,1,2015-09-16,2026-10-02,mootdx,2026-10-02T10:02:03.930854+08:00,2026-03-12,2026-03-13,xdxr_capital_history,current_mootdx_f10,3.6428571428571477,ok,ok,early,train,filled_proxy,09:31,09:32,1,14.6,14.62,600,87280.0,0.0068744271310724105,15.26,9.126289101278351,15.56974098055386,filled_proxy,09:32,16.62,16.64,112128.0,early_exit,13.49908532075148,15.4,filled_proxy,09:32,15.4,16.64,112128.0,precommitted_target,5.163442527380835,15.4
2026-08-28,sh:stock:600722,600722,金牛化工,sh,main,基础化工,13.75,15.27,13.5,15.27,13.88,15.27,1408445.0,2059541760.0,680319687.5,680319687.5,10388481628.13,10388481628.13,20.702694,12.752161,-0.936599,10.014409,7.915194,1,2015-09-16,2026-10-02,mootdx,2026-10-02T10:02:03.930854+08:00,2026-08-31,2026-09-01,xdxr_capital_history,current_mootdx_f10,4.780615586116577,ok,ok,early,purged,filled_proxy,09:31,09:32,1,16.580000000000002,16.6,600,88615.0,0.006770862720758337,16.64,2.134494671784326,10.990078130478498,filled_proxy,09:32,17.86,17.88,79524.0,early_exit,7.430284389731545,17.48,filled_proxy,09:32,17.48,17.88,79524.0,precommitted_target,5.143466102436145,17.48
2026-09-08,sh:stock:600722,600722,金牛化工,sh,main,基础化工,18.08,19.77,17.65,19.77,17.97,19.77,1575310.0,2969452032.0,680319687.5,680319687.5,13449920221.88,13449920221.88,23.155437,11.79744,0.612131,10.016694,9.468439,1,2015-09-16,2026-10-02,mootdx,2026-10-02T10:02:03.930854+08:00,2026-09-09,2026-09-10,xdxr_capital_history,current_mootdx_f10,3.6418816388467334,ok,ok,early,holdout,filled_proxy,09:31,09:32,1,20.6,20.63,400,79115.0,0.005055931239335145,21.55,-0.5604245796007823,1.033030048971817,filled_proxy,09:32,20.17,20.2,46025.0,early_exit,-2.400329650574917,21.72,filled_proxy,14:56,18.17,18.19,16029.0,end_of_day_exit,-12.084040550438868,21.72
2026-04-23,sh:stock:600726,600726,华电能源,sh,main,公用事业,4.85,5.27,4.85,5.27,4.79,5.27,3502379.0,1791719808.0,7907336250.0,7475336250.0,41671662037.5,39395022037.5,4.685246,8.768267,1.25261,10.020877,14.069264,1,2025-12-22,2026-10-02,mootdx,2026-10-02T10:02:03.930854+08:00,2026-04-24,2026-04-27,xdxr_capital_history,current_mootdx_f10,4.933586337760931,ok,ok,early,train,filled_proxy,09:31,09:32,1,5.61,5.62,1700,385759.0,0.004406896533846261,5.74,0.021165705390568945,13.239040515542321,filled_proxy,09:35,5.39,5.4,305754.0,early_exit,-4.244843754328665,5.92,filled_proxy,09:47,5.92,5.98,249696.0,precommitted_target,5.1759271358846615,5.92
2026-05-13,sh:stock:600726,600726,华电能源,sh,main,公用事业,7.46,8.47,7.46,8.47,7.7,8.47,3045804.0,2504059136.0,7907336250.0,7475336250.0,66975138037.5,63316098037.5,4.074471,13.116883,-3.116883,10.0,22.398844,1,2025-12-22,2026-10-02,mootdx,2026-10-02T10:02:03.930854+08:00,2026-05-14,2026-05-15,xdxr_capital_history,current_mootdx_f10,4.604486422668219,ok,ok,early,train,filled_proxy,09:31,09:32,1,8.57,8.58,1000,176811.0,0.005655756711969278,9.23,-11.927038632508491,-2.36183447345395,filled_proxy,09:32,7.37,7.38,109156.0,early_exit,-14.255471972103074,9.04,filled_proxy,14:56,7.65,7.66,22103.0,end_of_day_exit,-10.995665296670653,9.04
2026-08-13,sh:stock:600726,600726,华电能源,sh,main,公用事业,6.18,6.8,6.16,6.8,6.18,6.8,1441340.0,955907776.0,7907336250.0,7475336250.0,53769886500.0,50832286500.0,1.928127,10.355987,0.0,10.032362,8.626198,1,2025-12-22,2026-10-02,mootdx,2026-10-02T10:02:03.930854+08:00,2026-08-14,2026-08-17,xdxr_capital_history,current_mootdx_f10,3.2352941176470473,ok,ok,early,validation,observed_breach_before_fill,,,,,,,,,,,,,,,,,,,,,,,,,,,
2026-06-30,sh:stock:600737,600737,中粮糖业,sh,main,农林牧渔,11.37,12.33,11.22,12.33,11.21,12.33,389779.0,469932000.0,2138848281.25,2138848281.25,26371999307.81,26371999307.81,1.822378,9.901873,1.427297,9.991079,6.384814,1,2022-04-11,2026-10-02,mootdx,2026-10-02T10:02:03.930854+08:00,2026-07-01,2026-07-02,xdxr_capital_history,current_mootdx_f10,3.3252230332522226,ok,ok,early,validation,filled_proxy,09:31,09:32,1,13.1,13.12,700,55613.0,0.012586985057450595,13.44,-1.759702839143673,-0.41281406215654126,filled_proxy,09:32,12.83,12.85,16994.0,early_exit,-2.3688102566618685,13.82,filled_proxy,14:56,11.82,11.84,2271.0,end_of_day_exit,-10.058791402829204,13.82
2026-02-26,sh:stock:600744,600744,华银电力,sh,main,公用事业,6.54,7.22,6.52,7.22,6.56,7.22,2132169.0,1511616768.0,2031124218.75,2031124218.75,14664716859.38,14664716859.38,10.497482,10.670732,-0.304878,10.060976,13.166144,1,2023-06-01,2026-10-02,mootdx,2026-10-02T10:02:03.930854+08:00,2026-02-27,2026-03-02,xdxr_capital_history,current_mootdx_f10,3.0470914127423976,ok,ok,early,train,no_pre10_fill_proxy,,,,,,,,,,,,,,,,,,,,,,,,,,,
2026-04-28,sh:stock:600744,600744,华银电力,sh,main,公用事业,7.8,8.67,7.75,8.67,7.88,8.67,1972781.0,1636928256.0,2031124218.75,2031124218.75,17609846976.56,17609846976.56,9.712754,11.675127,-1.015228,10.025381,4.96368,1,2023-06-01,2026-10-02,mootdx,2026-10-02T10:02:03.930854+08:00,2026-04-29,2026-04-30,xdxr_capital_history,current_mootdx_f10,3.6908881199538612,ok,ok,early,train,filled_proxy,09:31,09:32,1,9.22,9.23,1000,185018.0,0.0054048795252353826,9.45,-4.272895031054524,-3.7199612601597987,filled_proxy,09:32,8.69,8.700000000000001,98260.0,early_exit,-6.004533381869937,9.72,filled_proxy,14:56,8.53,8.540000000000001,15611.0,end_of_day_exit,-7.736171732685337,9.72
2026-05-27,sh:stock:600744,600744,华银电力,sh,main,公用事业,7.76,8.6,7.72,8.6,7.82,8.6,1690884.0,1436152064.0,2031124218.75,2031124218.75,17467668281.25,17467668281.25,8.324868,11.253197,-0.767263,9.974425,11.398964,1,2023-06-01,2026-10-02,mootdx,2026-10-02T10:02:03.930854+08:00,2026-05-28,2026-05-29,xdxr_capital_history,current_mootdx_f10,4.06976744186045,ok,ok,early,train,filled_proxy,09:31,09:32,1,8.84,8.85,1000,131701.0,0.007592956773297089,9.37,-1.0678741381297319,3.569013306868696,filled_proxy,09:32,8.63,8.64,89955.0,early_exit,-2.6480796888704083,9.32,filled_proxy,14:56,9.04,9.05,27216.0,end_of_day_exit,1.9796651382987474,9.32
2026-01-09,sh:stock:600748,600748,上实发展,sh,main,房地产,5.9,6.55,5.89,6.55,5.95,6.55,722443.0,458498144.0,1844562968.75,1844562968.75,12081887445.31,12081887445.31,3.916608,11.092437,-0.840336,10.084034,20.848708,1,2019-01-22,2026-10-02,mootdx,2026-10-02T10:02:03.930854+08:00,2026-01-12,2026-01-13,xdxr_capital_history,current_mootdx_f10,3.511450381679393,ok,ok,early,train,filled_proxy,09:31,09:32,1,6.76,6.77,1300,30420.0,0.042735042735042736,7.14,-3.706724252918303,-3.213465091067147,filled_proxy,09:32,6.45,6.46,14494.0,early_exit,-4.8871230847487235,7.13,filled_proxy,14:56,6.3,6.3100000000000005,2216.0,end_of_day_exit,-7.100370894430796,7.13
2026-05-08,sh:stock:600748,600748,上实发展,sh,main,房地产,4.97,5.48,4.95,5.48,4.98,5.48,424980.0,225963824.0,1844562968.75,1844562968.75,10108205068.75,10108205068.75,2.30396,10.64257,-0.200803,10.040161,1.107011,1,2019-01-22,2026-10-02,mootdx,2026-10-02T10:02:03.930854+08:00,2026-05-11,2026-05-12,xdxr_capital_history,current_mootdx_f10,4.1970802919707895,ok,ok,early,train,filled_proxy,09:31,09:32,1,5.8,5.81,1600,30585.0,0.05231322543730587,5.97,6.717916729648521,7.641723820809965,filled_proxy,09:32,5.87,5.88,33620.0,early_exit,0.8721246024402829,6.12,filled_proxy,09:53,6.12,6.140000000000001,13056.0,precommitted_target,5.170501166563968,6.12
2026-03-10,sh:stock:600769,600769,祥龙电业,sh,main,环保,12.49,13.65,12.47,13.65,12.41,13.65,222098.0,296473632.0,374977187.5,374977187.5,5118438609.38,5118438609.38,5.922974,9.508461,0.644641,9.991942,6.974922,1,2009-09-28,2026-10-02,mootdx,2026-10-02T10:02:03.930854+08:00,2026-03-11,2026-03-12,xdxr_capital_history,current_mootdx_f10,3.296703296703285,ok,ok,early,train,filled_proxy,09:31,09:32,1,13.99,14.01,600,9867.0,0.060808756460930376,14.88,6.887648915019895,9.344865353301435,filled_proxy,09:32,14.75,14.77,10047.0,early_exit,5.105197343610923,14.75,filled_proxy,09:33,14.75,14.85,6568.0,precommitted_target,5.105197343610923,14.75
2026-03-24,sh:stock:600773,600773,西藏城投,sh,main,房地产,16.88,18.08,16.32,18.08,16.44,18.08,653317.0,1122383488.0,951586875.0,951586875.0,17204690700.0,17204690700.0,6.865553,10.705596,2.676399,9.975669,2.61067,1,2024-10-08,2026-10-02,mootdx,2026-10-02T10:02:03.930854+08:00,2026-03-25,2026-03-26,xdxr_capital_history,current_mootdx_f10,3.4292035398230114,ok,ok,early,train,filled_proxy,09:31,09:32,1,18.96,18.98,500,24767.0,0.020188153591472524,19.71,-2.52572567758117,0.32118707892008214,filled_proxy,09:32,17.99,18.01,8544.0,early_exit,-5.367848930082841,19.98,filled_proxy,14:56,18.2,18.22,1508.0,end_of_day_exit,-4.262578776332182,19.98
2026-07-27,sh:stock:600775,600775,南京熊猫,sh,main,通信,8.31,9.41,8.3,9.41,8.55,9.41,373031.0,342460160.0,913838515.625,671838515.625,8599220432.03,6322000432.03,5.552391,12.982456,-2.807018,10.05848,12.425329,1,2016-06-28,2026-10-02,mootdx,2026-10-02T10:02:03.930854+08:00,2026-07-28,2026-07-29,xdxr_capital_history,current_mootdx_f10,4.144527098831041,ok,ok,early,validation,filled_proxy,09:31,09:32,1,10.0,10.01,900,55596.0,0.01618821497949493,10.26,-1.360421282410329,-0.5618795538352539,filled_proxy,09:32,9.7,9.71,35223.0,early_exit,-3.2564838721286904,10.54,filled_proxy,14:56,9.64,9.65,10800.0,end_of_day_exit,-3.855240479408162,10.54
2026-06-23,sh:stock:600777,600777,XD新潮能,sh,main,石油石化,5.4,5.4,5.22,5.4,4.91,5.4,686208.0,368337696.0,6800495625.0,6366152500.0,36722676375.0,34377223500.0,1.077901,3.665988,9.979633,9.979633,1.123596,1,2022-09-01,2026-10-02,mootdx,2026-10-02T10:02:03.930854+08:00,2026-06-24,2026-06-25,xdxr_capital_history,current_mootdx_f10,4.999999999999982,ok,ok,early,train,filled_proxy,09:31,09:32,1,5.43,5.44,1600,25762.0,0.062106979271795676,5.89,-0.1667922244120712,0.10019483465857348,filled_proxy,09:32,5.22,5.23,23341.0,early_exit,-4.206486378163465,5.73,filled_proxy,14:56,4.97,4.98,6983.0,end_of_day_exit,-8.79704791651732,5.73
2026-05-08,sh:stock:600783,600783,鲁信创投,sh,main,机械设备,23.03,24.84,22.9,24.84,22.58,24.84,309536.0,751733952.0,744359296.875,744359296.875,18489884934.38,18489884934.38,4.158422,8.591674,1.992914,10.008857,18.285714,1,2013-01-14,2026-10-02,mootdx,2026-10-02T10:02:03.930854+08:00,2026-05-11,2026-05-12,xdxr_capital_history,current_mootdx_f10,3.824476650563602,ok,ok,early,train,filled_proxy,09:31,09:32,1,25.88,25.91,300,45084.0,0.006654245408570668,27.08,-5.770321737322104,-2.3215374431594937,filled_proxy,09:32,24.3,24.330000000000002,9420.0,early_exit,-6.387126064372717,27.28,filled_proxy,14:56,24.08,24.11,2765.0,end_of_day_exit,-7.235232014067316,27.28
2026-01-29,sh:stock:600785,600785,新华百货,sh,main,商贸零售,20.9,22.99,20.33,22.99,20.9,22.99,230360.0,499417472.0,225631289.0625,225631289.0625,5187263335.55,5187263335.55,10.209577,12.727273,0.0,10.0,4.027149,1,2026-06-25,2026-10-02,mootdx,2026-10-02T10:02:03.930854+08:00,2026-01-30,2026-02-02,xdxr_capital_history,current_mootdx_f10,4.045237059591145,ok,ok,early,train,filled_proxy,09:31,09:32,1,23.2,23.23,300,12916.0,0.02322700526478786,25.06,-4.795767534121098,0.09133717102274286,filled_proxy,09:32,22.59,22.62,25486.0,early_exit,-2.9470018100722473,24.47,unfilled_d3,,,,,limit_down_or_capacity,,24.47
2026-04-07,sh:stock:600791,600791,京能置业,sh,main,房地产,10.9,11.79,10.78,11.79,10.72,11.79,394016.0,458398816.0,452880000.0,452313710.9375,5339455200.0,5332778651.95,8.711122,9.421642,1.679104,9.981343,19.817073,1,2011-02-10,2026-10-02,mootdx,2026-10-02T10:02:03.930854+08:00,2026-04-08,2026-04-09,xdxr_capital_history,current_mootdx_f10,4.325699745547085,ok,ok,early,train,filled_proxy,09:31,09:32,1,12.57,12.59,700,22755.0,0.03076246978686003,12.85,-1.0381330811217504,9.404755520060792,filled_proxy,09:32,12.65,12.67,11619.0,early_exit,0.31067754819547044,13.26,filled_proxy,13:07,13.26,13.38,9478.0,precommitted_target,5.1505274533925505,13.26
2026-06-03,sh:stock:600791,600791,京能置业,sh,main,房地产,14.38,15.9,14.23,15.9,14.45,15.9,186123.0,284821088.0,452880000.0,452313710.9375,7200792000.0,7191788003.91,4.11491,11.557093,-0.484429,10.034602,-0.37594,1,2011-02-10,2026-10-02,mootdx,2026-10-02T10:02:03.930854+08:00,2026-06-04,2026-06-05,xdxr_capital_history,current_mootdx_f10,3.3333333333333215,ok,ok,early,train,filled_proxy,09:31,09:32,1,16.69,16.71,500,11249.0,0.04444839541292559,17.33,-8.121993589406173,-8.094495933596257,filled_proxy,09:32,14.79,14.81,6248.0,early_exit,-11.648866834590422,17.6,filled_proxy,14:56,14.74,14.76,571.0,end_of_day_exit,-11.947754397741628,17.6
2026-03-25,sh:stock:600800,600800,渤海化学,sh,main,石油石化,4.31,4.74,4.26,4.74,4.31,4.74,481503.0,220495312.0,1110045234.375,1109730234.375,5261614410.94,5260121310.94,4.338919,11.136891,0.0,9.976798,1.498929,1,2023-12-27,2026-10-02,mootdx,2026-10-02T10:02:03.930854+08:00,2026-03-26,2026-03-27,xdxr_capital_history,current_mootdx_f10,3.3755274261603407,ok,ok,early,train,filled_proxy,09:31,09:32,1,5.15,5.16,1900,98455.0,0.019298156518206287,5.17,4.298856513416993,6.321965454634193,filled_proxy,09:32,5.0,5.01,73944.0,early_exit,-3.2515022145705896,5.44,filled_proxy,14:56,5.11,5.12,11088.0,end_of_day_exit,-1.1219138553946073,5.44
2026-09-21,sh:stock:600812,600812,华北制药,sh,main,医药生物,4.63,5.08,4.63,5.08,4.62,5.08,889787.0,441921408.0,1715730312.5,1715730312.5,8715909987.5,8715909987.5,5.186054,9.74026,0.21645,9.95671,3.252033,1,2024-04-09,2026-10-02,mootdx,2026-10-02T10:02:03.930854+08:00,2026-09-22,2026-09-23,xdxr_capital_history,current_mootdx_f10,3.543307086614167,ok,ok,early,holdout,filled_proxy,09:31,09:32,1,5.28,5.29,1800,71652.0,0.02512142019762184,5.54,-3.3671898159111646,-2.7092766174745875,filled_proxy,09:32,5.09,5.1000000000000005,13355.0,early_exit,-3.933705199180304,5.57,filled_proxy,14:56,4.94,4.95,4324.0,end_of_day_exit,-6.766282115526067,5.57
2026-08-03,sh:stock:600815,600815,厦工股份,sh,main,机械设备,2.97,3.2,2.94,3.2,2.91,3.2,1076396.0,333796192.0,1774094531.25,1774094531.25,5677102500.0,5677102500.0,6.067298,8.934708,2.061856,9.965636,11.498258,1,2019-12-24,2026-10-02,mootdx,2026-10-02T10:02:03.930854+08:00,2026-08-04,2026-08-05,xdxr_capital_history,current_mootdx_f10,4.999999999999982,ok,ok,early,validation,filled_proxy,09:31,09:32,1,3.43,3.44,2800,118773.0,0.023574381382974244,3.49,-2.18850858180486,0.32457640601852855,filled_proxy,09:32,3.44,3.45,27844.0,early_exit,-0.15573819646123033,3.63,filled_proxy,14:56,3.35,3.36,6118.0,end_of_day_exit,-2.7693001204744605,3.63
2026-03-24,sh:stock:600821,600821,金开新能,sh,main,公用事业,10.21,11.07,9.5,11.07,10.06,11.07,6134631.0,6439102464.0,1997263437.5,1997263437.5,22109706253.13,22109706253.13,30.715182,15.606362,1.491054,10.039761,14.123711,1,2026-03-31,2026-10-02,mootdx,2026-10-02T10:02:03.930854+08:00,2026-03-25,2026-03-26,xdxr_capital_history,current_mootdx_f10,3.1616982836494945,ok,ok,early,train,filled_proxy,09:31,09:32,1,11.5,11.52,800,212682.0,0.0037614842816975575,12.07,-5.796787525003988,1.2989677526441534,filled_proxy,09:32,10.9,10.92,104310.0,early_exit,-5.536647407285001,12.13,filled_proxy,14:56,10.42,10.44,53542.0,end_of_day_exit,-9.698889290788749,12.13
2026-07-20,sh:stock:600821,600821,金开新能,sh,main,公用事业,5.73,6.24,5.71,6.24,5.67,6.24,856338.0,518000192.0,1967325000.0,1967325000.0,12276108000.0,12276108000.0,4.352804,9.347443,1.058201,10.05291,-1.886792,1,2026-03-31,2026-10-02,mootdx,2026-10-02T10:02:03.930854+08:00,2026-07-21,2026-07-22,xdxr_capital_history,current_mootdx_f10,4.487179487179471,ok,ok,early,validation,filled_proxy,09:31,09:32,1,6.34,6.35,1400,133897.0,0.010455798113475284,6.8,0.7794678701861901,10.893553867010809,filled_proxy,09:32,6.66,6.67,65147.0,early_exit,4.712216647997747,6.69,filled_proxy,09:33,6.69,6.79,60539.0,precommitted_target,5.184146501335141,6.69
2026-08-13,sh:stock:600821,600821,金开新能,sh,main,公用事业,6.68,7.15,6.68,7.15,6.5,7.15,786323.0,551932544.0,1967325000.0,1967325000.0,14066373750.0,14066373750.0,3.996915,7.230769,2.769231,10.0,10.510046,1,2026-03-31,2026-10-02,mootdx,2026-10-02T10:02:03.930854+08:00,2026-08-14,2026-08-17,xdxr_capital_history,current_mootdx_f10,3.2167832167832033,ok,ok,early,validation,filled_proxy,09:31,09:32,1,7.15,7.16,1200,109540.0,0.010954902318787658,7.79,-3.935084552464252,-2.7768642824032685,filled_proxy,09:32,6.83,6.84,31912.0,early_exit,-4.772150514927043,7.54,filled_proxy,14:56,6.72,6.73,15311.0,end_of_day_exit,-6.306771446108794,7.54
2026-08-14,sh:stock:600829,600829,人民同泰,sh,main,医药生物,10.67,11.83,10.3,11.83,10.75,11.83,509592.0,565271872.0,579888593.75,579888593.75,6860082064.06,6860082064.06,8.787757,14.232558,-0.744186,10.046512,14.631783,1,2011-06-15,2026-10-02,mootdx,2026-10-02T10:02:03.930854+08:00,2026-08-17,2026-08-18,xdxr_capital_history,current_mootdx_f10,4.311073541842769,ok,ok,early,validation,filled_proxy,09:31,09:32,1,11.83,11.85,700,44056.0,0.015888868712547667,12.89,-5.2300585742941275,6.801236249452192,filled_proxy,09:32,11.53,11.55,14646.0,early_exit,-2.8698407164713946,12.48,filled_proxy,09:44,12.48,12.69,57670.0,precommitted_target,5.1380413011414605,12.48
2026-07-23,sh:stock:600844,600844,金煤科技,sh,main,基础化工,2.74,3.07,2.73,3.07,2.79,3.07,1021465.0,300660128.0,1016524218.75,822730625.0,3120729351.56,2525783018.75,12.415546,12.18638,-1.792115,10.035842,8.098592,1,2017-09-01,2026-10-02,mootdx,2026-10-02T10:02:03.930854+08:00,2026-07-24,2026-07-27,xdxr_capital_history,current_mootdx_f10,3.9087947882736174,ok,ok,early,validation,filled_proxy,09:31,09:32,1,3.3000000000000003,3.31,2900,108377.0,0.026758445057530656,3.35,-15.849720802301137,-8.094956879434523,filled_proxy,09:32,2.96,2.97,32924.0,early_exit,-10.719112252438023,3.49,filled_proxy,14:56,3.02,3.0300000000000002,8275.0,end_of_day_exit,-8.908309234839296,3.49
2026-07-01,sh:stock:600845,600845,宝信软件,sh,main,计算机,17.38,18.29,17.38,18.29,16.63,18.29,197407.0,357177664.0,2857904062.5,2134054218.75,52271065303.13,39031851660.94,0.925033,5.472038,4.509922,9.98196,5.661467,1,2026-06-23,2026-10-02,mootdx,2026-10-02T10:02:03.930854+08:00,2026-07-02,2026-07-03,xdxr_capital_history,current_mootdx_f10,3.827227993439042,ok,ok,early,validation,filled_proxy,09:31,09:32,1,19.0,19.02,500,26895.0,0.018590816136828406,19.94,-5.041547614169417,-1.9359641660333993,filled_proxy,09:32,18.33,18.35,7592.0,early_exit,-3.7810368285231433,20.03,filled_proxy,14:56,18.24,18.26,2586.0,end_of_day_exit,-4.253728373140497,20.03
2026-05-18,sh:stock:600850,600850,电科数字,sh,main,计算机,19.65,20.46,19.65,20.46,18.6,20.46,160294.0,326768096.0,680198750.0,680198750.0,13916866425.0,13916866425.0,2.356576,4.354839,5.645161,10.0,1.740428,1,2026-06-26,2026-10-02,mootdx,2026-10-02T10:02:03.930854+08:00,2026-05-19,2026-05-20,xdxr_capital_history,current_mootdx_f10,3.128054740957964,ok,ok,early,train,filled_proxy,09:31,09:32,1,21.150000000000002,21.18,400,27732.0,0.014423770373575654,22.3,8.272058415855943,12.639633966994257,filled_proxy,09:32,23.43,23.46,51956.0,early_exit,10.441508953092061,22.3,filled_proxy,09:32,22.3,23.46,51956.0,precommitted_target,5.112206546403364,22.3
2026-06-25,sh:stock:600857,600857,宁波中百,sh,main,商贸零售,15.66,17.36,15.66,17.36,15.78,17.36,118570.0,201937216.0,224319921.875,224319921.875,3894193843.75,3894193843.75,5.285754,10.773131,-0.760456,10.012674,7.692308,1,2009-08-11,2026-10-02,mootdx,2026-10-02T10:02:03.930854+08:00,2026-06-26,2026-06-29,xdxr_capital_history,current_mootdx_f10,3.9746543778801824,ok,ok,early,train,filled_proxy,09:31,09:32,1,17.71,17.73,500,13554.0,0.03688947912055482,18.92,-3.6578180083916,10.598237519305975,filled_proxy,09:32,17.74,17.76,6872.0,early_exit,-0.10836813902642684,18.67,filled_proxy,09:52,18.67,18.81,4470.0,precommitted_target,5.13129595384596,18.67
2026-09-07,sh:stock:600857,600857,宁波中百,sh,main,商贸零售,20.85,22.86,20.41,22.86,20.78,22.86,186517.0,410465760.0,224319921.875,224319921.875,5127953414.06,5127953414.06,8.314776,11.790183,0.336862,10.009625,13.61829,1,2009-08-11,2026-10-02,mootdx,2026-10-02T10:02:03.930854+08:00,2026-09-08,2026-09-09,xdxr_capital_history,current_mootdx_f10,3.149606299212593,ok,ok,early,holdout,observed_breach_before_fill,,,,,,,,,,,,,,,,,,,,,,,,,,,
2026-05-29,sh:stock:600863,600863,华能蒙电,sh,main,公用事业,6.64,7.3,6.47,7.3,6.64,7.3,5952848.0,4214506752.0,7835189375.0,6526887500.0,57196882437.5,47646278750.0,9.1205,12.5,0.0,9.939759,35.435993,1,2026-08-14,2026-10-02,mootdx,2026-10-02T10:02:03.930854+08:00,2026-06-01,2026-06-02,xdxr_capital_history,current_mootdx_f10,4.93150684931507,ok,ok,early,train,filled_proxy,09:31,09:32,1,7.48,7.49,1200,293215.0,0.004092560066845148,7.96,-0.296534787885383,1.0692841544245768,filled_proxy,09:32,7.41,7.42,200488.0,early_exit,-1.2301089111321106,7.89,filled_proxy,14:56,7.36,7.37,60937.0,end_of_day_exit,-1.8969475705940542,7.89
2026-01-21,sh:stock:600868,600868,梅雁吉祥,sh,main,公用事业,4.16,4.52,4.05,4.52,4.11,4.52,3208378.0,1390756864.0,1898148750.0,1898148750.0,8579632350.0,8579632350.0,16.902669,11.435523,1.216545,9.975669,17.098446,1,2009-09-02,2026-10-02,mootdx,2026-10-02T10:02:03.930854+08:00,2026-01-22,2026-01-23,xdxr_capital_history,current_mootdx_f10,3.9823008849557695,ok,ok,early,train,filled_proxy,09:31,09:32,1,4.89,4.9,2000,273727.0,0.007306549956708691,4.93,2.904111718210256,7.48551198162426,filled_proxy,09:32,4.83,4.84,130089.0,early_exit,-1.5810611989803713,5.16,filled_proxy,10:42,5.16,5.18,58500.0,precommitted_target,5.146698176805575,5.16
2026-01-06,sh:stock:600869,600869,远东股份,sh,main,电力设备,8.28,9.03,8.14,9.03,8.21,9.03,1391246.0,1207548288.0,2219352812.5,2219352812.5,20040755896.88,20040755896.88,6.268701,10.840438,0.852619,9.98782,14.448669,1,2019-01-14,2026-10-02,mootdx,2026-10-02T10:02:03.930854+08:00,2026-01-07,2026-01-08,xdxr_capital_history,current_mootdx_f10,3.100775193798455,ok,ok,early,train,filled_proxy,09:31,09:32,1,9.09,9.1,1000,45217.0,0.022115576000176922,9.84,14.328190679258434,19.69695161970375,filled_proxy,09:32,10.9,10.92,28728.0,early_exit,19.597278050268805,9.58,filled_proxy,09:32,9.58,10.92,28728.0,precommitted_target,5.107287779990344,9.58
2026-01-28,sh:stock:600869,600869,远东股份,sh,main,电力设备,11.59,12.67,10.94,12.67,11.52,12.67,1451740.0,1712756736.0,2219352812.5,2219352812.5,28119200134.38,28119200134.38,6.541276,15.017361,0.607639,9.982639,20.781697,1,2019-01-14,2026-10-02,mootdx,2026-10-02T10:02:03.930854+08:00,2026-01-29,2026-01-30,xdxr_capital_history,current_mootdx_f10,4.972375690607733,ok,ok,early,train,filled_proxy,09:31,09:32,1,12.9,12.92,700,66302.0,0.010557750897408827,13.81,-6.579739410804242,-4.587759954800497,filled_proxy,09:32,12.08,12.1,16157.0,early_exit,-6.65705580018493,13.61,filled_proxy,14:56,12.11,12.13,5179.0,end_of_day_exit,-6.42510663204291,13.61
2026-05-11,sh:stock:600869,600869,远东股份,sh,main,电力设备,19.39,20.82,19.39,20.82,18.93,20.82,1235964.0,2523128576.0,2219352812.5,2219352812.5,46206925556.25,46206925556.25,5.569029,7.554147,2.430005,9.984152,19.655172,1,2019-01-14,2026-10-02,mootdx,2026-10-02T10:02:03.930854+08:00,2026-05-12,2026-05-13,xdxr_capital_history,current_mootdx_f10,3.073967339097017,ok,ok,early,train,filled_proxy,09:31,09:32,1,21.94,21.97,400,58117.0,0.006882667722009051,22.69,4.426479131242345,6.6839194833567595,filled_proxy,09:32,22.81,22.84,84622.0,early_exit,3.653538829410641,23.13,filled_proxy,09:33,23.13,23.36,58719.0,precommitted_target,5.108485279917385,23.13
2026-06-22,sh:stock:600869,600869,远东股份,sh,main,电力设备,33.95,36.15,33.05,36.15,32.86,36.15,1412153.0,4993313792.0,2219352812.5,2219352812.5,80229604171.88,80229604171.88,6.362905,9.433962,3.317103,10.012173,11.47086,1,2019-01-14,2026-10-02,mootdx,2026-10-02T10:02:03.930854+08:00,2026-06-23,2026-06-24,xdxr_capital_history,current_mootdx_f10,4.398340248962662,ok,ok,early,train,filled_proxy,09:31,09:32,1,37.38,37.42,200,35335.0,0.005660110372152257,39.4,-4.803199696693106,2.807795884705011,filled_proxy,09:32,36.87,36.910000000000004,23069.0,early_exit,-1.6535497727780846,39.41,filled_proxy,14:56,37.69,37.730000000000004,6352.0,end_of_day_exit,0.5351900048577996,39.41
2026-01-27,sh:stock:600877,600877,电科芯片,sh,main,电子,22.31,24.78,22.31,24.78,22.53,24.78,503765.0,1232871936.0,1184059453.125,1184059453.125,29340993248.44,29340993248.44,4.254558,10.96316,-0.976476,9.986684,30.147059,1,2024-12-25,2026-10-02,mootdx,2026-10-02T10:02:03.930854+08:00,2026-01-28,2026-01-29,xdxr_capital_history,current_mootdx_f10,3.1073446327683607,ok,ok,early,train,filled_proxy,09:31,09:32,1,25.05,25.08,300,55266.0,0.005428292259255238,27.01,-2.2955194959640157,1.784174981893294,filled_proxy,09:32,24.57,24.6,16174.0,early_exit,-2.2158690766384104,26.41,filled_proxy,14:56,23.5,23.53,8771.0,end_of_day_exit,-6.4771665105580745,26.41
2026-05-22,sh:stock:600888,600888,新疆众和,sh,main,有色金属,9.37,10.31,9.33,10.31,9.37,10.31,1009730.0,1002045440.0,1553085937.5,1553085937.5,16012316015.63,16012316015.63,6.501443,10.458911,0.0,10.032017,24.969697,1,2026-03-11,2026-10-02,mootdx,2026-10-02T10:02:03.930854+08:00,2026-05-25,2026-05-26,xdxr_capital_history,current_mootdx_f10,4.170708050436467,ok,ok,early,train,filled_proxy,09:31,09:32,1,11.200000000000001,11.22,800,101942.0,0.007847599615467618,11.24,-3.724540439288515,1.871390222916558,filled_proxy,09:32,11.1,11.120000000000001,62265.0,early_exit,-1.2316830468911966,11.82,filled_proxy,14:56,11.19,11.21,9255.0,end_of_day_exit,-0.430407456477766,11.82
2026-06-25,sh:stock:600888,600888,新疆众和,sh,main,有色金属,15.5,16.12,15.5,16.12,14.65,16.12,678053.0,1089569408.0,1553085937.5,1553085937.5,25035745312.5,25035745312.5,4.365843,4.232082,5.802048,10.03413,31.056911,1,2026-03-11,2026-10-02,mootdx,2026-10-02T10:02:03.930854+08:00,2026-06-26,2026-06-29,xdxr_capital_history,current_mootdx_f10,4.714640198511155,ok,ok,early,train,filled_proxy,09:31,09:32,1,16.62,16.64,500,74168.0,0.006741451839068061,17.57,-2.7533268376224607,0.4476504667244807,filled_proxy,09:32,16.24,16.26,42055.0,early_exit,-2.5732403491174782,17.52,filled_proxy,14:56,14.93,14.950000000000001,9137.0,end_of_day_exit,-10.437017013835959,17.52
2026-07-28,sh:stock:600895,600895,张江高科,sh,main,房地产,31.04,31.04,31.04,31.04,28.22,31.04,154831.0,480597760.0,1548689531.25,1548689531.25,48071323050.0,48071323050.0,0.999755,0.0,9.992913,9.992913,8.607418,1,2008-10-24,2026-10-02,mootdx,2026-10-02T10:02:03.930854+08:00,2026-07-29,2026-07-30,xdxr_capital_history,current_mootdx_f10,3.0927835051546504,ok,ok,early,validation,filled_proxy,09:31,09:32,1,31.3,31.34,200,40196.0,0.004975619464623346,33.83,-4.322095821940675,6.8196287361184105,filled_proxy,09:32,30.32,30.36,44675.0,early_exit,-3.4617113055851023,33.01,filled_proxy,10:27,33.01,33.13,14716.0,precommitted_target,5.1102677647722805,33.01
2026-09-08,sh:stock:600903,600903,贵州燃气,sh,main,公用事业,6.57,7.25,6.54,7.25,6.59,7.25,604075.0,423518912.0,1163985234.375,1163985234.375,8438892949.22,8438892949.22,5.189714,10.7739,-0.30349,10.015175,12.752722,1,2026-08-06,2026-10-02,mootdx,2026-10-02T10:02:03.930854+08:00,2026-09-09,2026-09-10,xdxr_capital_history,current_mootdx_f10,3.724137931034477,ok,ok,early,holdout,filled_proxy,09:31,09:32,1,7.45,7.46,1200,110778.0,0.01083247576233548,7.9,-0.029710097170043692,8.966614278071884,filled_proxy,09:32,7.48,7.49,53819.0,early_exit,0.10419366669454089,7.86,filled_proxy,09:39,7.86,7.890000000000001,47464.0,precommitted_target,5.192536693548644,7.86
2026-06-24,sh:stock:600909,600909,华安证券,sh,main,非银金融,10.2,11.51,10.2,11.51,10.46,11.51,5158388.0,5825094656.0,5024209375.0,5024209375.0,57828649906.25,57828649906.25,10.267064,12.523901,-2.48566,10.038241,37.187128,1,2026-03-11,2026-10-02,mootdx,2026-10-02T10:02:03.930854+08:00,2026-06-25,2026-06-26,xdxr_capital_history,current_mootdx_f10,4.170286707211135,ok,ok,early,train,filled_proxy,09:31,09:32,1,12.5,12.52,700,210562.0,0.003324436508011892,12.55,-4.474405047684071,2.8426115589603063,filled_proxy,09:32,12.53,12.55,198893.0,early_exit,-0.08622162658645793,13.19,filled_proxy,14:56,12.15,12.17,32635.0,end_of_day_exit,-3.118057444799349,13.19
2026-06-02,sh:stock:600936,600936,北投科技,sh,main,传媒,5.38,5.92,5.2,5.92,5.38,5.92,1538627.0,870123008.0,1671026250.0,1671026250.0,9892475400.0,9892475400.0,9.207677,13.3829,0.0,10.037175,1.023891,1,2019-08-23,2026-10-02,mootdx,2026-10-02T10:02:03.930854+08:00,2026-06-03,2026-06-04,xdxr_capital_history,current_mootdx_f10,3.040540540540526,ok,ok,early,train,filled_proxy,09:31,09:32,1,6.0600000000000005,6.07,1500,157170.0,0.009543806069860659,6.45,4.610750295410049,9.438205833299529,filled_proxy,09:32,6.59,6.6000000000000005,147990.0,early_exit,8.39582827221028,6.39,filled_proxy,09:32,6.39,6.6000000000000005,147990.0,precommitted_target,5.104456118470946,6.39
2026-01-28,sh:stock:600961,600961,株冶集团,sh,main,有色金属,23.28,25.16,22.77,25.16,22.87,25.16,508552.0,1224563200.0,1072872734.375,751812421.875,26993477996.88,18915600534.38,6.764347,10.450372,1.792742,10.013118,22.911578,1,2026-09-15,2026-10-02,mootdx,2026-10-02T10:02:03.930854+08:00,2026-01-29,2026-01-30,xdxr_capital_history,current_mootdx_f10,3.338632750397452,ok,ok,early,train,filled_proxy,09:31,09:32,1,26.32,26.35,300,18370.0,0.01633097441480675,27.42,-11.929543232567319,-9.404712677049664,filled_proxy,09:32,23.85,23.88,11717.0,early_exit,-9.65512601293157,27.75,unfilled_d3,,,,,limit_down_or_capacity,,27.75
2026-06-25,sh:stock:600962,600962,国投中鲁,sh,main,农林牧渔,24.1,26.36,23.6,26.36,23.96,26.36,114021.0,295243552.0,262210000.0,262210000.0,6911855600.0,6911855600.0,4.348461,11.519199,0.584307,10.016694,3.332027,1,2022-09-07,2026-10-02,mootdx,2026-10-02T10:02:03.930854+08:00,2026-06-26,2026-06-29,xdxr_capital_history,current_mootdx_f10,3.793626707132014,ok,ok,early,train,filled_proxy,09:31,09:32,1,28.2,28.23,300,8297.0,0.036157647342412925,28.73,7.720656022851258,12.703076852303695,filled_proxy,09:32,30.03,30.07,17448.0,early_exit,6.199144087147412,29.72,filled_proxy,09:32,29.72,30.07,17448.0,precommitted_target,5.102240133500491,29.72
2026-01-08,sh:stock:600967,600967,内蒙一机,sh,main,国防军工,16.97,18.73,16.93,18.73,17.03,18.73,1506959.0,2751245312.0,1701794687.5,1701794687.5,31874614496.88,31874614496.88,8.855116,10.569583,-0.352319,9.982384,13.515152,1,2025-07-18,2026-10-02,mootdx,2026-10-02T10:02:03.930854+08:00,2026-01-09,2026-01-12,xdxr_capital_history,current_mootdx_f10,3.5771489588894756,ok,ok,early,train,filled_proxy,09:31,09:32,1,19.45,19.47,400,65323.0,0.0061234174792951955,20.42,2.4360875500451185,2.538587797097702,filled_proxy,09:32,19.47,19.490000000000002,40314.0,early_exit,-0.1802851224681934,20.5,filled_proxy,14:56,19.51,19.53,6202.0,end_of_day_exit,0.024920577336784433,20.5
2026-01-09,sh:stock:600973,600973,宝胜股份,sh,main,电力设备,7.82,8.76,7.82,8.76,7.96,8.76,2486291.0,2098347264.0,1371366250.0,1371366250.0,12013168350.0,12013168350.0,18.130029,11.809045,-1.758794,10.050251,20.0,1,2023-02-23,2026-10-02,mootdx,2026-10-02T10:02:03.930854+08:00,2026-01-12,2026-01-13,xdxr_capital_history,current_mootdx_f10,4.794520547945202,ok,ok,early,train,filled_proxy,09:31,09:32,1,9.01,9.02,1000,116681.0,0.008570375639564282,9.55,-1.7132127942610542,-0.8158403258950342,filled_proxy,09:32,8.69,8.700000000000001,56872.0,early_exit,-3.8173812379182714,9.5,unfilled_d3,,,,,limit_down_or_capacity,,9.5
2026-04-13,sh:stock:600982,600982,宁波能源,sh,main,公用事业,5.3,5.79,5.28,5.79,5.26,5.79,1140614.0,630578176.0,1117627500.0,1117627500.0,6471063225.0,6471063225.0,10.205672,9.695817,0.760456,10.076046,11.560694,1,2024-04-12,2026-10-02,mootdx,2026-10-02T10:02:03.930854+08:00,2026-04-14,2026-04-15,xdxr_capital_history,current_mootdx_f10,3.4542314335060498,ok,ok,early,train,filled_proxy,09:31,09:32,1,6.0600000000000005,6.07,1500,68746.0,0.02181945131353097,6.31,-5.263366165807981,-4.700541527518565,filled_proxy,09:32,5.61,5.62,44783.0,early_exit,-7.731895281112477,6.39,filled_proxy,14:56,5.64,5.65,4505.0,end_of_day_exit,-7.238189458051581,6.39
2026-07-21,sh:stock:600988,600988,赤峰黄金,sh,main,有色金属,33.1,35.48,32.81,35.48,32.25,35.48,811911.0,2782582528.0,1900411250.0,1663911406.25,67426591150.0,59035576693.75,4.879533,8.27907,2.635659,10.015504,1.516452,1,2025-04-04,2026-10-02,mootdx,2026-10-02T10:02:03.930854+08:00,2026-07-22,2026-07-23,xdxr_capital_history,current_mootdx_f10,3.7767756482525394,ok,ok,early,validation,filled_proxy,09:31,09:32,1,37.08,37.12,200,44375.0,0.004507042253521127,38.67,2.692534406548086,9.551854465786057,filled_proxy,09:32,38.07,38.11,21868.0,early_exit,2.3696441079043673,39.09,filled_proxy,10:09,39.09,39.230000000000004,14357.0,precommitted_target,5.114211646376043,39.09
2026-03-11,sh:stock:601016,601016,节能风电,sh,main,公用事业,3.66,4.03,3.57,4.03,3.66,4.03,5761453.0,2217026048.0,6440380625.0,5934150625.0,25954733918.75,23914627018.75,9.708977,12.568306,0.0,10.10929,24.382716,1,2026-03-31,2026-10-02,mootdx,2026-10-02T10:02:03.930854+08:00,2026-03-12,2026-03-13,xdxr_capital_history,current_mootdx_f10,4.962779156327546,ok,ok,early,train,filled_proxy,09:31,09:33,2,4.38,4.39,2200,500516.0,0.004395463881274525,4.39,4.62317867053752,7.928403107195292,filled_proxy,09:32,4.65,4.66,554886.0,early_exit,5.760949560953277,4.63,filled_proxy,09:32,4.63,4.66,554886.0,precommitted_target,5.305841204786965,4.63
2026-05-13,sh:stock:601016,601016,节能风电,sh,main,公用事业,5.02,5.63,4.96,5.63,5.12,5.63,6353490.0,3443997440.0,6544428750.0,6038198125.0,36845133862.5,33995055443.75,10.522162,13.085937,-1.953125,9.960938,20.042644,1,2026-06-06,2026-10-02,mootdx,2026-10-02T10:02:03.930854+08:00,2026-05-14,2026-05-15,xdxr_capital_history,current_mootdx_f10,4.618117229129659,ok,ok,early,train,observed_breach_before_fill,,,,,,,,,,,,,,,,,,,,,,,,,,,
2026-04-22,sh:stock:601061,601061,中信金属,sh,main,商贸零售,13.74,14.28,13.57,14.28,12.98,14.28,214981.0,303915488.0,4900000000.0,4900000000.0,69972000000.0,69972000000.0,0.438737,5.469954,5.855162,10.015408,16.762061,1,2026-04-10,2026-10-02,mootdx,2026-10-02T10:02:03.930854+08:00,2026-04-23,2026-04-24,xdxr_capital_history,current_mootdx_f10,3.5014005602240994,ok,ok,early,train,filled_proxy,09:31,09:32,1,14.47,14.49,600,24259.0,0.0247330887505668,15.57,-4.234241392694926,-0.26681473837527614,filled_proxy,09:32,14.11,14.13,14149.0,early_exit,-2.7865522171686696,15.26,filled_proxy,14:56,14.01,14.030000000000001,1513.0,end_of_day_exit,-3.475928015038321,15.26
2026-01-28,sh:stock:601068,601068,中铝国际,sh,main,建筑装饰,6.05,6.64,5.95,6.64,6.04,6.64,665625.0,425617632.0,2987836250.0,2559590625.0,19839232700.0,16995681750.0,2.600514,11.423841,0.165563,9.933775,14.482759,1,2026-08-06,2026-10-02,mootdx,2026-10-02T10:02:03.930854+08:00,2026-01-29,2026-01-30,xdxr_capital_history,current_mootdx_f10,3.765060240963858,ok,ok,early,train,filled_proxy,09:31,09:32,1,6.8500000000000005,6.86,1300,52782.0,0.024629608578682124,7.24,-9.483408973393226,-7.973816677802159,filled_proxy,09:32,6.17,6.18,24657.0,early_exit,-10.211484740534683,7.23,filled_proxy,14:56,6.06,6.07,5044.0,end_of_day_exit,-11.813251428245863,7.23
2026-09-18,sh:stock:601086,601086,国芳集团,sh,main,商贸零售,14.11,16.06,13.93,16.06,14.6,16.06,1120761.0,1738203648.0,666000000.0,666000000.0,10695960000.0,10695960000.0,16.828243,14.589041,-3.356164,10.0,-1.7737,1,2020-09-29,2026-10-02,mootdx,2026-10-02T10:02:03.930854+08:00,2026-09-21,2026-09-22,xdxr_capital_history,current_mootdx_f10,3.175591531755928,ok,ok,early,holdout,filled_proxy,09:31,09:32,1,17.26,17.28,500,65022.0,0.007689705022915321,17.51,8.272154457588755,9.37655385665086,filled_proxy,09:32,18.25,18.27,53483.0,early_exit,5.439620013514279,18.2,filled_proxy,09:32,18.2,18.27,53483.0,precommitted_target,5.150585886567893,18.2
2026-03-04,sh:stock:601096,601096,宏盛华源,sh,main,建筑装饰,5.6,6.28,5.56,6.28,5.71,6.28,1646252.0,1012872512.0,2675155000.0,1642976562.5,16799973400.0,10317892812.5,10.019936,12.609457,-1.926445,9.982487,-1.257862,1,2024-12-23,2026-10-02,mootdx,2026-10-02T10:02:03.930854+08:00,2026-03-05,2026-03-06,xdxr_capital_history,current_mootdx_f10,3.821656050955413,ok,ok,early,train,filled_proxy,09:31,09:32,1,6.69,6.7,1400,96240.0,0.01454696591853699,6.85,-1.9476834637497165,4.061060432448738,filled_proxy,09:32,6.79,6.8,84755.0,early_exit,1.1833460844046018,7.06,filled_proxy,14:56,6.71,6.72,9044.0,end_of_day_exit,-0.009427076797052791,7.06
2026-07-06,sh:stock:601101,601101,昊华能源,sh,main,煤炭,11.29,12.54,11.27,12.54,11.4,12.54,418598.0,496650976.0,1439997968.75,1439997968.75,18057574528.13,18057574528.13,2.906935,11.140351,-0.964912,10.0,15.363385,1,2022-07-04,2026-10-02,mootdx,2026-10-02T10:02:03.930854+08:00,2026-07-07,2026-07-08,xdxr_capital_history,current_mootdx_f10,3.429027113237648,ok,ok,early,validation,filled_proxy,09:31,09:32,1,12.59,12.61,700,15408.0,0.04543094496365525,13.67,-3.492266953985046,1.7924722868513543,filled_proxy,09:32,12.15,12.17,13775.0,early_exit,-3.8091310878621942,13.28,filled_proxy,14:56,12.17,12.19,2162.0,end_of_day_exit,-3.65069902092362,13.28
2026-04-30,sh:stock:601106,601106,中国一重,sh,main,机械设备,4.16,4.54,4.08,4.54,4.13,4.54,1648511.0,716989568.0,6857783125.0,6857783125.0,31134335387.5,31134335387.5,2.403854,11.138015,0.726392,9.927361,8.353222,1,2020-10-26,2026-10-02,mootdx,2026-10-02T10:02:03.930854+08:00,2026-05-06,2026-05-07,xdxr_capital_history,current_mootdx_f10,3.3039647577092657,ok,ok,early,train,observed_breach_before_fill,,,,,,,,,,,,,,,,,,,,,,,,,,,
2026-04-07,sh:stock:601133,601133,柏诚股份,sh,main,建筑装饰,19.76,21.43,19.7,21.43,19.48,21.43,429998.0,903826624.0,528018437.5,149386748.0469,11315435115.63,3201358010.64,28.784213,8.880903,1.437372,10.010267,18.006608,1,2026-04-10,2026-10-02,mootdx,2026-10-02T10:02:03.930854+08:00,2026-04-08,2026-04-09,xdxr_capital_history,current_mootdx_f10,4.713019132057861,ok,ok,early,train,filled_proxy,09:31,09:32,1,22.09,22.12,400,34708.0,0.011524720525527256,23.36,1.1446839171316947,11.284308713019886,filled_proxy,09:32,22.17,22.2,12727.0,early_exit,0.06086960513467243,23.29,filled_proxy,09:37,23.29,23.740000000000002,20839.0,precommitted_target,5.118669727787473,23.29
2026-06-24,sh:stock:601133,601133,柏诚股份,sh,main,建筑装饰,28.89,32.37,28.82,32.37,29.43,32.37,285058.0,894802176.0,526202578.125,524386757.8125,17033177453.91,16974399350.39,5.436026,12.062521,-1.834862,9.989806,0.966937,1,2026-09-03,2026-10-02,mootdx,2026-10-02T10:02:03.930854+08:00,2026-06-25,2026-06-26,xdxr_capital_history,current_mootdx_f10,4.88106271238804,ok,ok,early,train,filled_proxy,09:31,09:32,1,34.02,34.06,200,18015.0,0.011101859561476548,35.28,1.7659999560045492,12.063473770304633,filled_proxy,09:32,35.95,35.99,11179.0,early_exit,5.343425848002248,35.87,filled_proxy,09:32,35.87,35.99,11179.0,precommitted_target,5.108840543608939,35.87
2026-01-16,sh:stock:601163,601163,三角轮胎,sh,main,汽车,15.53,15.53,15.34,15.53,14.12,15.53,302398.0,469249184.0,800000000.0,800000000.0,12424000000.0,12424000000.0,3.779975,1.345609,9.985836,9.985836,8.982456,1,2019-09-09,2026-10-02,mootdx,2026-10-02T10:02:03.930854+08:00,2026-01-19,2026-01-20,xdxr_capital_history,current_mootdx_f10,3.927881519639409,ok,ok,early,train,filled_proxy,09:31,09:32,1,16.76,16.78,500,21650.0,0.023094688221709007,16.93,-6.897782760694026,-4.671662778736485,filled_proxy,09:32,15.57,15.59,13329.0,early_exit,-7.374009091201572,17.67,filled_proxy,14:56,15.79,15.81,2605.0,end_of_day_exit,-6.064386682305822,17.67
2026-01-19,sh:stock:601179,601179,中国西电,sh,main,电力设备,12.96,14.36,12.95,14.36,13.05,14.36,4502275.0,6363439616.0,5125882500.0,5125882500.0,73607672700.0,73607672700.0,8.783414,10.804598,-0.689655,10.038314,26.075505,1,2016-08-26,2026-10-02,mootdx,2026-10-02T10:02:03.930854+08:00,2026-01-20,2026-01-21,xdxr_capital_history,current_mootdx_f10,4.456824512534818,ok,ok,early,train,filled_proxy,09:31,09:32,1,15.14,15.16,600,305960.0,0.0019610406589096615,15.65,1.287788030194581,11.060442420630423,filled_proxy,09:32,15.61,15.63,213262.0,early_exit,2.8033164498775687,15.96,filled_proxy,09:41,15.96,16.0,114618.0,precommitted_target,5.109555349395167,15.96
2026-06-15,sh:stock:601179,601179,中国西电,sh,main,电力设备,14.0,14.82,14.0,14.82,13.47,14.82,1877949.0,2757266688.0,5125882500.0,5125882500.0,75965578650.0,75965578650.0,3.66366,6.087602,3.93467,10.022272,5.781585,1,2016-08-26,2026-10-02,mootdx,2026-10-02T10:02:03.930854+08:00,2026-06-16,2026-06-17,xdxr_capital_history,current_mootdx_f10,4.6558704453441235,ok,ok,early,train,filled_proxy,09:31,09:32,1,15.81,15.83,600,178265.0,0.0033657756710515248,16.15,3.4397911489673305,4.471055107564514,filled_proxy,09:32,15.86,15.88,145019.0,early_exit,0.03211437964603103,16.67,filled_proxy,14:56,15.76,15.780000000000001,20026.0,end_of_day_exit,-0.5989368739319989,16.67
2026-01-15,sh:stock:601208,601208,东材科技,sh,main,基础化工,26.12,28.71,26.12,28.71,26.1,28.71,1425560.0,4040111104.0,1018117812.5,1018117812.5,29230162396.88,29230162396.88,14.001916,9.923372,0.076628,10.0,5.940959,1,2026-01-22,2026-10-02,mootdx,2026-10-02T10:02:03.930854+08:00,2026-01-16,2026-01-19,xdxr_capital_history,current_mootdx_f10,3.44827586206895,ok,ok,early,train,filled_proxy,09:31,09:32,1,29.02,29.05,300,31760.0,0.009445843828715364,31.29,-3.8803116778482916,1.4510316121095324,filled_proxy,09:32,28.77,28.8,24697.0,early_exit,-1.1294492624422725,30.59,filled_proxy,14:56,28.57,28.6,3800.0,end_of_day_exit,-1.8171648662937856,30.59
2026-02-25,sh:stock:601208,601208,东材科技,sh,main,基础化工,28.85,31.74,28.85,31.74,28.85,31.74,1109497.0,3386910976.0,1010182968.75,1010182968.75,32063207428.13,32063207428.13,10.983129,10.017331,0.0,10.017331,16.519824,1,2026-01-22,2026-10-02,mootdx,2026-10-02T10:02:03.930854+08:00,2026-02-26,2026-02-27,xdxr_capital_history,current_mootdx_f10,3.9697542533081442,ok,ok,early,train,filled_proxy,09:31,09:32,1,32.18,32.22,200,46050.0,0.004343105320304018,34.6,0.9708440748655178,8.301500705736498,filled_proxy,09:32,32.28,32.32,36786.0,early_exit,-0.021041811763944374,33.94,filled_proxy,13:18,33.94,34.39,15084.0,precommitted_target,5.124366225126442,33.94
2026-06-09,sh:stock:601208,601208,东材科技,sh,main,基础化工,58.71,59.62,57.76,59.62,54.2,59.62,946282.0,5594635264.0,1010182968.75,1010182968.75,60227108596.88,60227108596.88,9.367432,3.431734,8.321033,10.0,16.105161,1,2026-01-22,2026-10-02,mootdx,2026-10-02T10:02:03.930854+08:00,2026-06-10,2026-06-11,xdxr_capital_history,current_mootdx_f10,4.948004025494801,ok,ok,early,train,filled_proxy,09:31,09:32,1,63.6,63.67,100,61441.0,0.0016275776761445942,64.99,-3.6440180454129,-0.5751501145938587,filled_proxy,09:32,59.83,59.89,28897.0,early_exit,-6.232125423818935,67.06,filled_proxy,14:56,61.67,61.74,5589.0,end_of_day_exit,-3.3459935594146284,67.06
2026-03-19,sh:stock:601218,601218,吉鑫科技,sh,main,电力设备,6.6,7.43,6.6,7.43,6.75,7.43,1316630.0,948508096.0,969033515.625,969033515.625,7199919021.09,7199919021.09,13.587043,12.296296,-2.222222,10.074074,17.749604,1,2024-12-30,2026-10-02,mootdx,2026-10-02T10:02:03.930854+08:00,2026-03-20,2026-03-23,xdxr_capital_history,current_mootdx_f10,3.6339165545087537,ok,ok,early,train,filled_proxy,09:31,09:32,1,7.65,7.66,1200,171364.0,0.007002637660185336,8.1,-12.027964161088878,-4.690083386271093,filled_proxy,09:32,6.86,6.87,91470.0,early_exit,-10.593459850948195,8.07,filled_proxy,14:56,7.12,7.13,31443.0,end_of_day_exit,-7.202813299706589,8.07
2026-05-19,sh:stock:601222,601222,林洋能源,sh,main,公用事业,6.22,6.84,6.17,6.84,6.22,6.84,1098681.0,730614592.0,2041220156.25,2041220156.25,13961945868.75,13961945868.75,5.382472,10.771704,0.0,9.967846,9.44,1,2026-04-15,2026-10-02,mootdx,2026-10-02T10:02:03.930854+08:00,2026-05-20,2026-05-21,xdxr_capital_history,current_mootdx_f10,3.2163742690058506,ok,ok,early,train,filled_proxy,09:31,09:32,1,6.88,6.89,1300,83719.0,0.0155281357875751,7.46,-5.092921873129641,-2.7256642854552426,filled_proxy,09:32,6.64,6.65,19511.0,early_exit,-3.788088562922043,7.26,filled_proxy,14:56,6.33,6.34,5239.0,end_of_day_exit,-8.282514409192633,7.26
2026-03-24,sh:stock:601226,601226,华电科工,sh,main,建筑装饰,9.4,9.76,9.4,9.76,8.87,9.76,470438.0,455895072.0,1162223671.875,1162223671.875,11343303037.5,11343303037.5,4.047741,4.058625,5.975197,10.033822,-1.612903,1,2025-12-30,2026-10-02,mootdx,2026-10-02T10:02:03.930854+08:00,2026-03-25,2026-03-26,xdxr_capital_history,current_mootdx_f10,3.4836065573770503,ok,ok,early,train,filled_proxy,09:31,09:32,1,10.05,10.07,900,56037.0,0.016060816960222712,10.64,-0.5590416116077135,0.5306539249928077,filled_proxy,09:32,9.82,9.83,20551.0,early_exit,-2.6422101385636387,10.61,filled_proxy,14:56,9.43,9.44,3142.0,end_of_day_exit,-6.510951688624667,10.61
2026-06-12,sh:stock:601233,601233,桐昆股份,sh,main,石油石化,20.8,22.3,20.8,22.3,20.27,22.3,550317.0,1191021056.0,2379001562.5,2374672187.5,53051734843.75,52955189781.25,2.317444,7.400099,2.614702,10.0148,6.139933,1,2026-10-08,2026-10-02,mootdx,2026-10-02T10:02:03.930854+08:00,2026-06-15,2026-06-16,xdxr_capital_history,current_mootdx_f10,3.4977578475336113,ok,ok,early,train,filled_proxy,09:31,09:32,1,23.68,23.71,400,30847.0,0.01296722533795831,24.31,-2.2639638829871633,2.2260597112969904,filled_proxy,09:32,23.01,23.04,18762.0,early_exit,-3.106606952196933,24.96,filled_proxy,14:56,22.67,22.7,2050.0,end_of_day_exit,-4.539100169853505,24.96
2026-03-11,sh:stock:601330,601330,绿色动力,sh,main,环保,7.6,8.37,7.52,8.37,7.61,8.37,381938.0,311298688.0,1430584531.25,989094687.5,11973992526.56,8278722534.38,3.861491,11.169514,-0.131406,9.986859,13.877551,1,2026-03-31,2026-10-02,mootdx,2026-10-02T10:02:03.930854+08:00,2026-03-12,2026-03-13,xdxr_capital_history,current_mootdx_f10,3.942652329749108,ok,ok,early,train,filled_proxy,09:31,09:32,1,8.85,8.86,1000,68603.0,0.014576622013614563,9.12,3.555796385385257,8.070086248207375,filled_proxy,09:32,9.46,9.47,72050.0,early_exit,6.599897941234345,9.33,filled_proxy,09:32,9.33,9.47,72050.0,precommitted_target,5.134219414344043,9.33
2026-01-12,sh:stock:601360,601360,三六零,sh,main,计算机,12.58,13.35,12.55,13.35,12.14,13.35,4733529.0,6188865024.0,6999558125.0,6999558125.0,93444100968.75,93444100968.75,6.762611,6.589786,3.624382,9.967051,17.002629,1,2024-11-12,2026-10-02,mootdx,2026-10-02T10:02:03.930854+08:00,2026-01-13,2026-01-14,xdxr_capital_history,current_mootdx_f10,3.2958801498127244,ok,ok,early,train,filled_proxy,09:31,09:32,1,13.73,13.75,600,225995.0,0.002654925993937919,14.55,-5.766803420801681,4.0813740032277,filled_proxy,09:32,13.28,13.3,73652.0,early_exit,-3.5874405858451475,14.48,filled_proxy,14:56,13.58,13.6,24154.0,end_of_day_exit,-1.4080777508886255,14.48
2026-01-07,sh:stock:601399,601399,国机重装,sh,main,机械设备,4.96,5.51,4.95,5.51,5.01,5.51,4562111.0,2464891648.0,7213555625.0,7213555625.0,39746691493.75,39746691493.75,6.324358,11.177645,-0.998004,9.98004,13.374486,1,2023-06-08,2026-10-02,mootdx,2026-10-02T10:02:03.930854+08:00,2026-01-08,2026-01-09,xdxr_capital_history,current_mootdx_f10,4.174228675136127,ok,ok,early,train,filled_proxy,09:31,09:32,1,5.8100000000000005,5.82,1600,287970.0,0.005556134319547175,6.01,13.056963414786615,13.115320946797638,filled_proxy,09:32,5.89,5.9,298850.0,early_exit,1.0421774125189964,6.13,filled_proxy,09:33,6.13,6.21,227408.0,precommitted_target,5.16153261329646,6.13
2026-03-06,sh:stock:601567,601567,三星电气,sh,main,电力设备,29.41,29.41,29.41,29.41,26.74,29.41,106859.0,314273760.0,1405209375.0,1405209375.0,41327207718.75,41327207718.75,0.760449,0.0,9.985041,9.985041,11.697683,1,2025-09-12,2026-10-02,mootdx,2026-10-02T10:02:03.930854+08:00,2026-03-09,2026-03-10,xdxr_capital_history,current_mootdx_f10,3.9782386943216563,ok,ok,early,train,filled_proxy,09:31,09:32,1,31.48,31.52,300,35610.0,0.008424599831508003,32.06,2.3460500113636096,6.232929630607131,filled_proxy,09:32,32.43,32.47,27935.0,early_exit,2.7263616103209154,33.18,filled_proxy,13:18,33.18,33.25,5018.0,precommitted_target,5.103309103804166,33.18
2026-08-13,sh:stock:601579,601579,会稽山,sh,main,食品饮料,15.86,17.45,15.76,17.45,15.86,17.45,192332.0,325595200.0,479463398.4375,479463398.4375,8366636302.73,8366636302.73,4.011401,10.655738,0.0,10.025221,13.606771,1,2023-03-03,2026-10-02,mootdx,2026-10-02T10:02:03.930854+08:00,2026-08-14,2026-08-17,xdxr_capital_history,current_mootdx_f10,3.151862464183375,ok,ok,early,validation,filled_proxy,09:31,09:32,1,18.5,18.52,500,27968.0,0.01787757437070938,19.02,-0.4295958142933154,0.7101242409601083,filled_proxy,09:32,17.99,18.01,21031.0,early_exit,-3.0186427926257364,19.5,filled_proxy,14:56,18.56,18.580000000000002,2925.0,end_of_day_exit,0.055850494144005225,19.5
2026-09-09,sh:stock:601579,601579,会稽山,sh,main,食品饮料,23.47,25.3,23.01,25.3,23.0,25.3,332171.0,819278144.0,479463398.4375,479463398.4375,12130423980.47,12130423980.47,6.927974,9.956522,2.043478,10.0,21.052632,1,2023-03-03,2026-10-02,mootdx,2026-10-02T10:02:03.930854+08:00,2026-09-10,2026-09-11,xdxr_capital_history,current_mootdx_f10,3.7944664031620556,ok,ok,early,holdout,observed_breach_before_fill,,,,,,,,,,,,,,,,,,,,,,,,,,,
2026-08-10,sh:stock:601606,601606,长城军工,sh,main,国防军工,32.5,36.18,32.5,36.18,32.89,36.18,393406.0,1367567488.0,724228437.5,724228437.5,26202584868.75,26202584868.75,5.432071,11.188811,-1.185771,10.00304,10.271259,1,2021-08-06,2026-10-02,mootdx,2026-10-02T10:02:03.930854+08:00,2026-08-11,2026-08-12,xdxr_capital_history,current_mootdx_f10,3.2891100055279177,ok,ok,early,validation,filled_proxy,09:31,09:32,1,36.35,36.39,200,36584.0,0.005466870763175159,39.44,-2.4124699190497534,-0.5633426942082687,filled_proxy,09:32,35.76,35.800000000000004,14118.0,early_exit,-1.9184251513136852,38.32,filled_proxy,14:56,35.88,35.92,4810.0,end_of_day_exit,-1.5890619728229471,38.32
2026-08-14,sh:stock:601609,601609,金田股份,sh,main,有色金属,10.1,10.95,10.04,10.95,9.95,10.95,592045.0,636052608.0,1728638125.0,1728638125.0,18928587468.75,18928587468.75,3.424922,9.145729,1.507538,10.050251,4.784689,1,2025-11-03,2026-10-02,mootdx,2026-10-02T10:02:03.930854+08:00,2026-08-17,2026-08-18,xdxr_capital_history,current_mootdx_f10,3.1050228310502304,ok,ok,early,validation,filled_proxy,09:31,09:32,1,11.17,11.19,800,51567.0,0.015513797583726027,11.94,4.656921638090306,6.603346749625882,filled_proxy,09:32,11.59,11.61,38465.0,early_exit,3.4071531753542272,11.78,filled_proxy,10:25,11.78,11.88,20406.0,precommitted_target,5.103267517638921,11.78
2026-01-16,sh:stock:601616,601616,广电电气,sh,main,电力设备,4.32,4.58,4.22,4.58,4.16,4.58,1122085.0,505435904.0,853675312.5,853675312.5,3909832931.25,3909832931.25,13.144166,8.653846,3.846154,10.096154,14.5,1,2024-03-18,2026-10-02,mootdx,2026-10-02T10:02:03.930854+08:00,2026-01-19,2026-01-20,xdxr_capital_history,current_mootdx_f10,4.8034934497816595,ok,ok,early,train,no_pre10_fill_proxy,,,,,,,,,,,,,,,,,,,,,,,,,,,
2026-05-15,sh:stock:601678,601678,滨化股份,sh,main,基础化工,5.81,5.81,5.81,5.81,5.28,5.81,984976.0,572271168.0,2056836250.0,2043336250.0,11950218612.5,11871783612.5,4.82043,0.0,10.037879,10.037879,14.822134,1,2026-07-10,2026-10-02,mootdx,2026-10-02T10:02:03.930854+08:00,2026-05-18,2026-05-19,xdxr_capital_history,current_mootdx_f10,3.2702237521514688,ok,ok,early,train,filled_proxy,09:31,09:32,1,6.23,6.24,1500,284345.0,0.005275281787968841,6.33,2.082474648197863,2.1402662579901977,filled_proxy,09:32,6.09,6.1000000000000005,162837.0,early_exit,-2.560064642600046,6.57,filled_proxy,14:56,6.18,6.19,19174.0,end_of_day_exit,-1.1192765868351717,6.57
2026-06-12,sh:stock:601696,601696,中银证券,sh,main,非银金融,10.52,11.54,10.47,11.54,10.49,11.54,959659.0,1079967360.0,2778000000.0,2778000000.0,32058120000.0,32058120000.0,3.454496,10.200191,0.285987,10.009533,6.555863,1,2023-02-27,2026-10-02,mootdx,2026-10-02T10:02:03.930854+08:00,2026-06-15,2026-06-16,xdxr_capital_history,current_mootdx_f10,3.11958405545929,ok,ok,early,train,filled_proxy,09:31,09:32,1,12.25,12.27,700,87249.0,0.008023014590425105,12.58,2.1925565140005654,10.304475377892697,filled_proxy,09:32,12.81,12.83,93257.0,early_exit,4.227802056560548,12.92,filled_proxy,09:36,12.92,12.99,66761.0,precommitted_target,5.123310095286926,12.92
2026-08-17,sh:stock:601700,601700,风范股份,sh,main,电力设备,6.64,7.22,6.3,7.22,6.56,7.22,1858813.0,1289058688.0,1138757265.625,1138757265.625,8221827457.81,8221827457.81,16.323171,14.02439,1.219512,10.060976,1.977401,1,2026-03-10,2026-10-02,mootdx,2026-10-02T10:02:03.930854+08:00,2026-08-18,2026-08-19,xdxr_capital_history,current_mootdx_f10,4.570637119113585,ok,ok,early,validation,filled_proxy,09:31,09:58,27,7.83,7.84,1200,34602.0,0.03468007629616785,7.87,-8.69514437063823,-5.222394639021832,filled_proxy,09:32,7.33,7.34,90652.0,early_exit,-6.656472724853513,8.26,filled_proxy,14:56,6.8,6.8100000000000005,11258.0,end_of_day_exit,-13.409572551515403,8.26
2026-03-10,sh:stock:601778,601778,晶科科技,sh,main,公用事业,5.06,5.61,4.96,5.61,5.1,5.61,5269752.0,2825091840.0,3571000625.0,3571000625.0,20033313506.25,20033313506.25,14.757074,12.745098,-0.784314,10.0,23.84106,1,2026-03-31,2026-10-02,mootdx,2026-10-02T10:02:03.930854+08:00,2026-03-11,2026-03-12,xdxr_capital_history,current_mootdx_f10,3.0303030303030276,ok,ok,early,train,filled_proxy,09:31,09:32,1,5.64,5.65,1600,203840.0,0.007849293563579277,6.11,4.257505264955697,12.631169789966945,filled_proxy,09:32,6.07,6.08,293309.0,early_exit,7.263127851104745,5.95,filled_proxy,09:32,5.95,6.08,293309.0,precommitted_target,5.141511907940699,5.95
2026-04-23,sh:stock:601778,601778,晶科科技,sh,main,公用事业,6.87,7.19,6.35,7.19,6.54,7.19,8283895.0,5615563776.0,3572589687.5,3572589687.5,25686919853.13,25686919853.13,23.187367,12.844037,5.045872,9.938838,7.957958,1,2026-04-28,2026-10-02,mootdx,2026-10-02T10:02:03.930854+08:00,2026-04-24,2026-04-27,xdxr_capital_history,current_mootdx_f10,4.8678720445062496,ok,ok,early,train,filled_proxy,09:31,09:32,1,7.640000000000001,7.65,1200,445113.0,0.0026959446252973964,7.84,-6.950995960650063,-6.130954440760195,filled_proxy,09:32,6.93,6.94,281332.0,early_exit,-9.562593157751564,8.06,filled_proxy,14:56,6.93,6.94,37919.0,end_of_day_exit,-9.562593157751564,8.06
2026-03-02,sh:stock:601808,601808,中海油服,sh,main,石油石化,18.56,18.56,18.03,18.56,16.87,18.56,1495299.0,2760466176.0,4771591875.0,2960468125.0,88560745200.0,54946288400.0,5.050887,3.141672,10.017783,10.017783,17.468354,1,2014-04-14,2026-10-02,mootdx,2026-10-02T10:02:03.930854+08:00,2026-03-03,2026-03-04,xdxr_capital_history,current_mootdx_f10,4.849137931034497,ok,ok,early,train,filled_proxy,09:31,09:32,1,19.57,19.59,400,100815.0,0.003967663542131627,20.23,6.856757901345589,11.232239456920802,filled_proxy,09:32,20.99,21.02,83162.0,early_exit,6.958732650645261,20.63,filled_proxy,09:32,20.63,21.02,83162.0,precommitted_target,5.123187163251353,20.63
2026-09-18,sh:stock:601811,601811,新华文轩,sh,main,传媒,12.38,13.9,12.37,13.9,12.64,13.9,290828.0,389949472.0,1233841015.625,791903906.25,17150390117.19,11007464296.88,3.672516,12.10443,-2.056962,9.968354,18.905047,1,2019-08-08,2026-10-02,mootdx,2026-10-02T10:02:03.930854+08:00,2026-09-21,2026-09-22,xdxr_capital_history,current_mootdx_f10,4.316546762589923,ok,ok,early,holdout,filled_proxy,09:31,09:38,7,14.89,14.91,600,53129.0,0.011293267330459824,15.15,12.49869912483259,12.520004094786486,filled_proxy,09:32,16.8,16.82,858.0,early_exit,12.49869912483259,15.7,filled_proxy,09:32,15.7,16.82,858.0,precommitted_target,5.129055430086171,15.7
2026-02-09,sh:stock:601869,601869,长飞光纤,sh,main,通信,181.3,192.25,171.23,192.25,174.77,192.25,194695.0,3589992448.0,827905078.125,406338320.3125,159164751269.53,78118542080.08,4.791451,12.027236,3.736339,10.001717,20.919555,1,2025-12-17,2026-10-02,mootdx,2026-10-02T10:02:03.930854+08:00,2026-02-10,2026-02-11,xdxr_capital_history,current_mootdx_f10,3.1833550065019534,ok,ok,early,train,below_one_lot,,,,,,,,,,,,,,,,,,,,,,,,,,,
2026-03-10,sh:stock:601869,601869,长飞光纤,sh,main,通信,217.25,233.1,214.25,233.1,211.91,233.1,170543.0,3800169472.0,827905078.125,406338320.3125,192984673710.94,94717462464.84,4.197069,8.895286,2.519938,9.999528,-1.228814,1,2025-12-17,2026-10-02,mootdx,2026-10-02T10:02:03.930854+08:00,2026-03-11,2026-03-12,xdxr_capital_history,current_mootdx_f10,4.997854997855011,ok,ok,early,train,below_one_lot,,,,,,,,,,,,,,,,,,,,,,,,,,,
2026-01-12,sh:stock:601949,601949,中国出版,sh,main,传媒,6.84,7.41,6.83,7.41,6.74,7.41,652637.0,468120192.0,1903968125.0,1903968125.0,14108403806.25,14108403806.25,3.427773,8.605341,1.48368,9.940653,13.476263,1,2025-02-07,2026-10-02,mootdx,2026-10-02T10:02:03.930854+08:00,2026-01-13,2026-01-14,xdxr_capital_history,current_mootdx_f10,3.6437246963562764,ok,ok,early,train,filled_proxy,09:31,09:32,1,7.51,7.52,1200,27969.0,0.042904644427759306,8.08,-3.7492951227830362,4.514696516755601,filled_proxy,09:32,7.35,7.36,6587.0,early_exit,-2.4209353787563836,7.92,filled_proxy,14:56,7.55,7.5600000000000005,4223.0,end_of_day_exit,0.2357841092969215,7.92
2026-09-04,sh:stock:601949,601949,中国出版,sh,main,传媒,5.29,5.83,5.27,5.83,5.3,5.83,534542.0,306336544.0,1903968125.0,1903968125.0,11100134168.75,11100134168.75,2.807515,10.566038,-0.188679,10.0,11.685824,1,2025-02-07,2026-10-02,mootdx,2026-10-02T10:02:03.930854+08:00,2026-09-07,2026-09-08,xdxr_capital_history,current_mootdx_f10,4.80274442538593,ok,ok,early,holdout,filled_proxy,09:31,09:32,1,6.25,6.26,1500,94566.0,0.01586193769430874,6.35,8.299137382756761,12.335621714754751,filled_proxy,09:32,7.04,7.05,37738.0,early_exit,12.288546684988443,6.59,filled_proxy,09:32,6.59,7.05,37738.0,precommitted_target,5.107609940971436,6.59
2026-02-27,sh:stock:601958,601958,金钼股份,sh,main,有色金属,22.2,24.53,22.18,24.53,22.3,24.53,768453.0,1840975360.0,3226604375.0,3226604375.0,79148605318.75,79148605318.75,2.381615,10.538117,-0.44843,10.0,15.380997,1,2013-05-20,2026-10-02,mootdx,2026-10-02T10:02:03.930854+08:00,2026-03-02,2026-03-03,xdxr_capital_history,current_mootdx_f10,3.179779861394194,ok,ok,early,train,filled_proxy,09:31,09:32,1,24.98,25.01,300,33865.0,0.008858703676362026,26.74,3.6487589549301536,10.247683292664146,filled_proxy,09:32,26.15,26.18,19132.0,early_exit,4.3676177807189465,26.34,filled_proxy,09:34,26.34,26.580000000000002,12041.0,precommitted_target,5.12641320794045,26.34
2026-06-22,sh:stock:601958,601958,金钼股份,sh,main,有色金属,28.14,30.47,27.65,30.47,27.7,30.47,2170276.0,6401295872.0,3226604375.0,3226604375.0,98314635306.25,98314635306.25,6.726192,10.180505,1.588448,10.0,19.396552,1,2013-05-20,2026-10-02,mootdx,2026-10-02T10:02:03.930854+08:00,2026-06-23,2026-06-24,xdxr_capital_history,current_mootdx_f10,3.2162783065310174,ok,ok,early,train,observed_breach_before_fill,,,,,,,,,,,,,,,,,,,,,,,,,,,
2026-01-19,sh:stock:601965,601965,中国汽研,sh,main,汽车,18.51,18.89,18.25,18.89,17.17,18.89,244335.0,459387040.0,1003054921.875,998405703.125,18947707474.22,18859883732.03,2.447252,3.727432,7.80431,10.017472,6.482525,1,2026-06-18,2026-10-02,mootdx,2026-10-02T10:02:03.930854+08:00,2026-01-20,2026-01-21,xdxr_capital_history,current_mootdx_f10,3.4939121228163117,ok,ok,early,train,filled_proxy,09:31,09:32,1,19.86,19.88,400,26909.0,0.014864915084172581,20.59,-0.2781291797370411,-0.026557159252815765,filled_proxy,09:32,19.78,19.8,11145.0,early_exit,-0.6800816790128006,20.94,filled_proxy,14:56,19.67,19.69,1632.0,end_of_day_exit,-1.2327663655169685,20.94
2026-06-15,sh:stock:601975,601975,招商南油,sh,main,交通运输,4.58,4.58,4.58,4.58,4.16,4.58,478538.0,219170800.0,4680344687.5,4680344687.5,21435978668.75,21435978668.75,1.022442,0.0,10.096154,10.096154,12.254902,1,2025-12-30,2026-10-02,mootdx,2026-10-02T10:02:03.930854+08:00,2026-06-16,2026-06-17,xdxr_capital_history,current_mootdx_f10,3.056768558951961,ok,ok,early,train,observed_breach_before_fill,,,,,,,,,,,,,,,,,,,,,,,,,,,
2026-06-15,sh:stock:603002,603002,宏昌电子,sh,main,电子,17.76,19.17,17.6,19.17,17.43,19.17,537848.0,1005265856.0,1134078515.625,1134078515.625,21740285144.53,21740285144.53,4.742599,9.007458,1.893287,9.982788,27.122016,1,2025-04-18,2026-10-02,mootdx,2026-10-02T10:02:03.930854+08:00,2026-06-16,2026-06-17,xdxr_capital_history,current_mootdx_f10,3.7558685446009266,ok,ok,early,train,filled_proxy,09:31,09:32,1,20.17,20.2,400,64805.0,0.006172363243576884,20.9,6.104321431147608,14.544210031889836,filled_proxy,09:32,22.7,22.73,59141.0,early_exit,12.186500350126362,21.27,filled_proxy,09:32,21.27,22.73,59141.0,precommitted_target,5.115349249199852,21.27
2026-08-11,sh:stock:603009,603009,北特科技,sh,main,汽车,39.98,44.0,39.55,44.0,40.0,44.0,110688.0,467213312.0,346389804.6875,346389804.6875,15241151406.25,15241151406.25,3.195475,11.125,-0.05,10.0,9.945027,1,2026-07-27,2026-10-02,mootdx,2026-10-02T10:02:03.930854+08:00,2026-08-12,2026-08-13,xdxr_capital_history,current_mootdx_f10,3.499999999999992,ok,ok,early,validation,filled_proxy,09:31,09:32,1,47.0,47.05,200,12516.0,0.01597954618088846,47.96,-2.3450444324289887,5.998994741858188,filled_proxy,09:32,46.2,46.25,6448.0,early_exit,-1.9628746992555346,49.53,filled_proxy,10:26,49.53,49.77,2074.0,precommitted_target,5.1072653644534505,49.53
2026-08-07,sh:stock:603011,603011,合锻智能,sh,main,机械设备,20.62,22.68,19.82,22.68,20.62,22.68,1044633.0,2248253696.0,494414453.125,494414453.125,11213319796.88,11213319796.88,21.128691,13.870029,0.0,9.990301,34.121821,1,2022-08-09,2026-10-02,mootdx,2026-10-02T10:02:03.930854+08:00,2026-08-10,2026-08-11,xdxr_capital_history,current_mootdx_f10,3.4391534391534417,ok,ok,early,validation,filled_proxy,09:31,09:32,1,24.490000000000002,24.52,400,58517.0,0.006835620417998189,24.72,-4.839099294929294,1.2521370576171753,filled_proxy,09:32,23.27,23.3,25550.0,early_exit,-5.246509876929705,25.81,filled_proxy,14:56,23.97,24.0,6519.0,end_of_day_exit,-2.394635802926781,25.81
2026-01-06,sh:stock:603023,603023,威帝股份,sh,main,汽车,5.15,5.63,5.14,5.63,5.12,5.63,724502.0,397186080.0,558117421.875,558117421.875,3142201085.16,3142201085.16,12.981175,9.570313,0.585938,9.960938,0.896057,1,2025-01-07,2026-10-02,mootdx,2026-10-02T10:02:03.930854+08:00,2026-01-07,2026-01-08,xdxr_capital_history,current_mootdx_f10,3.0195381882770933,ok,ok,early,train,filled_proxy,09:31,09:32,1,5.86,5.87,1600,53661.0,0.02981681295540523,6.14,-5.433923342121916,-3.658450327375251,filled_proxy,09:32,5.53,5.54,14972.0,early_exit,-5.944459050378404,6.18,filled_proxy,14:56,5.58,5.59,6512.0,end_of_day_exit,-5.09356620328425,6.18
2026-07-01,sh:stock:603040,603040,新坐标,sh,main,汽车,63.8,69.38,62.39,69.38,63.07,69.38,55064.0,367371072.0,197357480.4688,196325429.6875,13692661994.92,13621058311.72,2.804731,11.082924,1.157444,10.004757,-26.191489,1,2026-08-19,2026-10-02,mootdx,2026-10-02T10:02:03.930854+08:00,2026-07-02,2026-07-03,xdxr_capital_history,current_mootdx_f10,3.7763044104929477,ok,ok,early,validation,filled_proxy,09:31,09:32,1,70.18,70.26,100,2638.0,0.03790750568612585,75.62,-3.2789154634333184,3.9946720327610485,filled_proxy,09:32,68.73,68.8,1041.0,early_exit,-2.369134197785716,73.99,filled_proxy,14:56,71.58,71.66,744.0,end_of_day_exit,1.6822355008012435,73.99
2026-03-04,sh:stock:603045,603045,福达合金,sh,main,有色金属,28.83,32.41,28.78,32.41,29.46,32.41,98740.0,305802848.0,135445156.25,135445156.25,4389777514.06,4389777514.06,7.290036,12.321792,-2.138493,10.013578,10.125722,1,2023-05-24,2026-10-02,mootdx,2026-10-02T10:02:03.930854+08:00,2026-03-05,2026-03-06,xdxr_capital_history,current_mootdx_f10,4.93674791730947,ok,ok,early,train,filled_proxy,09:31,09:32,1,34.14,34.18,200,5697.0,0.035106196243637006,35.33,-2.0390157305780976,0.023089340683024595,filled_proxy,09:32,32.64,32.68,2552.0,early_exit,-4.698062102101264,36.0,filled_proxy,14:56,33.71,33.75,575.0,end_of_day_exit,-1.57149109382676,36.0
2026-06-15,sh:stock:603045,603045,福达合金,sh,main,有色金属,74.99,80.15,74.3,80.15,72.86,80.15,67515.0,531577504.0,135445156.25,135445156.25,10855929273.44,10855929273.44,4.984674,8.029097,2.923415,10.00549,-10.944444,1,2023-05-24,2026-10-02,mootdx,2026-10-02T10:02:03.930854+08:00,2026-06-16,2026-06-17,xdxr_capital_history,current_mootdx_f10,4.8034934497816595,ok,ok,early,train,filled_proxy,09:31,09:32,1,81.33,81.42,100,4731.0,0.02113718030014796,87.36,1.6532321583205611,4.60321329892881,filled_proxy,09:32,84.49,84.58,6101.0,early_exit,3.5915878940608437,85.72,filled_proxy,14:56,84.16,84.25,1074.0,end_of_day_exit,3.1867414429251895,85.72
2026-01-07,sh:stock:603052,603052,可川科技,sh,main,电子,36.37,40.41,36.37,40.41,36.74,40.41,195125.0,751488384.0,187897285.1563,187897285.1563,7592929293.16,7592929293.16,10.384663,10.996189,-1.007077,9.989113,24.799259,1,2025-10-13,2026-10-02,mootdx,2026-10-02T10:02:03.930854+08:00,2026-01-08,2026-01-09,xdxr_capital_history,current_mootdx_f10,3.9346696362286604,ok,ok,early,train,filled_proxy,09:31,09:32,1,42.050000000000004,42.1,200,10255.0,0.019502681618722574,44.05,-0.5265597226909446,9.447598308869143,filled_proxy,09:32,41.55,41.6,3749.0,early_exit,-1.475620860857385,44.33,filled_proxy,11:23,44.33,44.39,4451.0,precommitted_target,5.1203540493993005,44.33
2026-04-16,sh:stock:603052,603052,可川科技,sh,main,电子,68.8,75.77,68.2,75.77,68.88,75.77,64468.0,474960224.0,187897285.1563,187897285.1563,14236977296.29,14236977296.29,3.431023,10.990128,-0.116144,10.002904,14.352551,1,2025-10-13,2026-10-02,mootdx,2026-10-02T10:02:03.930854+08:00,2026-04-17,2026-04-20,xdxr_capital_history,current_mootdx_f10,4.262900884254983,ok,ok,early,train,filled_proxy,09:31,09:32,1,80.55,80.64,100,8063.0,0.012402331638348009,82.59,8.024075218561698,13.397794549615494,filled_proxy,09:32,84.69,84.78,6075.0,early_exit,4.840702273611175,84.9,filled_proxy,09:33,84.9,85.03,4761.0,precommitted_target,5.100822241875624,84.9
2026-08-12,sh:stock:603052,603052,可川科技,sh,main,电子,53.61,58.47,53.3,58.47,53.15,58.47,38824.0,218412160.0,187897285.1563,187897285.1563,10986354263.09,10986354263.09,2.066235,9.727187,0.865475,10.009407,12.920046,1,2025-10-13,2026-10-02,mootdx,2026-10-02T10:02:03.930854+08:00,2026-08-13,2026-08-14,xdxr_capital_history,current_mootdx_f10,3.81392166923209,ok,ok,early,validation,filled_proxy,09:31,09:32,1,59.52,59.58,100,4905.0,0.020387359836901122,63.73,-4.091529637206803,0.3502648044982237,filled_proxy,09:32,56.32,56.38,1807.0,early_exit,-5.683859023256654,62.76,filled_proxy,14:56,57.32,57.38,496.0,end_of_day_exit,-4.007722827414717,62.76
2026-01-09,sh:stock:603057,603057,紫燕食品,sh,main,食品饮料,24.96,27.25,24.52,27.25,24.77,27.25,163086.0,419762656.0,413513750.0,412000000.0,11268249687.5,11227000000.0,3.958398,11.021397,0.767057,10.012111,33.972468,1,2026-03-11,2026-10-02,mootdx,2026-10-02T10:02:03.930854+08:00,2026-01-12,2026-01-13,xdxr_capital_history,current_mootdx_f10,4.293577981651375,ok,ok,early,train,filled_proxy,09:31,09:32,1,29.6,29.63,300,6309.0,0.0475511174512601,29.7,-11.491994431820896,-2.0829813095110894,filled_proxy,09:32,26.45,26.48,3300.0,early_exit,-10.885159255474907,31.2,filled_proxy,14:56,27.91,27.94,870.0,end_of_day_exit,-5.963051714001932,31.2
2026-08-31,sh:stock:603058,603058,永吉股份,sh,main,轻工制造,9.35,10.32,9.22,10.32,9.38,10.32,381800.0,384184288.0,414693554.6875,414663554.6875,4279637484.38,4279327884.38,9.207465,11.727079,-0.319829,10.021322,17.006803,1,2026-06-30,2026-10-02,mootdx,2026-10-02T10:02:03.930854+08:00,2026-09-01,2026-09-02,xdxr_capital_history,current_mootdx_f10,4.166666666666674,ok,ok,early,holdout,filled_proxy,09:31,09:32,1,10.39,10.41,800,22873.0,0.03497573558343899,11.25,-5.545391357231233,-4.777184279862379,filled_proxy,09:32,9.57,9.58,13575.0,early_exit,-8.232101095718324,10.96,filled_proxy,14:56,9.8,9.81,1618.0,end_of_day_exit,-6.02516095338963,10.96
2026-01-05,sh:stock:603061,603061,金海通,sh,main,电子,142.8,154.44,142.46,154.44,140.4,154.44,31632.0,479718016.0,60000000.0,41826333.0078,9266400000.0,6459658869.73,7.5627,8.532764,1.709402,10.0,5.405405,1,2026-03-03,2026-10-02,mootdx,2026-10-02T10:02:03.930854+08:00,2026-01-06,2026-01-07,xdxr_capital_history,current_mootdx_f10,4.985754985754975,ok,ok,early,train,below_one_lot,,,,,,,,,,,,,,,,,,,,,,,,,,,
2026-01-16,sh:stock:603061,603061,金海通,sh,main,电子,204.5,221.87,200.35,221.87,201.7,221.87,37943.0,806065472.0,60000000.0,41826333.0078,13312200000.0,9280008504.44,9.071558,10.669311,1.3882,10.0,18.609002,1,2026-03-03,2026-10-02,mootdx,2026-10-02T10:02:03.930854+08:00,2026-01-19,2026-01-20,xdxr_capital_history,current_mootdx_f10,3.159507819894536,ok,ok,early,train,below_one_lot,,,,,,,,,,,,,,,,,,,,,,,,,,,
2026-01-27,sh:stock:603061,603061,金海通,sh,main,电子,250.94,279.4,250.94,279.4,254.0,279.4,31362.0,840717312.0,60000000.0,41826333.0078,16764000000.0,11686277442.38,7.498147,11.204724,-1.204724,10.0,6.996515,1,2026-03-03,2026-10-02,mootdx,2026-10-02T10:02:03.930854+08:00,2026-01-28,2026-01-29,xdxr_capital_history,current_mootdx_f10,4.838940586972096,ok,ok,early,train,below_one_lot,,,,,,,,,,,,,,,,,,,,,,,,,,,
2026-06-24,sh:stock:603061,603061,金海通,sh,main,电子,350.0,387.09,350.0,387.09,351.9,387.09,30900.0,1159592448.0,87000000.0,87000000.0,33676830000.0,33676830000.0,3.551724,10.539926,-0.539926,10.0,14.965845,1,2026-04-16,2026-10-02,mootdx,2026-10-02T10:02:03.930854+08:00,2026-06-25,2026-06-26,xdxr_capital_history,current_mootdx_f10,4.626830969541973,ok,ok,early,train,below_one_lot,,,,,,,,,,,,,,,,,,,,,,,,,,,
2026-07-21,sh:stock:603061,603061,金海通,sh,main,电子,287.58,311.39,258.35,311.39,283.08,311.39,41421.0,1198040320.0,87000000.0,87000000.0,27090930000.0,27090930000.0,4.761034,18.736753,1.589657,10.000707,-22.530165,1,2026-04-16,2026-10-02,mootdx,2026-10-02T10:02:03.930854+08:00,2026-07-22,2026-07-23,xdxr_capital_history,current_mootdx_f10,3.407302739330098,ok,ok,early,validation,below_one_lot,,,,,,,,,,,,,,,,,,,,,,,,,,,
2026-08-04,sh:stock:603061,603061,金海通,sh,main,电子,245.68,266.24,241.5,266.24,242.04,266.24,29361.0,758612096.0,87000000.0,87000000.0,23162880000.0,23162880000.0,3.374828,10.221451,1.503884,9.998347,-4.012691,1,2026-04-16,2026-10-02,mootdx,2026-10-02T10:02:03.930854+08:00,2026-08-05,2026-08-06,xdxr_capital_history,current_mootdx_f10,4.999248798076916,ok,ok,early,validation,below_one_lot,,,,,,,,,,,,,,,,,,,,,,,,,,,
2026-06-30,sh:stock:603078,603078,江化微,sh,main,电子,43.61,49.42,43.5,49.42,44.93,49.42,446616.0,2112264704.0,385637265.625,385637265.625,19058193667.19,19058193667.19,11.581246,13.176052,-2.937903,9.993323,11.557562,1,2024-05-29,2026-10-02,mootdx,2026-10-02T10:02:03.930854+08:00,2026-07-01,2026-07-02,xdxr_capital_history,current_mootdx_f10,4.208822339133955,ok,ok,early,validation,filled_proxy,09:31,09:32,1,50.800000000000004,50.86,100,21593.0,0.0046311304589450285,53.87,-1.6422642849024727,13.517929467905576,filled_proxy,09:32,50.62,50.68,11466.0,early_exit,-0.7195465338564744,53.59,filled_proxy,09:56,53.59,54.64,17012.0,precommitted_target,5.111244361051237,53.59
2026-06-18,sh:stock:603082,603082,北自科技,sh,main,机械设备,36.93,41.03,36.76,41.03,37.3,41.03,106690.0,421601024.0,165679003.9063,40556899.4141,6797809530.27,1664049582.96,26.306252,11.447721,-0.991957,10.0,26.635802,1,2026-07-24,2026-10-02,mootdx,2026-10-02T10:02:03.930854+08:00,2026-06-22,2026-06-23,xdxr_capital_history,current_mootdx_f10,4.606385571533034,ok,ok,early,train,no_pre10_fill_proxy,,,,,,,,,,,,,,,,,,,,,,,,,,,
2026-04-29,sh:stock:603083,603083,剑桥科技,sh,main,通信,154.5,170.71,154.5,170.71,155.19,170.71,297761.0,4881575424.0,352650390.625,275588378.9063,60200948183.59,47045692163.09,10.804556,10.445261,-0.444616,10.000644,-0.853758,1,2026-06-04,2026-10-02,mootdx,2026-10-02T10:02:03.930854+08:00,2026-04-30,2026-05-06,xdxr_capital_history,current_mootdx_f10,4.856188858297683,ok,ok,early,train,below_one_lot,,,,,,,,,,,,,,,,,,,,,,,,,,,
2026-06-15,sh:stock:603083,603083,剑桥科技,sh,main,通信,188.18,201.29,184.0,201.29,182.99,201.29,271366.0,5304046080.0,368250390.625,275588378.9063,74125121128.91,55473184790.04,9.846787,9.448604,2.836221,10.000546,15.180819,1,2026-06-04,2026-10-02,mootdx,2026-10-02T10:02:03.930854+08:00,2026-06-16,2026-06-17,xdxr_capital_history,current_mootdx_f10,3.3334989318893227,ok,ok,early,train,below_one_lot,,,,,,,,,,,,,,,,,,,,,,,,,,,
2026-04-07,sh:stock:603090,603090,宏盛股份,sh,main,机械设备,58.65,63.83,58.09,63.83,58.03,63.83,45353.0,280878656.0,100000000.0,100000000.0,6383000000.0,6383000000.0,4.5353,9.891435,1.068413,9.99483,0.204082,1,2019-09-02,2026-10-02,mootdx,2026-10-02T10:02:03.930854+08:00,2026-04-08,2026-04-09,xdxr_capital_history,current_mootdx_f10,3.493655021149933,ok,ok,early,train,filled_proxy,09:31,09:32,1,65.94,66.01,100,2293.0,0.04361098996947231,69.57,-1.8373634144173367,3.551053322883746,filled_proxy,09:32,65.34,65.41,675.0,early_exit,-1.2170382475484853,69.52,filled_proxy,14:56,68.16,68.23,1210.0,end_of_day_exit,3.0495885099398157,69.52
2026-05-13,sh:stock:603093,603093,南华期货,sh,main,非银金融,21.5,23.54,21.5,23.54,21.4,23.54,280114.0,642930496.0,717724921.875,610065898.4375,16895244660.94,14360951249.22,4.591537,9.53271,0.46729,10.0,11.669829,1,2026-06-17,2026-10-02,mootdx,2026-10-02T10:02:03.930854+08:00,2026-05-14,2026-05-15,xdxr_capital_history,current_mootdx_f10,4.630416312659302,ok,ok,early,train,filled_proxy,09:31,09:32,1,24.88,24.91,300,20868.0,0.01437607820586544,25.66,0.6563442031823685,4.0004990019670394,filled_proxy,09:32,25.52,25.55,18142.0,early_exit,2.260216915484081,26.23,unfilled_d3,,,,,limit_down_or_capacity,,26.23
2026-08-12,sh:stock:603102,603102,百合股份,sh,main,食品饮料,37.43,42.05,37.43,42.05,38.23,42.05,51331.0,212603136.0,64000000.0,64000000.0,2691200000.0,2691200000.0,8.020469,12.08475,-2.092597,9.992153,24.592593,1,2025-08-15,2026-10-02,mootdx,2026-10-02T10:02:03.930854+08:00,2026-08-13,2026-08-14,xdxr_capital_history,current_mootdx_f10,4.94649227110584,ok,ok,early,validation,filled_proxy,09:31,09:32,1,42.13,42.18,200,5981.0,0.03343922420999833,45.83,-5.11988177784305,1.3620675713753805,filled_proxy,09:32,38.96,39.0,2541.0,early_exit,-7.795897445574173,44.41,filled_proxy,14:56,39.33,39.37,453.0,end_of_day_exit,-6.919679926051591,44.41
2026-01-29,sh:stock:603103,603103,横店影视,sh,main,传媒,21.13,23.18,20.95,23.18,21.07,23.18,120057.0,268534624.0,634200000.0,634200000.0,14700756000.0,14700756000.0,1.893046,10.583768,0.284765,10.014238,20.290607,1,2020-10-12,2026-10-02,mootdx,2026-10-02T10:02:03.930854+08:00,2026-01-30,2026-02-02,xdxr_capital_history,current_mootdx_f10,4.4434857635893055,ok,ok,early,train,filled_proxy,09:31,09:32,1,24.79,24.82,300,14208.0,0.021114864864864864,25.27,12.69130358415449,12.699150796702696,filled_proxy,09:33,28.02,28.05,394.0,early_exit,12.69130358415449,26.14,filled_proxy,09:33,26.14,28.05,394.0,precommitted_target,5.125785845387987,26.14
2026-02-05,sh:stock:603103,603103,横店影视,sh,main,传媒,28.78,31.66,28.78,31.66,28.78,31.66,292452.0,902685696.0,634200000.0,634200000.0,20078772000.0,20078772000.0,4.611353,10.006949,0.0,10.006949,36.583261,1,2020-10-12,2026-10-02,mootdx,2026-10-02T10:02:03.930854+08:00,2026-02-06,2026-02-09,xdxr_capital_history,current_mootdx_f10,4.864181933038547,ok,ok,early,train,filled_proxy,09:31,09:32,1,31.77,31.81,200,38059.0,0.0052549988176252655,34.51,15.017865645262706,15.153683158579788,filled_proxy,09:32,36.7,36.74,3963.0,early_exit,15.143448181848074,33.51,filled_proxy,09:32,33.51,36.74,3963.0,precommitted_target,5.12824088916517,33.51
2026-05-19,sh:stock:603108,603108,润达医疗,sh,main,医药生物,13.71,15.07,13.47,15.07,13.7,15.07,608660.0,881215680.0,603703359.375,603703359.375,9097809625.78,9097809625.78,10.082104,11.678832,0.072993,10.0,12.630792,1,2026-06-16,2026-10-02,mootdx,2026-10-02T10:02:03.930854+08:00,2026-05-20,2026-05-21,xdxr_capital_history,current_mootdx_f10,4.644990046449893,ok,ok,early,train,filled_proxy,09:31,09:32,1,15.9,15.92,600,61289.0,0.009789684935306499,16.43,-7.5609368817944,-3.1400497003717387,filled_proxy,09:32,15.1,15.120000000000001,18006.0,early_exit,-5.301988652719891,16.76,filled_proxy,14:56,14.52,14.540000000000001,2592.0,end_of_day_exit,-8.941405244006607,16.76
2026-05-13,sh:stock:603110,603110,东方材料,sh,main,基础化工,23.8,26.36,23.68,26.36,23.96,26.36,82403.0,210982176.0,201226738.2813,201226738.2813,5304336821.09,5304336821.09,4.095032,11.185309,-0.66778,10.016694,19.600726,1,2021-06-07,2026-10-02,mootdx,2026-10-02T10:02:03.930854+08:00,2026-05-14,2026-05-15,xdxr_capital_history,current_mootdx_f10,4.0591805766312605,ok,ok,early,train,observed_breach_before_fill,,,,,,,,,,,,,,,,,,,,,,,,,,,
2026-03-24,sh:stock:603115,603115,海星股份,sh,main,有色金属,32.54,35.21,32.25,35.21,32.01,35.21,100063.0,344002688.0,241890390.625,241890390.625,8516960653.91,8516960653.91,4.136708,9.24711,1.655733,9.996876,17.405802,1,2026-08-03,2026-10-02,mootdx,2026-10-02T10:02:03.930854+08:00,2026-03-25,2026-03-26,xdxr_capital_history,current_mootdx_f10,3.663731894348188,ok,ok,early,train,filled_proxy,09:31,09:32,1,35.79,35.83,200,4929.0,0.04057618178129438,38.38,5.746092627946231,11.209823775767426,filled_proxy,09:32,38.36,38.4,6680.0,early_exit,6.861117045370602,37.73,filled_proxy,09:32,37.73,38.4,6680.0,precommitted_target,5.104953587927175,37.73
2026-05-18,sh:stock:603115,603115,海星股份,sh,main,有色金属,74.0,83.27,74.0,83.27,75.7,83.27,64025.0,518990048.0,241890390.625,241890390.625,20142212827.34,20142212827.34,2.64686,12.245707,-2.245707,10.0,33.338671,1,2026-08-03,2026-10-02,mootdx,2026-10-02T10:02:03.930854+08:00,2026-05-19,2026-05-20,xdxr_capital_history,current_mootdx_f10,3.566710700132103,ok,ok,early,train,filled_proxy,09:31,09:32,1,83.88,83.97,100,4567.0,0.02189621195533173,90.76,8.060864928489897,17.59054163558902,filled_proxy,09:32,95.72,95.82000000000001,6753.0,early_exit,13.806506982576616,88.41,filled_proxy,09:32,88.41,95.82000000000001,6753.0,precommitted_target,5.110721596370804,88.41
2026-05-22,sh:stock:603115,603115,海星股份,sh,main,有色金属,106.8,116.31,103.0,116.31,105.74,116.31,96418.0,1088123520.0,241890390.625,241890390.625,28134271333.59,28134271333.59,3.98602,12.587479,1.002459,9.996217,53.645971,1,2026-08-03,2026-10-02,mootdx,2026-10-02T10:02:03.930854+08:00,2026-05-25,2026-05-26,xdxr_capital_history,current_mootdx_f10,4.1269022440030945,ok,ok,early,train,below_one_lot,,,,,,,,,,,,,,,,,,,,,,,,,,,
2026-06-15,sh:stock:603115,603115,海星股份,sh,main,有色金属,90.98,99.13,90.86,99.13,90.12,99.13,48579.0,466929088.0,241890390.625,241890390.625,23978594422.66,23978594422.66,2.008306,9.176653,0.954283,9.997781,3.801047,1,2026-08-03,2026-10-02,mootdx,2026-10-02T10:02:03.930854+08:00,2026-06-16,2026-06-17,xdxr_capital_history,current_mootdx_f10,4.408352668213467,ok,ok,early,train,below_one_lot,,,,,,,,,,,,,,,,,,,,,,,,,,,
2026-09-07,sh:stock:603118,603118,共进股份,sh,main,通信,17.0,17.89,17.0,17.89,16.26,17.89,365430.0,646068480.0,787276406.25,787276406.25,14084374907.81,14084374907.81,4.641699,5.473555,4.551046,10.0246,-3.817204,1,2024-06-27,2026-10-02,mootdx,2026-10-02T10:02:03.930854+08:00,2026-09-08,2026-09-09,xdxr_capital_history,current_mootdx_f10,4.024594745667964,ok,ok,early,holdout,filled_proxy,09:31,09:32,1,18.01,18.03,500,62792.0,0.007962797808638043,19.5,-0.21823784100428734,2.283287766807951,filled_proxy,09:32,18.05,18.07,35753.0,early_exit,-0.052027196202686365,18.98,filled_proxy,14:56,17.79,17.81,4321.0,end_of_day_exit,-1.4925194511498319,18.98
2026-01-27,sh:stock:603120,603120,肯特催化,sh,main,基础化工,41.44,45.8,40.31,45.8,41.64,45.8,57574.0,255144608.0,90400000.0,22143820.8008,4140320000.0,1014186992.68,26.00003,13.184438,-0.480307,9.990394,11.707317,1,2026-04-17,2026-10-02,mootdx,2026-10-02T10:02:03.930854+08:00,2026-01-28,2026-01-29,xdxr_capital_history,current_mootdx_f10,4.1048034934497935,ok,ok,early,train,filled_proxy,09:31,09:32,1,46.74,46.79,200,2183.0,0.09161704076958314,49.92,-5.197271989670749,-3.863137505884029,filled_proxy,09:32,43.96,44.01,1849.0,early_exit,-6.20070167022726,49.26,filled_proxy,14:56,44.73,44.78,672.0,end_of_day_exit,-4.556784959528304,49.26
2026-05-13,sh:stock:603120,603120,肯特催化,sh,main,基础化工,44.29,48.86,43.88,48.86,44.42,48.86,47771.0,224323920.0,90400000.0,37900000.0,4416944000.0,1851794000.0,12.604485,11.211166,-0.292661,9.995498,17.820111,1,2026-04-17,2026-10-02,mootdx,2026-10-02T10:02:03.930854+08:00,2026-05-14,2026-05-15,xdxr_capital_history,current_mootdx_f10,3.6021285304952855,ok,ok,early,train,filled_proxy,09:31,09:32,1,50.79,50.85,100,4578.0,0.021843599825251202,53.26,3.6395475302569924,7.792593172227358,filled_proxy,09:32,53.94,54.0,2951.0,early_exit,5.819160136681156,53.58,filled_proxy,09:32,53.58,54.0,2951.0,precommitted_target,5.1122587508138695,53.58
2026-06-30,sh:stock:603120,603120,肯特催化,sh,main,基础化工,47.5,53.35,47.11,53.35,48.5,53.35,41333.0,214689552.0,90400000.0,37900000.0,4822840000.0,2021965000.0,10.905805,12.865979,-2.061856,10.0,0.717387,1,2026-04-17,2026-10-02,mootdx,2026-10-02T10:02:03.930854+08:00,2026-07-01,2026-07-02,xdxr_capital_history,current_mootdx_f10,4.02999062792877,ok,ok,early,validation,filled_proxy,09:31,09:32,1,55.46,55.52,100,3113.0,0.032123353678124,58.15,3.1494571067377075,14.006684217903963,filled_proxy,09:32,58.56,58.620000000000005,2192.0,early_exit,5.23582891970098,58.49,filled_proxy,09:32,58.49,58.620000000000005,2192.0,precommitted_target,5.109927172366979,58.49
2026-09-04,sh:stock:603122,603122,合富中国,sh,main,医药生物,12.28,13.56,12.21,13.56,12.33,13.56,341282.0,449514144.0,398052617.1875,398052617.1875,5397593489.06,5397593489.06,8.573791,10.948905,-0.405515,9.975669,9.531502,1,2025-02-17,2026-10-02,mootdx,2026-10-02T10:02:03.930854+08:00,2026-09-07,2026-09-08,xdxr_capital_history,current_mootdx_f10,3.834808259587019,ok,ok,early,holdout,filled_proxy,09:31,09:32,1,14.030000000000001,14.05,600,51338.0,0.011687249211110678,14.78,-4.222947481390326,-2.401132997568267,filled_proxy,09:32,13.33,13.35,25000.0,early_exit,-5.2893754719203105,14.8,filled_proxy,14:56,13.35,13.370000000000001,2914.0,end_of_day_exit,-5.14718507318298,14.8
2026-06-18,sh:stock:603124,603124,江南新材,sh,main,有色金属,192.1,211.31,192.05,211.31,192.1,211.31,43408.0,896857152.0,145745195.3125,77608808.5938,30797417221.48,16399517343.95,5.59318,10.026028,0.0,10.0,18.182327,1,2026-03-20,2026-10-02,mootdx,2026-10-02T10:02:03.930854+08:00,2026-06-22,2026-06-23,xdxr_capital_history,current_mootdx_f10,3.719653589513028,ok,ok,early,train,below_one_lot,,,,,,,,,,,,,,,,,,,,,,,,,,,
2026-01-05,sh:stock:603127,603127,昭衍新药,sh,main,医药生物,35.29,38.51,35.02,38.51,35.01,38.51,275268.0,1032891712.0,749477343.75,630482109.375,28862372507.81,24279866032.03,4.365992,9.96858,0.799771,9.997144,3.023007,1,2026-01-07,2026-10-02,mootdx,2026-10-02T10:02:03.930854+08:00,2026-01-06,2026-01-07,xdxr_capital_history,current_mootdx_f10,3.349779278109577,ok,ok,early,train,filled_proxy,09:31,09:32,1,39.59,39.63,200,11724.0,0.0170590242238144,41.98,-3.0513531899818758,4.707540449167058,filled_proxy,09:32,39.58,39.62,7075.0,early_exit,-0.3040748832461082,41.73,filled_proxy,14:56,41.55,41.6,2606.0,end_of_day_exit,4.6611895793864155,41.73
2026-08-07,sh:stock:603127,603127,昭衍新药,sh,main,医药生物,46.2,50.89,46.2,50.89,46.26,50.89,595284.0,2888425216.0,749348203.125,627716718.75,38134330057.03,31944503817.19,9.483322,10.138348,-0.129702,10.008647,22.508426,1,2026-07-22,2026-10-02,mootdx,2026-10-02T10:02:03.930854+08:00,2026-08-10,2026-08-11,xdxr_capital_history,current_mootdx_f10,4.146197681273334,ok,ok,early,validation,filled_proxy,09:31,09:32,1,52.88,52.94,100,34968.0,0.0028597574925646307,55.47,-1.2403320129879658,0.6581518879862358,filled_proxy,09:32,52.29,52.35,26909.0,early_exit,-1.4666720804642486,55.78,filled_proxy,14:56,51.1,51.160000000000004,2758.0,end_of_day_exit,-3.7112110829373934,55.78
2026-08-07,sh:stock:603137,603137,恒尚节能,sh,main,建筑装饰,24.5,27.5,24.28,27.5,25.0,27.5,248016.0,666293568.0,182933339.8438,182933339.8438,5030666845.7,5030666845.7,13.557725,12.88,-2.0,10.0,10.0,1,2026-04-20,2026-10-02,mootdx,2026-10-02T10:02:03.930854+08:00,2026-08-10,2026-08-11,xdxr_capital_history,current_mootdx_f10,3.054545454545443,ok,ok,early,validation,observed_breach_before_fill,,,,,,,,,,,,,,,,,,,,,,,,,,,
2026-03-09,sh:stock:603138,603138,海量数据,sh,main,计算机,20.9,23.29,20.47,23.29,21.17,23.29,441272.0,999854656.0,293872714.8438,288342851.5625,6844295528.71,6715505012.89,15.303726,13.320737,-1.27539,10.014171,4.439462,1,2026-07-02,2026-10-02,mootdx,2026-10-02T10:02:03.930854+08:00,2026-03-10,2026-03-11,xdxr_capital_history,current_mootdx_f10,3.993130098754838,ok,ok,early,train,filled_proxy,09:31,09:32,1,24.310000000000002,24.34,300,34848.0,0.008608815426997245,25.39,-3.84094793129629,-2.092439241834765,filled_proxy,09:32,23.32,23.35,13842.0,early_exit,-4.374405170512452,25.63,filled_proxy,14:56,23.19,23.22,3413.0,end_of_day_exit,-4.907862409728592,25.63
2026-06-17,sh:stock:603139,603139,康惠股份,sh,main,医药生物,40.9,44.13,40.12,44.13,40.12,44.13,53450.0,228514576.0,99880000.0,99880000.0,4407704400.0,4407704400.0,5.351422,9.995015,1.944167,9.995015,16.499472,1,2026-08-12,2026-10-02,mootdx,2026-10-02T10:02:03.930854+08:00,2026-06-18,2026-06-22,xdxr_capital_history,current_mootdx_f10,4.237480172218433,ok,ok,early,train,filled_proxy,09:31,09:32,1,44.87,44.92,200,2382.0,0.08396305625524769,48.1,0.37049179163615165,0.3811437201077128,filled_proxy,09:32,43.15,43.2,2740.0,early_exit,-4.099315354044785,47.29,filled_proxy,14:56,41.79,41.84,236.0,end_of_day_exit,-7.123662477490611,47.29
2026-05-06,sh:stock:603156,603156,养元饮品,sh,main,食品饮料,38.97,41.31,38.22,41.31,37.55,41.31,146539.0,595004672.0,1260277578.125,1260277578.125,52062066752.34,52062066752.34,1.162752,8.229028,3.781625,10.013316,27.736549,1,2025-01-03,2026-10-02,mootdx,2026-10-02T10:02:03.930854+08:00,2026-05-07,2026-05-08,xdxr_capital_history,current_mootdx_f10,3.6068748487048996,ok,ok,early,train,filled_proxy,09:31,09:32,1,43.17,43.22,200,12924.0,0.01547508511296812,45.03,-5.1597884134454315,-4.4927519330006715,filled_proxy,09:32,40.99,41.04,5069.0,early_exit,-5.32157266773714,45.5,filled_proxy,14:56,40.71,40.76,625.0,end_of_day_exit,-5.968709684904006,45.5
2026-07-22,sh:stock:603162,603162,海通发展,sh,main,交通运输,10.34,11.28,10.23,11.28,10.25,11.28,302642.0,334262432.0,1375615156.25,421842031.25,15516938962.5,4758378112.5,7.174297,10.243902,0.878049,10.04878,0.355872,1,2026-08-04,2026-10-02,mootdx,2026-10-02T10:02:03.930854+08:00,2026-07-23,2026-07-24,xdxr_capital_history,current_mootdx_f10,3.546099290780136,ok,ok,early,validation,filled_proxy,09:31,09:32,1,11.83,11.85,800,41954.0,0.019068503599180053,12.3,-3.6136941931250055,-2.783762241364207,filled_proxy,09:32,11.18,11.200000000000001,13030.0,early_exit,-5.805490104326639,12.48,filled_proxy,14:56,11.03,11.05,3217.0,end_of_day_exit,-7.069987745404505,12.48
2026-02-09,sh:stock:603163,603163,圣晖集成,sh,main,建筑装饰,104.17,111.86,102.6,111.86,101.69,111.86,37666.0,409165600.0,100000000.0,100000000.0,11186000000.0,11186000000.0,3.7666,9.106107,2.438785,10.000983,8.792064,1,2025-10-13,2026-10-02,mootdx,2026-10-02T10:02:03.930854+08:00,2026-02-10,2026-02-11,xdxr_capital_history,current_mootdx_f10,3.3434650455927084,ok,ok,early,train,below_one_lot,,,,,,,,,,,,,,,,,,,,,,,,,,,
2026-06-26,sh:stock:603163,603163,圣晖集成,sh,main,建筑装饰,123.21,135.58,120.55,135.58,123.25,135.58,36841.0,486865824.0,100000000.0,100000000.0,13558000000.0,13558000000.0,3.6841,12.194726,-0.032454,10.004057,20.152428,1,2025-10-13,2026-10-02,mootdx,2026-10-02T10:02:03.930854+08:00,2026-06-29,2026-06-30,xdxr_capital_history,current_mootdx_f10,3.4813394305944767,ok,ok,early,train,below_one_lot,,,,,,,,,,,,,,,,,,,,,,,,,,,
2026-03-04,sh:stock:603175,603175,超颖电子,sh,main,电子,71.0,79.64,71.0,79.64,72.4,79.64,63235.0,492309856.0,437029335.9375,43999306.6406,34805016314.06,3504104780.86,14.371817,11.933702,-1.933702,10.0,9.110837,1,2026-04-24,2026-10-02,mootdx,2026-10-02T10:02:03.930854+08:00,2026-03-05,2026-03-06,xdxr_capital_history,current_mootdx_f10,3.0010045203415325,ok,ok,early,train,filled_proxy,09:31,09:32,1,79.93,80.01,100,2344.0,0.042662116040955635,86.81,-2.04949263303702,2.6665524276967556,filled_proxy,09:32,77.52,77.60000000000001,1191.0,early_exit,-3.285422200021215,84.24,filled_proxy,14:56,80.08,80.17,325.0,end_of_day_exit,-0.08948311771868056,84.24
2026-04-30,sh:stock:603178,603178,圣龙股份,sh,main,汽车,17.52,19.46,17.4,19.46,17.69,19.46,242626.0,458440192.0,236411875.0,236411875.0,4600575087.5,4600575087.5,10.262852,11.644997,-0.960995,10.005653,1.991614,1,2023-06-14,2026-10-02,mootdx,2026-10-02T10:02:03.930854+08:00,2026-05-06,2026-05-07,xdxr_capital_history,current_mootdx_f10,3.9568345323740983,ok,ok,early,train,filled_proxy,09:31,09:32,1,20.59,20.62,400,21986.0,0.01819339579732557,21.21,-5.695525291781644,-0.5633837523455809,filled_proxy,09:32,19.46,19.48,11854.0,early_exit,-5.792409335039128,21.71,filled_proxy,14:56,20.19,20.22,2628.0,end_of_day_exit,-2.2561417561405284,21.71
2026-01-09,sh:stock:603179,603179,新泉股份,sh,main,汽车,78.04,85.83,76.2,85.83,78.03,85.83,324133.0,2629643520.0,510141875.0,510141875.0,43785477131.25,43785477131.25,6.353781,12.341407,0.012816,9.996155,16.174878,1,2026-05-20,2026-10-02,mootdx,2026-10-02T10:02:03.930854+08:00,2026-01-12,2026-01-13,xdxr_capital_history,current_mootdx_f10,4.112781078876848,ok,ok,early,train,filled_proxy,09:31,09:32,1,88.04,88.13,100,5514.0,0.018135654697134566,93.55,-4.676521417347179,-2.609168762526304,filled_proxy,09:32,83.54,83.63,1461.0,early_exit,-5.36792854666105,92.78,filled_proxy,14:56,83.37,83.46000000000001,574.0,end_of_day_exit,-5.560615779420663,92.78
2026-07-14,sh:stock:603186,603186,华正新材,sh,main,电子,161.72,177.01,161.7,177.01,160.92,177.01,207615.0,3583366400.0,156790517.5781,156790517.5781,27753489516.5,27753489516.5,13.241553,9.514044,0.497141,9.998757,-4.349941,1,2026-02-13,2026-10-02,mootdx,2026-10-02T10:02:03.930854+08:00,2026-07-15,2026-07-16,xdxr_capital_history,current_mootdx_f10,3.722953505451665,ok,ok,early,validation,below_one_lot,,,,,,,,,,,,,,,,,,,,,,,,,,,
2026-08-07,sh:stock:603186,603186,华正新材,sh,main,电子,132.3,143.0,132.3,143.0,130.0,143.0,170182.0,2343854848.0,156790517.5781,156790517.5781,22421044013.67,22421044013.67,10.8541,8.230769,1.769231,10.0,32.419668,1,2026-02-13,2026-10-02,mootdx,2026-10-02T10:02:03.930854+08:00,2026-08-10,2026-08-11,xdxr_capital_history,current_mootdx_f10,4.895104895104896,ok,ok,early,validation,below_one_lot,,,,,,,,,,,,,,,,,,,,,,,,,,,
2026-09-15,sh:stock:603186,603186,华正新材,sh,main,电子,239.7,251.57,239.7,251.57,228.7,251.57,99532.0,2483687424.0,156790517.5781,156790517.5781,39443790507.13,39443790507.13,6.348088,5.190206,4.809794,10.0,30.495902,1,2026-02-13,2026-10-02,mootdx,2026-10-02T10:02:03.930854+08:00,2026-09-16,2026-09-17,xdxr_capital_history,current_mootdx_f10,3.3509559963429636,ok,ok,early,holdout,below_one_lot,,,,,,,,,,,,,,,,,,,,,,,,,,,
2026-09-15,sh:stock:603200,603200,上海洗霸,sh,main,环保,37.98,39.81,37.5,39.81,36.19,39.81,51724.0,203153344.0,175480097.6563,175480097.6563,6985862687.7,6985862687.7,2.947571,6.382979,4.946118,10.002763,-2.641233,1,2024-12-09,2026-10-02,mootdx,2026-10-02T10:02:03.930854+08:00,2026-09-16,2026-09-17,xdxr_capital_history,current_mootdx_f10,3.391107761868861,ok,ok,early,holdout,filled_proxy,09:31,09:32,1,39.96,40.0,200,4910.0,0.04073319755600815,43.39,0.3475115801466089,0.7210836219000871,filled_proxy,09:32,40.15,40.2,4150.0,early_exit,0.19768322115456538,42.12,filled_proxy,14:56,39.79,39.83,395.0,end_of_day_exit,-0.7012869327976734,42.12
2026-06-08,sh:stock:603203,603203,快克智能,sh,main,机械设备,54.3,55.86,51.05,55.86,50.78,55.86,150473.0,816606208.0,330024648.4375,323899316.4063,18435176861.72,18093015814.45,4.645672,9.472233,6.931863,10.003939,-18.571429,1,2026-07-17,2026-10-02,mootdx,2026-10-02T10:02:03.930854+08:00,2026-06-09,2026-06-10,xdxr_capital_history,current_mootdx_f10,3.5087719298245723,ok,ok,early,train,filled_proxy,09:31,09:32,1,55.910000000000004,55.97,100,9273.0,0.010783996549121103,60.89,-7.759565815262648,-1.2571472407120532,filled_proxy,09:32,51.31,51.370000000000005,6916.0,early_exit,-8.544591174443417,58.96,filled_proxy,14:56,55.2,55.26,2874.0,end_of_day_exit,-1.6042533398680114,58.96
2026-07-03,sh:stock:603211,603211,晋拓股份,sh,main,汽车,33.35,35.94,33.01,35.94,32.67,35.94,76752.0,271229376.0,271808007.8125,271808007.8125,9768779800.78,9768779800.78,2.823758,8.968473,2.08142,10.009183,5.799235,1,2025-07-25,2026-10-02,mootdx,2026-10-02T10:02:03.930854+08:00,2026-07-06,2026-07-07,xdxr_capital_history,current_mootdx_f10,3.8953811908736924,ok,ok,early,validation,filled_proxy,09:31,09:35,4,39.03,39.07,200,9883.0,0.02023677021147425,39.17,-0.10316228915445702,7.944089858910153,filled_proxy,09:32,39.96,40.0,9746.0,early_exit,2.0954636475854382,41.14,filled_proxy,09:38,41.14,41.4,10944.0,precommitted_target,5.112182956135536,41.14
2026-01-23,sh:stock:603212,603212,赛伍技术,sh,main,电力设备,15.02,16.24,15.02,16.24,14.76,16.24,399795.0,638009472.0,437490625.0,437490625.0,7104847750.0,7104847750.0,9.138367,8.265583,1.761518,10.0271,6.631648,1,2024-03-12,2026-10-02,mootdx,2026-10-02T10:02:03.930854+08:00,2026-01-26,2026-01-27,xdxr_capital_history,current_mootdx_f10,4.4334975369458185,ok,ok,early,train,filled_proxy,09:31,09:32,1,16.97,16.99,500,73481.0,0.006804480069677876,17.7,-8.459419573212623,2.549735162940925,filled_proxy,09:32,15.57,15.59,23469.0,early_exit,-8.518212515040801,17.89,unfilled_d3,,,,,limit_down_or_capacity,,17.89
2026-01-16,sh:stock:603216,603216,梦天家居,sh,main,轻工制造,44.32,49.16,44.32,49.16,44.69,49.16,72760.0,348306272.0,222690000.0,222690000.0,10947440400.0,10947440400.0,3.267322,10.830163,-0.827926,10.002238,16.492891,1,2025-06-16,2026-10-02,mootdx,2026-10-02T10:02:03.930854+08:00,2026-01-19,2026-01-20,xdxr_capital_history,current_mootdx_f10,3.7225386493083823,ok,ok,early,train,filled_proxy,09:31,09:32,1,49.29,49.34,100,2628.0,0.0380517503805175,53.58,2.173963299585102,11.047702632992928,filled_proxy,09:32,51.59,51.65,2291.0,early_exit,4.298794269587125,51.99,filled_proxy,09:38,51.99,52.4,2513.0,precommitted_target,5.108253686730735,51.99
2026-09-22,sh:stock:603216,603216,梦天家居,sh,main,轻工制造,20.89,22.75,20.77,22.75,20.68,22.75,94771.0,212778848.0,222690000.0,222690000.0,5066197500.0,5066197500.0,4.255737,9.574468,1.015474,10.009671,3.503185,1,2025-06-16,2026-10-02,mootdx,2026-10-02T10:02:03.930854+08:00,2026-09-23,2026-09-24,xdxr_capital_history,current_mootdx_f10,3.296703296703307,ok,ok,early,holdout,filled_proxy,09:31,09:32,1,23.86,23.89,400,8873.0,0.045080581539501854,24.8,0.30340079563015987,5.2993582346331,filled_proxy,09:32,24.29,24.32,6297.0,early_exit,1.51603212299658,25.15,filled_proxy,14:56,23.4,23.43,1006.0,end_of_day_exit,-2.205491605817611,25.15
2026-09-01,sh:stock:603221,603221,爱丽家居,sh,main,轻工制造,29.52,30.55,29.31,30.55,27.77,30.55,90186.0,272920544.0,242270000.0,242270000.0,7401348500.0,7401348500.0,3.722541,4.46525,6.301764,10.010803,13.484398,1,2026-07-24,2026-10-02,mootdx,2026-10-02T10:02:03.930854+08:00,2026-09-02,2026-09-03,xdxr_capital_history,current_mootdx_f10,4.746317512274967,ok,ok,early,holdout,filled_proxy,09:31,09:32,1,33.08,33.12,300,15348.0,0.019546520719311962,33.3,-9.593383945415079,-8.810007177717216,unfilled_d3,,,,,limit_down_or_capacity,,34.87,unfilled_d3,,,,,limit_down_or_capacity,,34.87
2026-07-09,sh:stock:603222,603222,济民健康,sh,main,医药生物,9.0,10.12,8.86,10.12,9.2,10.12,554505.0,537976512.0,525090625.0,525090625.0,5313917125.0,5313917125.0,10.560177,13.695652,-2.173913,10.0,23.414634,1,2024-10-09,2026-10-02,mootdx,2026-10-02T10:02:03.930854+08:00,2026-07-10,2026-07-13,xdxr_capital_history,current_mootdx_f10,3.5573122529644285,ok,ok,early,validation,filled_proxy,09:31,09:32,1,10.89,10.91,900,40666.0,0.022131510352628732,11.03,-11.416226592091917,-7.571514709280402,filled_proxy,09:32,9.68,9.69,16500.0,early_exit,-11.416226592091917,11.49,filled_proxy,14:56,9.01,9.02,2877.0,end_of_day_exit,-17.551064195949373,11.49
2026-08-12,sh:stock:603228,603228,景旺电子,sh,main,电子,88.91,98.21,88.5,98.21,89.28,98.21,664306.0,6144858112.0,1001196093.75,981913515.625,98327468367.19,96433726369.53,6.765423,10.875896,-0.414427,10.00224,25.156111,1,2026-09-21,2026-10-02,mootdx,2026-10-02T10:02:03.930854+08:00,2026-08-13,2026-08-14,xdxr_capital_history,current_mootdx_f10,3.8590774870176148,ok,ok,early,validation,below_one_lot,,,,,,,,,,,,,,,,,,,,,,,,,,,
2026-01-12,sh:stock:603232,603232,格尔软件,sh,main,计算机,24.5,26.73,24.44,26.73,24.3,26.73,374289.0,958262656.0,234082187.5,231300000.0,6257016871.88,6182649000.0,16.181971,9.423868,0.823045,10.0,15.314927,1,2026-07-16,2026-10-02,mootdx,2026-10-02T10:02:03.930854+08:00,2026-01-13,2026-01-14,xdxr_capital_history,current_mootdx_f10,4.264870931537601,ok,ok,early,train,filled_proxy,09:31,09:32,1,27.21,27.24,300,23597.0,0.012713480527185659,29.14,-7.948129935039949,1.3010510002583464,filled_proxy,09:32,25.45,25.48,5075.0,early_exit,-6.738046516673424,28.68,filled_proxy,14:56,27.13,27.16,2130.0,end_of_day_exit,-0.5776218413529488,28.68
2026-05-06,sh:stock:603248,603248,锡华科技,sh,main,电力设备,26.12,28.17,26.12,28.17,25.61,28.17,128285.0,356039680.0,460000000.0,69308916.0156,12958200000.0,1952432164.16,18.509163,8.004686,1.99141,9.996095,12.634946,1,2026-06-23,2026-10-02,mootdx,2026-10-02T10:02:03.930854+08:00,2026-05-07,2026-05-08,xdxr_capital_history,current_mootdx_f10,3.301384451544198,ok,ok,early,train,filled_proxy,09:31,09:32,1,28.75,28.78,300,7856.0,0.03818737270875763,30.71,2.2271423438511295,6.008286638677118,filled_proxy,09:32,29.66,29.69,4263.0,early_exit,2.8865978436326323,30.3,filled_proxy,09:57,30.3,30.5,4014.0,precommitted_target,5.107921632370216,30.3
2026-01-21,sh:stock:603256,603256,宏和科技,sh,main,建筑材料,38.66,43.12,38.56,43.12,39.2,43.12,365703.0,1504522240.0,879727500.0,879727500.0,37933849800.0,37933849800.0,4.157003,11.632653,-1.377551,10.0,19.512195,1,2026-03-04,2026-10-02,mootdx,2026-10-02T10:02:03.930854+08:00,2026-01-22,2026-01-23,xdxr_capital_history,current_mootdx_f10,4.661410018552892,ok,ok,early,train,filled_proxy,09:31,09:32,1,45.87,45.92,200,19360.0,0.010330578512396695,47.0,4.646801962967428,8.627732259339371,filled_proxy,09:32,46.52,46.57,15959.0,early_exit,1.1444343122377632,48.34,filled_proxy,09:52,48.34,48.58,3910.0,precommitted_target,5.1036325261061055,48.34
2026-02-11,sh:stock:603256,603256,宏和科技,sh,main,建筑材料,63.0,66.61,63.0,66.61,60.55,66.61,171503.0,1129070336.0,879727500.0,879727500.0,58598648775.0,58598648775.0,1.949501,5.962015,4.046243,10.008258,17.727112,1,2026-03-04,2026-10-02,mootdx,2026-10-02T10:02:03.930854+08:00,2026-02-12,2026-02-13,xdxr_capital_history,current_mootdx_f10,4.999249361957658,ok,ok,early,train,filled_proxy,09:31,09:32,1,71.45,71.53,100,16288.0,0.006139489194499017,72.6,2.2099907682817,7.017813571220355,filled_proxy,09:32,75.03,75.11,15929.0,early_exit,4.695425836293632,75.32,filled_proxy,09:34,75.32,75.8,11331.0,precommitted_target,5.100356268722539,75.32
2026-02-24,sh:stock:603256,603256,宏和科技,sh,main,建筑材料,75.17,78.76,74.0,78.76,71.6,78.76,202578.0,1544201088.0,879727500.0,879727500.0,69287337900.0,69287337900.0,2.302736,6.648045,4.986034,10.0,38.175439,1,2026-03-04,2026-10-02,mootdx,2026-10-02T10:02:03.930854+08:00,2026-02-25,2026-02-26,xdxr_capital_history,current_mootdx_f10,4.735906551549007,ok,ok,early,train,filled_proxy,09:31,09:32,1,81.2,81.29,100,11799.0,0.008475294516484448,85.85,0.07084659956722028,5.298235190491907,filled_proxy,09:32,79.07,79.15,15395.0,early_exit,-2.90277231788032,85.59,filled_proxy,13:12,85.59,85.83,835.0,precommitted_target,5.1087960051601655,85.59
2026-05-28,sh:stock:603267,603267,鸿远电子,sh,main,国防军工,63.48,70.06,63.36,70.06,63.69,70.06,228333.0,1549062144.0,231080898.4375,231080898.4375,16189527744.53,16189527744.53,9.881085,10.519705,-0.329722,10.00157,18.765893,1,2024-10-29,2026-10-02,mootdx,2026-10-02T10:02:03.930854+08:00,2026-05-29,2026-06-01,xdxr_capital_history,current_mootdx_f10,4.224950042820441,ok,ok,early,train,filled_proxy,09:31,09:32,1,71.3,71.38,100,9969.0,0.010031096398836392,76.37,-5.998821616143502,3.370516423426806,filled_proxy,09:32,70.08,70.16,4944.0,early_exit,-2.0109761243909174,75.17,filled_proxy,14:56,71.67,71.75,1871.0,end_of_day_exit,0.2138218867973718,75.17
2026-06-15,sh:stock:603267,603267,鸿远电子,sh,main,国防军工,63.0,68.42,63.0,68.42,62.2,68.42,143981.0,964994368.0,231080898.4375,231080898.4375,15810555071.09,15810555071.09,6.230762,8.713826,1.286174,10.0,1.633987,1,2024-10-29,2026-10-02,mootdx,2026-10-02T10:02:03.930854+08:00,2026-06-16,2026-06-17,xdxr_capital_history,current_mootdx_f10,4.253142356036244,ok,ok,early,train,filled_proxy,09:31,09:32,1,72.84,72.92,100,13558.0,0.007375719132615431,74.58,-2.449032536185747,3.1046082159749133,filled_proxy,09:32,73.2,73.28,5654.0,early_exit,0.19451470686413508,76.79,filled_proxy,14:56,74.97,75.05,1951.0,end_of_day_exit,2.618907774324386,76.79
2026-04-14,sh:stock:603269,603269,海鸥股份,sh,main,机械设备,14.65,16.01,14.52,16.01,14.55,16.01,288624.0,444557600.0,308751777.3438,308751777.3438,4943115955.27,4943115955.27,9.348092,10.24055,0.687285,10.034364,23.438705,1,2026-06-30,2026-10-02,mootdx,2026-10-02T10:02:03.930854+08:00,2026-04-15,2026-04-16,xdxr_capital_history,current_mootdx_f10,3.6851967520299844,ok,ok,early,train,filled_proxy,09:31,09:32,1,16.35,16.37,500,20952.0,0.023864070255822833,17.45,-4.079238841794974,-3.443733083693179,filled_proxy,09:32,15.58,15.6,8621.0,early_exit,-4.994513577419257,17.24,filled_proxy,14:56,15.43,15.450000000000001,2346.0,end_of_day_exit,-5.90978831304354,17.24
2026-05-06,sh:stock:603269,603269,海鸥股份,sh,main,机械设备,14.93,16.41,14.9,16.41,14.92,16.41,205129.0,329522176.0,308751777.3438,308751777.3438,5066616666.21,5066616666.21,6.643816,10.120643,0.067024,9.986595,11.480978,1,2026-06-30,2026-10-02,mootdx,2026-10-02T10:02:03.930854+08:00,2026-05-07,2026-05-08,xdxr_capital_history,current_mootdx_f10,3.351614868982322,ok,ok,early,train,filled_proxy,09:31,09:32,1,16.81,16.83,500,14888.0,0.033584094572810315,17.89,0.8975955424388449,1.4488526887228348,filled_proxy,09:32,17.04,17.06,5183.0,early_exit,1.075650176251508,17.72,filled_proxy,14:56,16.84,16.86,1253.0,end_of_day_exit,-0.11138071583287612,17.72
2026-08-12,sh:stock:603269,603269,海鸥股份,sh,main,机械设备,16.0,17.56,15.88,17.56,15.96,17.56,404463.0,683175488.0,431945507.8125,431945507.8125,7584963117.19,7584963117.19,9.363751,10.526316,0.250627,10.025063,39.808917,1,2026-06-30,2026-10-02,mootdx,2026-10-02T10:02:03.930854+08:00,2026-08-13,2026-08-14,xdxr_capital_history,current_mootdx_f10,3.1321184510250566,ok,ok,early,validation,filled_proxy,09:31,09:32,1,18.31,18.33,500,18934.0,0.026407520861941484,19.14,-4.030327766680497,-2.9830536464703905,filled_proxy,09:32,17.4,17.42,8953.0,early_exit,-5.229267801265647,19.3,filled_proxy,14:56,17.67,17.69,1163.0,end_of_day_exit,-3.7578413951838696,19.3
2026-08-27,sh:stock:603269,603269,海鸥股份,sh,main,机械设备,18.37,20.16,18.16,20.16,18.33,20.16,266621.0,518272608.0,431945507.8125,431945507.8125,8708021437.5,8708021437.5,6.172561,10.911075,0.218221,9.983633,15.265866,1,2026-06-30,2026-10-02,mootdx,2026-10-02T10:02:03.930854+08:00,2026-08-28,2026-08-31,xdxr_capital_history,current_mootdx_f10,4.166666666666674,ok,ok,early,validation,no_pre10_fill_proxy,,,,,,,,,,,,,,,,,,,,,,,,,,,
2026-09-02,sh:stock:603270,603270,金帝股份,sh,main,机械设备,28.88,31.77,28.2,31.77,28.88,31.77,158794.0,487265088.0,219106660.1563,70716665.0391,6961018593.16,2246668448.29,22.454962,12.361496,0.0,10.006925,15.025344,1,2026-09-18,2026-10-02,mootdx,2026-10-02T10:02:03.930854+08:00,2026-09-03,2026-09-04,xdxr_capital_history,current_mootdx_f10,3.8715769593956617,ok,ok,early,holdout,filled_proxy,09:31,09:32,1,33.4,33.44,200,13808.0,0.014484356894553881,34.63,8.310563004563898,14.646875034662754,filled_proxy,09:32,36.56,36.6,36235.0,early_exit,9.116956560278688,35.22,filled_proxy,09:32,35.22,36.6,36235.0,precommitted_target,5.114855209694236,35.22
2026-01-14,sh:stock:603280,603280,南方路机,sh,main,机械设备,38.1,41.83,38.08,41.83,38.03,41.83,90838.0,363562304.0,108406669.9219,27941667.4805,4534651002.83,1168799950.71,32.509871,9.860636,0.184065,9.992111,9.674882,1,2026-05-08,2026-10-02,mootdx,2026-10-02T10:02:03.930854+08:00,2026-01-15,2026-01-16,xdxr_capital_history,current_mootdx_f10,3.5620368156825233,ok,ok,early,train,filled_proxy,09:31,09:32,1,43.480000000000004,43.53,200,6933.0,0.028847540747151307,45.59,-7.1428173741613366,-0.22080732022899952,filled_proxy,09:32,40.84,40.89,1422.0,early_exit,-6.33965354950774,45.83,filled_proxy,14:56,42.17,42.22,766.0,end_of_day_exit,-3.2876310158240996,45.83
2026-01-16,sh:stock:603283,603283,赛腾股份,sh,main,机械设备,45.01,49.13,45.01,49.13,44.66,49.13,342699.0,1618122240.0,271174023.4375,271174023.4375,13322779771.48,13322779771.48,12.637604,9.225258,0.783699,10.008957,10.280584,1,2026-06-01,2026-10-02,mootdx,2026-10-02T10:02:03.930854+08:00,2026-01-19,2026-01-20,xdxr_capital_history,current_mootdx_f10,3.806228373702414,ok,ok,early,train,filled_proxy,09:31,09:32,1,53.17,53.23,100,23690.0,0.004221190375685944,53.55,0.1355436908801133,2.977533597200921,filled_proxy,09:32,53.45,53.51,22484.0,early_exit,0.1730617094454212,56.08,filled_proxy,14:56,52.21,52.27,1356.0,end_of_day_exit,-2.153055441602636,56.08
2026-06-17,sh:stock:603283,603283,赛腾股份,sh,main,机械设备,56.0,63.06,55.69,63.06,57.33,63.06,330566.0,1981130112.0,352526250.0,352526250.0,22230305325.0,22230305325.0,9.377061,12.855399,-2.319902,9.994767,27.239709,1,2026-06-01,2026-10-02,mootdx,2026-10-02T10:02:03.930854+08:00,2026-06-18,2026-06-22,xdxr_capital_history,current_mootdx_f10,3.1715826197272534,ok,ok,early,train,filled_proxy,09:31,09:32,1,64.59,64.66,100,13899.0,0.007194762213108857,68.74,-1.5039175949139727,1.221213854321146,filled_proxy,09:32,63.45,63.52,8739.0,early_exit,-2.0754020714730426,68.1,filled_proxy,14:56,64.88,64.95,2387.0,end_of_day_exit,0.13330820279580102,68.1
2026-05-13,sh:stock:603290,603290,斯达半导,sh,main,电子,111.51,124.44,110.23,124.44,113.13,124.44,154290.0,1828863872.0,239473457.0313,239473457.0313,29800076992.97,29800076992.97,6.442885,12.560771,-1.431981,9.997348,18.356477,1,2025-03-31,2026-10-02,mootdx,2026-10-02T10:02:03.930854+08:00,2026-05-14,2026-05-15,xdxr_capital_history,current_mootdx_f10,4.468016714882683,ok,ok,early,train,below_one_lot,,,,,,,,,,,,,,,,,,,,,,,,,,,
2026-06-01,sh:stock:603296,603296,华勤技术,sh,main,电子,112.1,117.04,112.0,117.04,106.4,117.04,248435.0,2857797632.0,1106482031.25,570487460.9375,129502656937.5,66769852428.13,4.354785,4.736842,5.357143,10.0,4.733781,1,2026-06-17,2026-10-02,mootdx,2026-10-02T10:02:03.930854+08:00,2026-06-02,2026-06-03,xdxr_capital_history,current_mootdx_f10,3.9644565960355482,ok,ok,early,train,below_one_lot,,,,,,,,,,,,,,,,,,,,,,,,,,,
2026-06-24,sh:stock:603297,603297,永新光学,sh,main,电子,120.0,132.89,117.85,132.89,120.81,132.89,32310.0,410577792.0,110936699.2188,110729101.5625,14742377959.18,14714790306.64,2.917932,12.449301,-0.670474,9.999172,7.152072,1,2026-07-10,2026-10-02,mootdx,2026-10-02T10:02:03.930854+08:00,2026-06-25,2026-06-26,xdxr_capital_history,current_mootdx_f10,3.0024832568289694,ok,ok,early,train,below_one_lot,,,,,,,,,,,,,,,,,,,,,,,,,,,
2026-02-09,sh:stock:603301,603301,振德医疗,sh,main,医药生物,74.55,80.69,74.52,80.69,73.35,80.69,46790.0,373119456.0,265835527.3438,265835527.3438,21450268701.37,21450268701.37,1.760111,8.411725,1.635992,10.006817,20.18171,1,2026-04-07,2026-10-02,mootdx,2026-10-02T10:02:03.930854+08:00,2026-02-10,2026-02-11,xdxr_capital_history,current_mootdx_f10,4.994423100755974,ok,ok,early,train,filled_proxy,09:31,09:32,1,86.93,87.02,100,4844.0,0.020644095788604457,87.95,1.6583487642690464,8.116077847927583,filled_proxy,09:32,89.91,90.0,2708.0,early_exit,3.1506239614910836,91.61,filled_proxy,09:34,91.61,91.84,1945.0,precommitted_target,5.102060757858373,91.61
2026-07-03,sh:stock:603303,603303,得邦照明,sh,main,家用电器,22.51,24.76,22.5,24.76,22.51,24.76,148380.0,359515808.0,476944570.3125,476944570.3125,11809147560.94,11809147560.94,3.111053,10.039982,0.0,9.995558,-11.413238,1,2021-06-18,2026-10-02,mootdx,2026-10-02T10:02:03.930854+08:00,2026-07-06,2026-07-07,xdxr_capital_history,current_mootdx_f10,3.6752827140549282,ok,ok,early,validation,filled_proxy,09:31,09:32,1,25.8,25.83,300,3030.0,0.09900990099009901,26.99,1.1338357156397638,2.3074577824473197,filled_proxy,09:32,26.26,26.29,1275.0,early_exit,1.4818620286963569,27.2,filled_proxy,14:56,24.12,24.150000000000002,730.0,end_of_day_exit,-6.793430303983183,27.2
2026-06-02,sh:stock:603311,603311,金海高科,sh,main,家用电器,30.82,34.1,29.4,34.1,31.0,34.1,209368.0,663937984.0,235883906.25,235883906.25,8043641203.13,8043641203.13,8.875892,15.16129,-0.580645,10.0,16.660965,1,2023-07-03,2026-10-02,mootdx,2026-10-02T10:02:03.930854+08:00,2026-06-03,2026-06-04,xdxr_capital_history,current_mootdx_f10,3.8123167155425186,ok,ok,early,train,observed_breach_before_fill,,,,,,,,,,,,,,,,,,,,,,,,,,,
2026-07-21,sh:stock:603311,603311,金海高科,sh,main,家用电器,23.0,24.71,20.38,24.71,22.46,24.71,94681.0,214402912.0,235883906.25,235883906.25,5828691323.44,5828691323.44,4.013881,19.278718,2.404274,10.017809,-12.530973,1,2023-07-03,2026-10-02,mootdx,2026-10-02T10:02:03.930854+08:00,2026-07-22,2026-07-23,xdxr_capital_history,current_mootdx_f10,4.006475111290975,ok,ok,early,validation,filled_proxy,09:31,09:32,1,25.18,25.21,300,2091.0,0.1434720229555237,26.93,-3.71027727163451,4.505242401495391,filled_proxy,09:32,24.42,24.45,1739.0,early_exit,-3.314077478372124,26.55,filled_proxy,14:57,25.73,25.76,370.0,end_of_day_exit,1.876139813364941,26.55
2026-03-04,sh:stock:603316,603316,诚邦股份,sh,main,建筑装饰,13.07,14.53,13.06,14.53,13.21,14.53,159984.0,224423920.0,264264003.9063,264264003.9063,3839755976.76,3839755976.76,6.053946,11.127933,-1.059803,9.99243,1.679496,1,2026-07-15,2026-10-02,mootdx,2026-10-02T10:02:03.930854+08:00,2026-03-05,2026-03-06,xdxr_capital_history,current_mootdx_f10,3.7164487267721924,ok,ok,early,train,filled_proxy,09:31,09:32,1,14.92,14.94,600,7858.0,0.07635530669381523,15.84,2.8453391619798873,13.095731571258984,filled_proxy,09:32,15.76,15.780000000000001,9004.0,early_exit,5.319244417764568,15.73,filled_proxy,09:32,15.73,15.780000000000001,9004.0,precommitted_target,5.118657505133384,15.73
2026-09-18,sh:stock:603316,603316,诚邦股份,sh,main,建筑装饰,15.48,16.69,15.34,16.69,15.17,16.69,409505.0,673294272.0,269999003.9063,264264003.9063,4506283375.2,4410566225.2,15.496057,8.899143,2.043507,10.019776,8.871494,1,2026-07-15,2026-10-02,mootdx,2026-10-02T10:02:03.930854+08:00,2026-09-21,2026-09-22,xdxr_capital_history,current_mootdx_f10,4.613541042540437,ok,ok,early,holdout,no_pre10_fill_proxy,,,,,,,,,,,,,,,,,,,,,,,,,,,
2026-02-27,sh:stock:603318,603318,水发燃气,sh,main,公用事业,7.29,8.02,7.21,8.02,7.29,8.02,556914.0,433640384.0,459070937.5,459070937.5,3681748918.75,3681748918.75,12.131328,11.111111,0.0,10.013717,13.276836,1,2026-03-02,2026-10-02,mootdx,2026-10-02T10:02:03.930854+08:00,2026-03-02,2026-03-03,xdxr_capital_history,current_mootdx_f10,4.738154613466339,ok,ok,early,train,filled_proxy,09:31,09:33,2,8.6,8.61,1100,58946.0,0.018661147490923895,8.74,12.372915593200107,12.37639626440583,filled_proxy,09:32,9.69,9.700000000000001,6028.0,early_exit,12.372915593200107,9.07,filled_proxy,09:32,9.07,9.700000000000001,6028.0,precommitted_target,5.179528434662517,9.07
2026-05-28,sh:stock:603324,603324,盛剑科技,sh,main,环保,27.77,31.17,27.32,31.17,28.34,31.17,123538.0,371758624.0,147679580.0781,147679580.0781,4603172511.04,4603172511.04,8.365273,13.585039,-2.011291,9.985886,-5.258359,1,2026-08-05,2026-10-02,mootdx,2026-10-02T10:02:03.930854+08:00,2026-05-29,2026-06-01,xdxr_capital_history,current_mootdx_f10,3.817773500160393,ok,ok,early,train,filled_proxy,09:31,09:33,2,33.88,33.92,200,12242.0,0.016337199803953602,33.98,-3.0258905175412076,2.8188224432295517,filled_proxy,09:32,33.61,33.65,9922.0,early_exit,-1.1120239446598235,35.72,filled_proxy,14:56,32.97,33.01,1732.0,end_of_day_exit,-2.996446416419951,35.72
2026-06-24,sh:stock:603324,603324,盛剑科技,sh,main,环保,39.77,45.3,38.98,45.3,41.18,45.3,164077.0,699055360.0,147679580.0781,147679580.0781,6689884977.54,6689884977.54,11.110338,15.347256,-3.423992,10.004857,27.175744,1,2026-08-05,2026-10-02,mootdx,2026-10-02T10:02:03.930854+08:00,2026-06-25,2026-06-26,xdxr_capital_history,current_mootdx_f10,4.238410596026498,ok,ok,early,train,filled_proxy,09:31,09:32,1,48.84,48.89,200,6220.0,0.03215434083601286,49.38,-1.7070977287114486,6.400408678119129,filled_proxy,09:32,49.77,49.82,5817.0,early_exit,1.6439136520620456,51.47,filled_proxy,10:14,51.47,51.660000000000004,1036.0,precommitted_target,5.1175230101809355,51.47
2026-09-11,sh:stock:603336,603336,宏辉果蔬,sh,main,农林牧渔,9.05,10.09,9.02,10.09,9.17,10.09,384858.0,372805120.0,608718945.3125,608718945.3125,6141974158.2,6141974158.2,6.322425,11.668484,-1.308615,10.032715,10.393873,1,2025-09-18,2026-10-02,mootdx,2026-10-02T10:02:03.930854+08:00,2026-09-14,2026-09-15,xdxr_capital_history,current_mootdx_f10,3.5678889990089058,ok,ok,early,holdout,filled_proxy,09:31,09:32,1,10.38,10.4,900,30493.0,0.02951497064900141,11.0,-1.7916443461921228,-0.25864585485831926,filled_proxy,09:32,10.08,10.1,16369.0,early_exit,-3.232432401956986,10.95,filled_proxy,14:56,9.9,9.91,2629.0,end_of_day_exit,-4.961378068874822,10.95
2026-05-14,sh:stock:603344,603344,星德胜,sh,main,电力设备,28.48,31.33,28.21,31.33,28.48,31.33,75268.0,225948752.0,194530976.5625,54030981.4453,6094655495.7,1692790648.68,13.930526,10.955056,0.0,10.007022,8.671523,1,2025-03-21,2026-10-02,mootdx,2026-10-02T10:02:03.930854+08:00,2026-05-15,2026-05-18,xdxr_capital_history,current_mootdx_f10,3.542930098946684,ok,ok,early,train,observed_breach_before_fill,,,,,,,,,,,,,,,,,,,,,,,,,,,
2026-03-11,sh:stock:603353,603353,和顺石油,sh,main,石油石化,39.34,42.85,38.8,42.85,38.95,42.85,108843.0,459919968.0,171905996.0938,170418007.8125,7366171932.62,7302411634.77,6.386825,10.397946,1.001284,10.012837,-7.829641,1,2026-07-10,2026-10-02,mootdx,2026-10-02T10:02:03.930854+08:00,2026-03-12,2026-03-13,xdxr_capital_history,current_mootdx_f10,3.7339556592765444,ok,ok,early,train,observed_breach_before_fill,,,,,,,,,,,,,,,,,,,,,,,,,,,
2026-05-25,sh:stock:603360,603360,百傲化学,sh,main,基础化工,23.17,25.62,22.45,25.62,23.29,25.62,336351.0,825548672.0,706223671.875,706223671.875,18093450473.44,18093450473.44,4.76267,13.610992,-0.515243,10.004294,13.614191,1,2025-05-29,2026-10-02,mootdx,2026-10-02T10:02:03.930854+08:00,2026-05-26,2026-05-27,xdxr_capital_history,current_mootdx_f10,3.5909445745511137,ok,ok,early,train,filled_proxy,09:31,09:32,1,27.52,27.55,300,25118.0,0.01194362608487937,27.93,-5.502640170107631,-3.4239634589383505,filled_proxy,09:32,26.13,26.16,7733.0,early_exit,-5.3213560084553695,29.01,filled_proxy,14:56,24.4,24.43,1233.0,end_of_day_exit,-11.59378800162293,29.01
2026-05-15,sh:stock:603363,603363,傲农生物,sh,main,农林牧渔,3.2,3.5,3.14,3.5,3.18,3.5,1168455.0,392252128.0,2602961875.0,2143126093.75,9110366562.5,7500941328.13,5.452106,11.320755,0.628931,10.062893,7.361963,1,2026-05-27,2026-10-02,mootdx,2026-10-02T10:02:03.930854+08:00,2026-05-18,2026-05-19,xdxr_capital_history,current_mootdx_f10,3.4285714285714253,ok,ok,early,train,filled_proxy,09:31,09:32,1,3.59,3.6,2600,48530.0,0.053575108180506904,3.82,-1.5461767515062563,-1.0902687206457706,filled_proxy,09:32,3.5,3.5100000000000002,22096.0,early_exit,-2.9336022866872313,3.79,filled_proxy,14:56,3.51,3.52,5027.0,end_of_day_exit,-2.6561171796510297,3.79
2026-04-30,sh:stock:603375,603375,盛景微,sh,main,电子,40.99,45.25,40.99,45.25,41.14,45.25,61482.0,270164576.0,100666669.9219,63780927.7344,4555166813.96,2886086979.98,9.639559,10.354886,-0.364609,9.990277,7.431149,1,2025-07-24,2026-10-02,mootdx,2026-10-02T10:02:03.930854+08:00,2026-05-06,2026-05-07,xdxr_capital_history,current_mootdx_f10,3.359116022099462,ok,ok,early,train,filled_proxy,09:31,09:32,1,45.68,45.73,200,2894.0,0.0691085003455425,49.32,-0.7073519075067813,5.259907461573987,filled_proxy,09:32,44.72,44.77,1653.0,early_exit,-2.3675088479554907,48.14,filled_proxy,13:08,48.14,48.21,1298.0,precommitted_target,5.103197384063729,48.14
2026-03-17,sh:stock:603387,603387,基蛋生物,sh,main,医药生物,8.6,9.44,8.55,9.44,8.58,9.44,386624.0,357409120.0,507153515.625,507153515.625,4787529187.5,4787529187.5,7.623412,10.37296,0.2331,10.02331,11.583924,1,2022-06-09,2026-10-02,mootdx,2026-10-02T10:02:03.930854+08:00,2026-03-18,2026-03-19,xdxr_capital_history,current_mootdx_f10,3.3898305084745894,ok,ok,early,train,filled_proxy,09:31,09:32,1,10.24,10.26,900,66684.0,0.013496490912362786,10.29,9.576041535699176,11.022653354929023,filled_proxy,09:32,11.4,11.42,122313.0,early_exit,10.939116341811573,10.81,filled_proxy,09:32,10.81,11.42,122313.0,precommitted_target,5.194729658909347,10.81
2026-08-26,sh:stock:603392,603392,万泰生物,sh,main,医药生物,28.22,30.91,28.16,30.91,28.1,30.91,81067.0,244864112.0,1264392812.5,1264392812.5,39082381834.38,39082381834.38,0.641154,9.786477,0.427046,10.0,10.353445,1,2025-12-17,2026-10-02,mootdx,2026-10-02T10:02:03.930854+08:00,2026-08-27,2026-08-28,xdxr_capital_history,current_mootdx_f10,3.526366871562603,ok,ok,early,validation,filled_proxy,09:31,09:32,1,31.68,31.72,200,12429.0,0.016091399147155842,33.69,-1.5318171084458432,-1.1271134988060427,filled_proxy,09:32,31.32,31.36,5728.0,early_exit,-1.4688478211205225,33.41,filled_proxy,14:56,30.35,30.39,616.0,end_of_day_exit,-4.522858256398199,33.41
2026-03-02,sh:stock:603393,603393,新天然气,sh,main,公用事业,35.0,37.48,34.18,37.48,34.07,37.48,496267.0,1785542400.0,423921328.125,423221328.125,15888571378.13,15862335378.13,11.725945,9.685941,2.729674,10.008805,27.309783,1,2026-07-06,2026-10-02,mootdx,2026-10-02T10:02:03.930854+08:00,2026-03-03,2026-03-04,xdxr_capital_history,current_mootdx_f10,4.535752401280702,ok,ok,early,train,filled_proxy,09:31,09:32,1,40.5,40.55,200,28568.0,0.007000840100812098,40.85,-0.19982770104416403,2.0380961070124215,filled_proxy,09:36,37.31,37.35,27621.0,early_exit,-8.156255148207936,42.7,filled_proxy,14:56,39.14,39.18,3422.0,end_of_day_exit,-3.648434024892244,42.7
2026-06-22,sh:stock:603399,603399,永杉锂业,sh,main,有色金属,18.62,21.23,18.3,21.23,19.3,21.23,1146727.0,2291557632.0,512290664.0625,512290664.0625,10875930798.05,10875930798.05,22.384304,15.181347,-3.523316,10.0,3.814181,1,2025-05-30,2026-10-02,mootdx,2026-10-02T10:02:03.930854+08:00,2026-06-23,2026-06-24,xdxr_capital_history,current_mootdx_f10,3.9095619406500193,ok,ok,early,train,filled_proxy,09:31,09:32,1,22.59,22.62,400,51952.0,0.0076994148444718205,23.14,-10.27536179004368,-0.2623230771023999,filled_proxy,09:32,20.53,20.56,28905.0,early_exit,-9.39213633044349,23.82,unfilled_d3,,,,,limit_down_or_capacity,,23.82
2026-05-08,sh:stock:603400,603400,华之杰,sh,main,机械设备,76.9,83.0,75.8,83.0,75.45,83.0,36478.0,291901664.0,100000000.0,20000000.0,8300000000.0,1660000000.0,18.239,9.542744,1.921803,10.006627,30.114438,1,2026-06-22,2026-10-02,mootdx,2026-10-02T10:02:03.930854+08:00,2026-05-11,2026-05-12,xdxr_capital_history,current_mootdx_f10,4.542168674698788,ok,ok,early,train,observed_breach_before_fill,,,,,,,,,,,,,,,,,,,,,,,,,,,
2026-06-01,sh:stock:603407,603407,长裕集团,sh,main,有色金属,55.0,59.62,54.55,59.62,54.2,59.62,48359.0,281198528.0,407875195.3125,35911999.5117,24317519144.53,2141073410.89,13.465973,9.354244,1.476015,10.0,-1.242339,1,2026-08-24,2026-10-02,mootdx,2026-10-02T10:02:03.930854+08:00,2026-06-02,2026-06-03,current_snapshot_estimate,current_mootdx_f10,3.153304260315326,ok,ok,early,train,filled_proxy,09:31,09:32,1,61.79,61.86,100,2109.0,0.0474158368895211,64.99,-9.189589328380565,-2.8454339367560477,filled_proxy,09:32,58.61,58.67,963.0,early_exit,-5.460306771995338,65.16,filled_proxy,14:56,59.26,59.32,296.0,end_of_day_exit,-4.410941550501635,65.16
2026-03-10,sh:stock:603421,603421,鼎信通讯,sh,main,通信,8.41,9.21,8.39,9.21,8.37,9.21,229795.0,207412816.0,652190507.8125,652190507.8125,6006674576.95,6006674576.95,3.523434,9.796894,0.477897,10.035842,18.228498,1,2022-01-10,2026-10-02,mootdx,2026-10-02T10:02:03.930854+08:00,2026-03-11,2026-03-12,xdxr_capital_history,current_mootdx_f10,3.0401737242128135,ok,ok,early,train,filled_proxy,09:31,09:59,28,9.73,9.74,900,91744.0,0.009809905824904082,10.04,0.2442492975836874,4.447056476003808,filled_proxy,09:32,10.0,10.02,52312.0,early_exit,2.50051474231876,10.26,filled_proxy,14:56,9.64,9.65,5627.0,end_of_day_exit,-1.1915559854295044,10.26
2026-03-24,sh:stock:603421,603421,鼎信通讯,sh,main,通信,9.8,10.57,9.42,10.57,9.61,10.57,511913.0,521859744.0,652190507.8125,652190507.8125,6893653667.58,6893653667.58,7.849133,11.966701,1.977107,9.989594,6.767677,1,2022-01-10,2026-10-02,mootdx,2026-10-02T10:02:03.930854+08:00,2026-03-25,2026-03-26,xdxr_capital_history,current_mootdx_f10,4.068117313150421,ok,ok,early,train,filled_proxy,09:31,09:32,1,10.8,10.82,800,60730.0,0.013173061090070805,11.52,-3.121670221478534,-2.296328916957502,filled_proxy,09:32,10.33,10.35,15512.0,early_exit,-4.691111180858587,11.4,filled_proxy,14:56,9.95,9.96,6993.0,end_of_day_exit,-8.19927332535515,11.4
2026-06-15,sh:stock:603458,603458,勘设股份,sh,main,建筑装饰,13.01,14.27,13.01,14.27,12.97,14.27,283462.0,400218272.0,306124511.7188,306124511.7188,4368396782.23,4368396782.23,9.259696,9.714726,0.308404,10.02313,7.212622,1,2024-10-28,2026-10-02,mootdx,2026-10-02T10:02:03.930854+08:00,2026-06-16,2026-06-17,xdxr_capital_history,current_mootdx_f10,4.274702172389633,ok,ok,early,train,filled_proxy,09:31,09:32,1,14.91,14.93,600,21735.0,0.027605244996549348,15.55,-11.805368121736437,-1.6670746660104152,filled_proxy,09:32,12.8,12.82,11204.0,early_exit,-14.414743582201261,15.72,filled_proxy,14:57,14.7,14.72,833.0,end_of_day_exit,-1.7024015953213345,15.72
2026-06-25,sh:stock:603459,603459,红板科技,sh,main,电子,90.6,94.96,90.02,94.96,86.33,94.96,118936.0,1113381632.0,753753593.75,79051860.3516,71576441262.5,7506764658.98,15.045313,5.722229,4.946137,9.996525,6.326279,1,2026-10-08,2026-10-02,mootdx,2026-10-02T10:02:03.930854+08:00,2026-06-26,2026-06-29,xdxr_capital_history,current_mootdx_f10,3.8331929233361484,ok,ok,early,train,below_one_lot,,,,,,,,,,,,,,,,,,,,,,,,,,,
2026-07-03,sh:stock:603466,603466,风语筑,sh,main,传媒,10.66,11.63,10.66,11.63,10.57,11.63,896685.0,1014371456.0,594828476.5625,594828476.5625,6917855182.42,6917855182.42,15.074682,9.176916,0.851466,10.028382,11.505273,1,2026-06-30,2026-10-02,mootdx,2026-10-02T10:02:03.930854+08:00,2026-07-06,2026-07-07,xdxr_capital_history,current_mootdx_f10,3.4393809114359186,ok,ok,early,validation,no_pre10_fill_proxy,,,,,,,,,,,,,,,,,,,,,,,,,,,
2026-04-29,sh:stock:603489,603489,八方股份,sh,main,电力设备,34.58,36.75,34.56,36.75,33.41,36.75,85373.0,310782464.0,234617988.2813,234617988.2813,8622211069.34,8622211069.34,3.638809,6.554924,3.501946,9.997007,1.239669,1,2025-07-16,2026-10-02,mootdx,2026-10-02T10:02:03.930854+08:00,2026-04-30,2026-05-06,xdxr_capital_history,current_mootdx_f10,3.401360544217691,ok,ok,early,train,filled_proxy,09:31,09:32,1,39.2,39.24,200,8027.0,0.024915908807773765,40.06,-3.793876767674942,-1.2200725550370661,filled_proxy,09:32,38.42,38.46,3063.0,early_exit,-2.2665929094344173,41.32,filled_proxy,14:56,37.68,37.72,572.0,end_of_day_exit,-4.1502430012643865,41.32
2026-07-08,sh:stock:603496,603496,恒为科技,sh,main,计算机,22.31,24.54,22.31,24.54,22.31,24.54,134657.0,324898784.0,320209238.2813,320209238.2813,7857934707.42,7857934707.42,4.205282,9.995518,0.0,9.995518,5.867127,1,2023-06-08,2026-10-02,mootdx,2026-10-02T10:02:03.930854+08:00,2026-07-09,2026-07-10,xdxr_capital_history,current_mootdx_f10,3.9119804400977953,ok,ok,early,validation,filled_proxy,09:31,09:32,1,25.25,25.28,300,19716.0,0.015216068167985392,26.75,-2.001209412080407,3.860821853244234,filled_proxy,09:32,25.15,25.18,7830.0,early_exit,-0.6973680473853383,26.62,filled_proxy,14:56,25.67,25.7,2518.0,end_of_day_exit,1.357169860619023,26.62
2026-07-01,sh:stock:603505,603505,金石资源,sh,main,基础化工,20.3,22.17,20.18,22.17,20.15,22.17,511902.0,1099889664.0,841668828.125,841668828.125,18659797919.53,18659797919.53,6.081988,9.875931,0.744417,10.024814,8.093613,1,2025-07-15,2026-10-02,mootdx,2026-10-02T10:02:03.930854+08:00,2026-07-02,2026-07-03,xdxr_capital_history,current_mootdx_f10,3.743797925124026,ok,ok,early,validation,observed_breach_before_fill,,,,,,,,,,,,,,,,,,,,,,,,,,,
2026-06-15,sh:stock:603516,603516,淳中科技,sh,main,计算机,112.96,122.4,112.38,122.4,111.27,122.4,45335.0,542982336.0,203268281.25,203268281.25,24880037625.0,24880037625.0,2.230304,9.005123,1.518828,10.002696,-5.358386,1,2025-09-30,2026-10-02,mootdx,2026-10-02T10:02:03.930854+08:00,2026-06-16,2026-06-17,xdxr_capital_history,current_mootdx_f10,4.534313725490202,ok,ok,early,train,below_one_lot,,,,,,,,,,,,,,,,,,,,,,,,,,,
2026-05-28,sh:stock:603527,603527,众源新材,sh,main,有色金属,13.13,14.49,13.05,14.49,13.17,14.49,298015.0,416586496.0,316971191.4063,316971191.4063,4592912563.48,4592912563.48,9.401959,10.933941,-0.303721,10.022779,17.138238,1,2024-03-07,2026-10-02,mootdx,2026-10-02T10:02:03.930854+08:00,2026-05-29,2026-06-01,xdxr_capital_history,current_mootdx_f10,3.31262939958592,ok,ok,early,train,observed_breach_before_fill,,,,,,,,,,,,,,,,,,,,,,,,,,,
2026-03-04,sh:stock:603530,603530,神马电力,sh,main,电力设备,60.46,67.21,60.31,67.21,61.1,67.21,155128.0,1018691968.0,431684570.3125,427464765.625,29013519970.7,28729906897.66,3.629024,11.292962,-1.047463,10.0,35.149809,1,2026-07-14,2026-10-02,mootdx,2026-10-02T10:02:03.930854+08:00,2026-03-05,2026-03-06,xdxr_capital_history,current_mootdx_f10,4.255319148936176,ok,ok,early,train,filled_proxy,09:31,09:58,27,72.06,72.14,100,15481.0,0.006459531038046638,73.26,-1.7688303638422997,0.23522466863725722,filled_proxy,09:32,69.43,69.5,5551.0,early_exit,-3.9425159422218914,75.97,filled_proxy,14:56,70.71,70.79,1498.0,end_of_day_exit,-2.1703391649442794,75.97
2026-07-16,sh:stock:603567,603567,珍宝岛,sh,main,医药生物,4.92,5.48,4.87,5.48,4.98,5.48,462683.0,238262496.0,940235312.5,939403281.25,5152489512.5,5147929981.25,4.925286,12.248996,-1.204819,10.040161,18.614719,1,2026-07-16,2026-10-02,mootdx,2026-10-02T10:02:03.930854+08:00,2026-07-17,2026-07-20,xdxr_capital_history,current_mootdx_f10,4.014598540145986,ok,ok,early,validation,filled_proxy,09:31,09:32,1,5.89,5.9,1600,68060.0,0.023508668821627974,5.97,-7.7769640925981705,1.4337018802056622,filled_proxy,09:32,5.77,5.78,43636.0,early_exit,-2.3589252850664932,6.22,filled_proxy,14:56,5.73,5.74,5776.0,end_of_day_exit,-3.03618013600796,6.22
2026-07-28,sh:stock:603580,603580,艾艾精工,sh,main,基础化工,46.0,52.7,45.01,52.7,47.91,52.7,152254.0,767960128.0,130673203.125,130673203.125,6886477804.69,6886477804.69,11.651509,16.050929,-3.986642,9.997913,44.820005,1,2020-05-26,2026-10-02,mootdx,2026-10-02T10:02:03.930854+08:00,2026-07-29,2026-07-30,xdxr_capital_history,current_mootdx_f10,3.8140417457305453,ok,ok,early,validation,filled_proxy,09:31,09:32,1,56.35,56.41,100,9711.0,0.010297600659046441,57.44,-2.4772786497894717,10.900883485151013,filled_proxy,09:32,55.49,55.550000000000004,6668.0,early_exit,-1.8576930937889813,59.43,filled_proxy,09:40,59.43,59.5,4385.0,precommitted_target,5.117070022330861,59.43
2026-08-17,sh:stock:603580,603580,艾艾精工,sh,main,基础化工,53.97,58.2,53.97,58.2,52.91,58.2,93890.0,531245216.0,130673203.125,130673203.125,7605180421.88,7605180421.88,7.1851,7.994708,2.003402,9.99811,-1.705793,1,2020-05-26,2026-10-02,mootdx,2026-10-02T10:02:03.930854+08:00,2026-08-18,2026-08-19,xdxr_capital_history,current_mootdx_f10,3.0068728522336663,ok,ok,early,validation,filled_proxy,09:31,09:32,1,62.22,62.29,100,8811.0,0.011349449551696743,63.44,4.02027230947033,12.517135039727044,filled_proxy,09:32,62.93,63.0,10606.0,early_exit,0.813727512498108,65.61,filled_proxy,09:35,65.61,66.08,4243.0,precommitted_target,5.110497540440839,65.61
2026-08-20,sh:stock:603580,603580,艾艾精工,sh,main,基础化工,67.9,74.79,67.2,74.79,67.99,74.79,132228.0,957283136.0,130673203.125,130673203.125,9773048861.72,9773048861.72,10.118984,11.163406,-0.132372,10.001471,39.299683,1,2020-05-26,2026-10-02,mootdx,2026-10-02T10:02:03.930854+08:00,2026-08-21,2026-08-24,xdxr_capital_history,current_mootdx_f10,3.088648215001988,ok,ok,early,validation,observed_breach_before_fill,,,,,,,,,,,,,,,,,,,,,,,,,,,
2026-08-27,sh:stock:603580,603580,艾艾精工,sh,main,基础化工,74.66,80.52,72.46,80.52,73.2,80.52,84427.0,657379136.0,130673203.125,130673203.125,10521806315.63,10521806315.63,6.460927,11.010929,1.994536,10.0,7.661452,1,2020-05-26,2026-10-02,mootdx,2026-10-02T10:02:03.930854+08:00,2026-08-28,2026-08-31,xdxr_capital_history,current_mootdx_f10,3.0799801291604645,ok,ok,early,validation,filled_proxy,09:31,09:32,1,83.54,83.63,100,6360.0,0.015723270440251572,87.77,0.47350984708072197,4.942981885567033,filled_proxy,09:32,84.61,84.7,3411.0,early_exit,0.999049049895806,88.05,filled_proxy,14:56,85.6,85.69,984.0,end_of_day_exit,2.181512256229712,88.05
2026-09-21,sh:stock:603580,603580,艾艾精工,sh,main,基础化工,65.95,71.53,65.95,71.53,65.03,71.53,74070.0,524072896.0,130673203.125,130673203.125,9347054219.53,9347054219.53,5.668339,8.580655,1.414732,9.995387,15.185185,1,2020-05-26,2026-10-02,mootdx,2026-10-02T10:02:03.930854+08:00,2026-09-22,2026-09-23,xdxr_capital_history,current_mootdx_f10,3.1455333426534393,ok,ok,early,holdout,filled_proxy,09:31,09:32,1,77.61,77.69,100,8561.0,0.011680878402055835,77.97,3.9592593780729324,11.009257620115198,filled_proxy,09:32,84.51,84.60000000000001,7401.0,early_exit,8.587672089497733,81.8,filled_proxy,09:32,81.8,84.60000000000001,7401.0,precommitted_target,5.103505853952939,81.8
2026-01-30,sh:stock:603598,603598,引力传媒,sh,main,传媒,26.7,29.37,26.11,29.37,26.7,29.37,707743.0,2024845056.0,269562890.625,269262890.625,7917062097.66,7908251097.66,26.284461,12.209738,0.0,10.0,9.712365,1,2026-03-31,2026-10-02,mootdx,2026-10-02T10:02:03.930854+08:00,2026-02-02,2026-02-03,xdxr_capital_history,current_mootdx_f10,3.404834865509021,ok,ok,early,train,observed_breach_before_fill,,,,,,,,,,,,,,,,,,,,,,,,,,,
2026-09-22,sh:stock:603598,603598,引力传媒,sh,main,传媒,17.5,18.96,17.43,18.96,17.24,18.96,335695.0,625033600.0,269702890.625,269402890.625,5113566806.25,5107878806.25,12.460705,8.87471,1.508121,9.976798,12.589074,1,2026-09-30,2026-10-02,mootdx,2026-10-02T10:02:03.930854+08:00,2026-09-23,2026-09-24,xdxr_capital_history,current_mootdx_f10,4.430379746835444,ok,ok,early,holdout,filled_proxy,09:31,09:32,1,20.6,20.63,400,51495.0,0.0077677444412078845,20.67,-7.871626308998058,-7.2866333335372735,filled_proxy,09:32,18.96,18.98,13211.0,early_exit,-8.25897474499262,21.72,filled_proxy,14:56,18.25,18.27,2447.0,end_of_day_exit,-11.696692114444318,21.72
2026-03-04,sh:stock:603618,603618,杭电股份,sh,main,电力设备,16.98,20.59,16.98,20.59,18.72,20.59,982239.0,1896796800.0,691375625.0,691375625.0,14235424118.75,14235424118.75,14.207024,19.284188,-9.294872,9.989316,35.997358,1,2024-03-05,2026-10-02,mootdx,2026-10-02T10:02:03.930854+08:00,2026-03-05,2026-03-06,xdxr_capital_history,current_mootdx_f10,3.4482758620689724,ok,ok,early,train,filled_proxy,09:31,09:32,1,21.66,21.69,400,56210.0,0.007116171499733143,22.44,-3.4830275097953223,-2.4754190241499163,filled_proxy,09:32,20.1,20.13,22576.0,early_exit,-7.489697753003444,22.84,filled_proxy,14:56,19.16,19.18,13843.0,end_of_day_exit,-11.81874376290647,22.84
2026-05-06,sh:stock:603618,603618,杭电股份,sh,main,电力设备,29.26,31.09,29.0,31.09,28.26,31.09,264525.0,810396096.0,691375625.0,691375625.0,21494868181.25,21494868181.25,3.826068,7.395612,3.53857,10.014154,1.734293,1,2024-03-05,2026-10-02,mootdx,2026-10-02T10:02:03.930854+08:00,2026-05-07,2026-05-08,xdxr_capital_history,current_mootdx_f10,4.921196526214211,ok,ok,early,train,filled_proxy,09:31,09:32,1,33.7,33.74,200,56484.0,0.0035408257205580343,33.89,1.8720328261846442,11.173812781743454,filled_proxy,09:32,36.13,36.17,61143.0,early_exit,6.874613075834413,35.54,filled_proxy,09:32,35.54,36.17,61143.0,precommitted_target,5.128150148441879,35.54
2026-05-20,sh:stock:603618,603618,杭电股份,sh,main,电力设备,38.48,42.58,37.98,42.58,38.71,42.58,646993.0,2679443712.0,691375625.0,691375625.0,29438774112.5,29438774112.5,9.358053,11.883234,-0.594162,9.997417,7.988841,1,2024-03-05,2026-10-02,mootdx,2026-10-02T10:02:03.930854+08:00,2026-05-21,2026-05-22,xdxr_capital_history,current_mootdx_f10,3.0530765617660993,ok,ok,early,train,filled_proxy,09:31,09:32,1,44.21,44.26,200,37543.0,0.005327224782249687,46.41,-9.215150307654362,-4.909385455707282,filled_proxy,09:32,42.02,42.07,15239.0,early_exit,-5.220389961734295,46.6,filled_proxy,14:56,40.17,40.22,9211.0,end_of_day_exit,-9.395704447582954,46.6
2026-08-14,sh:stock:603618,603618,杭电股份,sh,main,电力设备,27.16,29.87,27.15,29.87,27.15,29.87,1132083.0,3281343232.0,691375625.0,691375625.0,20651389918.75,20651389918.75,16.374355,10.018416,0.036832,10.018416,8.028933,1,2024-03-05,2026-10-02,mootdx,2026-10-02T10:02:03.930854+08:00,2026-08-17,2026-08-18,xdxr_capital_history,current_mootdx_f10,3.6156678942082188,ok,ok,early,validation,filled_proxy,09:31,09:32,1,30.88,30.92,300,62224.0,0.004821290820262279,32.56,-0.9997070646667994,0.5795381204658945,filled_proxy,09:32,30.81,30.85,22860.0,early_exit,-0.5150976424461384,32.55,filled_proxy,14:56,29.46,29.490000000000002,5475.0,end_of_day_exit,-4.87658244243212,32.55
2026-08-26,sh:stock:603618,603618,杭电股份,sh,main,电力设备,31.0,31.92,31.0,31.92,29.02,31.92,794683.0,2521501184.0,691375625.0,691375625.0,22068709950.0,22068709950.0,11.494229,3.170227,6.822881,9.993108,20.225989,1,2024-03-05,2026-10-02,mootdx,2026-10-02T10:02:03.930854+08:00,2026-08-27,2026-08-28,xdxr_capital_history,current_mootdx_f10,4.949874686716793,ok,ok,early,validation,filled_proxy,09:31,09:32,1,33.910000000000004,33.95,200,95031.0,0.002104576401384811,34.79,13.392036303272237,13.425514103251235,filled_proxy,09:32,38.51,38.550000000000004,98554.0,early_exit,13.215527691783603,35.76,filled_proxy,09:32,35.76,38.550000000000004,98554.0,precommitted_target,5.125549665221141,35.76
2026-09-02,sh:stock:603618,603618,杭电股份,sh,main,电力设备,33.0,37.22,33.0,37.22,33.84,37.22,1322778.0,4721845248.0,691375625.0,691375625.0,25733000762.5,25733000762.5,19.132552,12.470449,-2.48227,9.98818,16.60401,1,2024-03-05,2026-10-02,mootdx,2026-10-02T10:02:03.930854+08:00,2026-09-03,2026-09-04,xdxr_capital_history,current_mootdx_f10,3.1703385276733,ok,ok,early,holdout,filled_proxy,09:31,09:32,1,37.82,37.86,200,65945.0,0.0030328303889604973,40.57,3.6414399195155545,4.038488201883794,filled_proxy,09:32,38.01,38.050000000000004,48384.0,early_exit,0.21178698211556934,39.87,filled_proxy,14:56,36.56,36.6,10330.0,end_of_day_exit,-3.613595140369008,39.87
2026-02-06,sh:stock:603626,603626,科森科技,sh,main,电子,21.85,24.23,21.41,24.23,22.03,24.23,435418.0,1012993408.0,554879687.5,554879687.5,13444734828.13,13444734828.13,7.84707,12.800726,-0.817068,9.986382,19.418433,1,2023-06-16,2026-10-02,mootdx,2026-10-02T10:02:03.930854+08:00,2026-02-09,2026-02-10,xdxr_capital_history,current_mootdx_f10,3.7969459347915624,ok,ok,early,train,filled_proxy,09:31,09:39,8,26.36,26.39,300,12614.0,0.023783098144918344,26.41,4.098801123190499,5.80960003205826,filled_proxy,09:32,27.25,27.28,26738.0,early_exit,3.076863721875678,27.79,filled_proxy,14:56,27.21,27.240000000000002,2061.0,end_of_day_exit,2.9254655883475644,27.79
2026-08-20,sh:stock:603626,603626,科森科技,sh,main,电子,15.57,16.95,15.25,16.95,15.41,16.95,493994.0,814107520.0,554879687.5,554879687.5,9405210703.13,9405210703.13,8.902723,11.031798,1.038287,9.993511,1.801802,1,2023-06-16,2026-10-02,mootdx,2026-10-02T10:02:03.930854+08:00,2026-08-21,2026-08-24,xdxr_capital_history,current_mootdx_f10,3.244837758112107,ok,ok,early,validation,filled_proxy,09:31,09:32,1,17.900000000000002,17.92,500,48849.0,0.010235624065999304,18.48,2.4006843166408443,12.823203895809376,filled_proxy,09:32,19.83,19.85,54302.0,early_exit,10.483484180682368,18.87,filled_proxy,09:32,18.87,19.85,54302.0,precommitted_target,5.132113236213498,18.87
2026-09-17,sh:stock:603626,603626,科森科技,sh,main,电子,19.17,21.29,19.12,21.29,19.35,21.29,345517.0,723273600.0,554879687.5,554879687.5,11813388546.88,11813388546.88,6.226881,11.21447,-0.930233,10.02584,11.40764,1,2023-06-16,2026-10-02,mootdx,2026-10-02T10:02:03.930854+08:00,2026-09-18,2026-09-21,xdxr_capital_history,current_mootdx_f10,3.9455143259746306,ok,ok,early,holdout,filled_proxy,09:31,09:53,22,23.080000000000002,23.11,400,20907.0,0.019132348017410435,23.21,-0.5491189576649957,2.0718550046192385,filled_proxy,09:32,22.51,22.54,27480.0,early_exit,-2.753615899637396,24.33,filled_proxy,14:56,23.31,23.34,4512.0,end_of_day_exit,0.7044185191428243,24.33
2026-01-15,sh:stock:603650,603650,彤程新材,sh,main,基础化工,53.55,59.96,53.51,59.96,54.51,59.96,394334.0,2247755776.0,616107968.75,614473398.4375,36941833806.25,36843824970.31,6.41743,11.832691,-1.761145,9.998165,5.693637,1,2026-03-13,2026-10-02,mootdx,2026-10-02T10:02:03.930854+08:00,2026-01-16,2026-01-19,xdxr_capital_history,current_mootdx_f10,4.386257505003344,ok,ok,early,train,filled_proxy,09:31,09:32,1,62.39,62.46,100,18127.0,0.005516632647432007,65.36,0.8913187215217722,2.7550427544440037,filled_proxy,09:32,62.4,62.47,12090.0,early_exit,-0.3078654248481083,65.79,filled_proxy,14:56,60.33,60.4,1765.0,end_of_day_exit,-3.617613668829023,65.79
2026-06-24,sh:stock:603650,603650,彤程新材,sh,main,基础化工,69.92,77.22,69.3,77.22,70.2,77.22,369416.0,2761789184.0,616082968.75,614473398.4375,47573926846.88,47449635827.34,6.011912,11.282051,-0.39886,10.0,20.675105,1,2026-07-17,2026-10-02,mootdx,2026-10-02T10:02:03.930854+08:00,2026-06-25,2026-06-26,xdxr_capital_history,current_mootdx_f10,3.60010360010361,ok,ok,early,train,filled_proxy,09:31,09:32,1,80.77,80.86,100,18254.0,0.005478251342171579,84.17,-4.424987046786233,5.857847616789225,filled_proxy,09:32,80.21,80.3,5339.0,early_exit,-0.9785042489366624,85.14,filled_proxy,09:36,85.14,85.25,9101.0,precommitted_target,5.111517325758119,85.14
2026-06-26,sh:stock:603650,603650,彤程新材,sh,main,基础化工,77.5,85.83,76.5,85.83,78.03,85.83,358825.0,3051419904.0,616082968.75,614473398.4375,52878401207.81,52740251787.89,5.839553,11.95694,-0.679226,9.996155,30.084874,1,2026-07-17,2026-10-02,mootdx,2026-10-02T10:02:03.930854+08:00,2026-06-29,2026-06-30,xdxr_capital_history,current_mootdx_f10,4.858441104508926,ok,ok,early,train,no_pre10_fill_proxy,,,,,,,,,,,,,,,,,,,,,,,,,,,
2026-05-20,sh:stock:603663,603663,三祥新材,sh,main,基础化工,41.3,45.73,40.96,45.73,41.57,45.73,179355.0,787861120.0,423299765.625,422819765.625,19357498282.03,19335547882.03,4.241878,11.474621,-0.649507,10.007217,3.884598,1,2026-06-16,2026-10-02,mootdx,2026-10-02T10:02:03.930854+08:00,2026-05-21,2026-05-22,xdxr_capital_history,current_mootdx_f10,4.963918652963062,ok,ok,early,train,filled_proxy,09:31,09:32,1,47.63,47.68,200,7851.0,0.02547446185199338,49.85,-3.36232526660335,5.62474002963953,filled_proxy,09:32,46.36,46.410000000000004,5250.0,early_exit,-2.9223487396314862,50.19,filled_proxy,14:24,50.19,50.370000000000005,8521.0,precommitted_target,5.1019850618074125,50.19
2026-05-22,sh:stock:603663,603663,三祥新材,sh,main,基础化工,46.2,50.49,45.8,50.49,45.9,50.49,215882.0,1036780224.0,423299765.625,422819765.625,21372405166.41,21348169966.41,5.105769,10.217865,0.653595,10.0,17.719748,1,2026-06-16,2026-10-02,mootdx,2026-10-02T10:02:03.930854+08:00,2026-05-25,2026-05-26,xdxr_capital_history,current_mootdx_f10,4.971281441869668,ok,ok,early,train,filled_proxy,09:31,09:32,1,51.56,51.62,100,8490.0,0.011778563015312132,55.03,7.221118104486823,16.350759686430226,filled_proxy,09:32,56.73,56.79,11090.0,early_exit,9.639058918478538,54.39,filled_proxy,09:32,54.39,56.79,11090.0,precommitted_target,5.112673714686045,54.39
2026-06-18,sh:stock:603663,603663,三祥新材,sh,main,基础化工,83.26,87.49,83.23,87.49,79.54,87.49,186814.0,1624257920.0,423299765.625,422959531.25,37034496494.53,37004729389.06,4.416829,5.355796,4.676892,9.994971,17.609894,1,2026-06-30,2026-10-02,mootdx,2026-10-02T10:02:03.930854+08:00,2026-06-22,2026-06-23,xdxr_capital_history,current_mootdx_f10,4.994856555034866,ok,ok,early,train,filled_proxy,09:31,09:32,1,94.60000000000001,94.7,100,21651.0,0.004618724308346035,95.36,5.3277609985259655,11.503060110417685,filled_proxy,09:32,99.92,100.03,14490.0,early_exit,5.348858201913287,99.69,filled_proxy,09:32,99.69,100.03,14490.0,precommitted_target,5.106240362959125,99.69
2026-01-16,sh:stock:603667,603667,五洲新春,sh,main,机械设备,74.32,81.09,74.0,81.09,73.72,81.09,591552.0,4645941760.0,366202773.4375,366202773.4375,29695382898.05,29695382898.05,16.153673,9.617472,0.81389,9.997287,3.815133,1,2026-04-24,2026-10-02,mootdx,2026-10-02T10:02:03.930854+08:00,2026-01-19,2026-01-20,xdxr_capital_history,current_mootdx_f10,3.2186459489456087,ok,ok,early,train,filled_proxy,09:31,09:32,1,85.2,85.29,100,26547.0,0.0037669039816175085,88.39,4.070504198113056,7.429583884203228,filled_proxy,09:32,89.15,89.24,20646.0,early_exit,4.351585991707374,89.79,filled_proxy,09:33,89.79,90.18,20177.0,precommitted_target,5.101137441292192,89.79
2026-05-28,sh:stock:603678,603678,火炬电子,sh,main,国防军工,43.8,47.31,43.01,47.31,43.01,47.31,512766.0,2390284800.0,475566640.625,475566640.625,22499057767.97,22499057767.97,10.782211,9.997675,1.836782,9.997675,38.131387,1,2025-04-22,2026-10-02,mootdx,2026-10-02T10:02:03.930854+08:00,2026-05-29,2026-06-01,xdxr_capital_history,current_mootdx_f10,3.57218347072501,ok,ok,early,train,filled_proxy,09:31,09:32,1,48.84,48.89,100,37798.0,0.002645642626594,51.57,-5.157690200352705,8.60041566278673,filled_proxy,09:32,53.05,53.11,24329.0,early_exit,8.239508208100489,51.52,filled_proxy,09:32,51.52,53.11,24329.0,precommitted_target,5.11485675003136,51.52
2026-09-07,sh:stock:603679,603679,华体科技,sh,main,电子,22.28,23.77,21.63,23.77,21.61,23.77,127741.0,297958912.0,177686210.9375,177686210.9375,4223601233.98,4223601233.98,7.189134,9.902823,3.100416,9.995373,0.46492,1,2026-03-30,2026-10-02,mootdx,2026-10-02T10:02:03.930854+08:00,2026-09-08,2026-09-09,xdxr_capital_history,current_mootdx_f10,3.996634413125788,ok,ok,early,holdout,filled_proxy,09:31,09:32,1,24.91,24.94,300,10446.0,0.02871912693854107,25.91,3.4989445984994205,5.155755928454853,filled_proxy,09:32,25.06,25.09,13158.0,early_exit,0.2950551521268219,26.26,filled_proxy,14:56,25.17,25.2,1673.0,end_of_day_exit,0.7355899510030683,26.26
2026-07-31,sh:stock:603682,603682,锦和商管,sh,main,商贸零售,8.7,9.6,8.7,9.6,8.73,9.6,264060.0,251496928.0,472500000.0,472500000.0,4536000000.0,4536000000.0,5.588571,10.309278,-0.343643,9.965636,24.513619,1,2023-04-21,2026-10-02,mootdx,2026-10-02T10:02:03.930854+08:00,2026-08-03,2026-08-04,xdxr_capital_history,current_mootdx_f10,4.062500000000013,ok,ok,early,validation,filled_proxy,09:31,09:37,6,10.370000000000001,10.39,900,16025.0,0.056162246489859596,10.46,-1.2164481883208622,0.22149545574601248,filled_proxy,09:32,10.32,10.34,15930.0,early_exit,-0.8318684493353379,10.94,filled_proxy,14:56,10.17,10.19,3882.0,end_of_day_exit,-2.274042470531068,10.94
2026-04-01,sh:stock:603687,603687,大胜达,sh,main,轻工制造,15.28,16.39,15.28,16.39,14.9,16.39,781117.0,1266264320.0,550031875.0,550031875.0,9015022431.25,9015022431.25,14.201304,7.449664,2.550336,10.0,9.266667,1,2025-02-17,2026-10-02,mootdx,2026-10-02T10:02:03.930854+08:00,2026-04-02,2026-04-03,xdxr_capital_history,current_mootdx_f10,3.538743136058553,ok,ok,early,train,filled_proxy,09:31,09:32,1,17.47,17.49,500,71343.0,0.007008396058478057,17.87,-7.819415564812471,-6.542308563441868,filled_proxy,09:32,15.65,15.67,25612.0,early_exit,-10.67507273884446,18.42,filled_proxy,14:56,14.85,14.870000000000001,7620.0,end_of_day_exit,-15.244124217295695,18.42
2026-04-07,sh:stock:603687,603687,大胜达,sh,main,轻工制造,15.19,16.38,14.8,16.38,14.89,16.38,653535.0,1037176960.0,550031875.0,550031875.0,9009522112.5,9009522112.5,11.881766,10.611148,2.014775,10.006716,1.612903,1,2025-02-17,2026-10-02,mootdx,2026-10-02T10:02:03.930854+08:00,2026-04-08,2026-04-09,xdxr_capital_history,current_mootdx_f10,4.395604395604402,ok,ok,early,train,filled_proxy,09:31,09:32,1,16.77,16.79,500,52375.0,0.00954653937947494,17.85,0.30492790491694066,10.129935400228929,filled_proxy,09:32,16.64,16.66,30748.0,early_exit,-1.063407824632523,17.68,filled_proxy,10:20,17.68,17.95,19494.0,precommitted_target,5.123849387243307,17.68
2026-06-24,sh:stock:603713,603713,密尔克卫,sh,main,交通运输,62.42,68.77,62.0,68.77,62.52,68.77,77776.0,519039392.0,158127617.1875,158127617.1875,10874436233.98,10874436233.98,4.918559,10.828535,-0.159949,9.996801,17.055319,1,2026-06-30,2026-10-02,mootdx,2026-10-02T10:02:03.930854+08:00,2026-06-25,2026-06-26,xdxr_capital_history,current_mootdx_f10,3.06819834230041,ok,ok,early,train,filled_proxy,09:31,09:32,1,72.55,72.63,100,5129.0,0.019496977968414896,74.96,2.9596078761254807,6.9093004010060355,filled_proxy,09:32,75.02,75.10000000000001,3243.0,early_exit,3.0971257644132777,76.48,filled_proxy,10:21,76.48,77.36,1676.0,precommitted_target,5.1048869334152425,76.48
2026-07-27,sh:stock:603716,603716,塞力医疗,sh,main,医药生物,13.23,14.94,13.2,14.94,13.58,14.94,145036.0,213675584.0,225790761.7188,225790761.7188,3373313980.08,3373313980.08,6.423469,12.81296,-2.57732,10.014728,-6.037736,1,2026-04-09,2026-10-02,mootdx,2026-10-02T10:02:03.930854+08:00,2026-07-28,2026-07-29,xdxr_capital_history,current_mootdx_f10,3.748326639892907,ok,ok,early,validation,filled_proxy,09:31,09:32,1,15.790000000000001,15.81,600,27877.0,0.0215231194174409,16.28,5.087013744165669,5.360604416085257,filled_proxy,09:32,15.08,15.1,21345.0,early_exit,-4.769832634461723,16.65,filled_proxy,14:56,15.75,15.77,3352.0,end_of_day_exit,-0.5364434846666266,16.65
2026-06-29,sh:stock:603726,603726,朗迪集团,sh,main,家用电器,29.8,32.35,29.62,32.35,29.41,32.35,131778.0,420964960.0,185651191.4063,184706191.4063,6005816041.99,5975245291.99,7.134466,9.282557,1.32608,9.9966,13.389415,1,2026-07-07,2026-10-02,mootdx,2026-10-02T10:02:03.930854+08:00,2026-06-30,2026-07-01,xdxr_capital_history,current_mootdx_f10,4.080370942812994,ok,ok,early,purged,filled_proxy,09:31,09:32,1,32.6,32.64,200,8463.0,0.023632281696797826,35.26,4.6906348990285895,9.598903315412777,filled_proxy,09:32,35.26,35.300000000000004,5318.0,early_exit,7.81161947917961,34.38,filled_proxy,09:32,34.38,35.300000000000004,5318.0,precommitted_target,5.1190053315983475,34.38
2026-03-02,sh:stock:603727,603727,博迈科,sh,main,石油石化,18.89,19.81,18.5,19.81,18.01,19.81,256185.0,492595520.0,281719277.3438,281719277.3438,5580858884.18,5580858884.18,9.093627,7.273737,4.886174,9.994448,21.982759,1,2022-12-20,2026-10-02,mootdx,2026-10-02T10:02:03.930854+08:00,2026-03-03,2026-03-04,xdxr_capital_history,current_mootdx_f10,3.4830893488137393,ok,ok,early,train,filled_proxy,09:31,09:32,1,21.0,21.03,400,14684.0,0.027240533914464723,21.59,-2.8306714843667202,-2.263590963850315,filled_proxy,10:42,19.95,19.97,41589.0,early_exit,-5.300575753304937,22.14,filled_proxy,14:57,19.61,19.63,2365.0,end_of_day_exit,-6.915513159918374,22.14
2026-07-01,sh:stock:603738,603738,泰晶科技,sh,main,电子,66.06,66.06,66.06,66.06,60.05,66.06,52027.0,343690368.0,385887500.0,385887500.0,25491728250.0,25491728250.0,1.348243,0.0,10.008326,10.008326,7.572057,1,2025-10-20,2026-10-02,mootdx,2026-10-02T10:02:03.930854+08:00,2026-07-02,2026-07-03,xdxr_capital_history,current_mootdx_f10,3.6936118679987917,ok,ok,early,validation,observed_breach_before_fill,,,,,,,,,,,,,,,,,,,,,,,,,,,
2026-07-06,sh:stock:603757,603757,大元泵业,sh,main,机械设备,70.31,79.19,70.31,79.19,71.99,79.19,157978.0,1222250240.0,186547265.625,186547265.625,14772677964.84,14772677964.84,8.468524,12.335047,-2.333657,10.001389,12.485795,1,2025-09-16,2026-10-02,mootdx,2026-10-02T10:02:03.930854+08:00,2026-07-07,2026-07-08,xdxr_capital_history,current_mootdx_f10,3.548427831796941,ok,ok,early,validation,observed_breach_before_fill,,,,,,,,,,,,,,,,,,,,,,,,,,,
2026-05-21,sh:stock:603767,603767,中马传动,sh,main,汽车,22.21,24.34,21.67,24.34,22.13,24.34,267040.0,627267072.0,308631503.9063,308631503.9063,7512090805.08,7512090805.08,8.65239,12.06507,0.3615,9.986444,23.741739,1,2023-10-12,2026-10-02,mootdx,2026-10-02T10:02:03.930854+08:00,2026-05-22,2026-05-25,xdxr_capital_history,current_mootdx_f10,3.697617091207883,ok,ok,early,train,filled_proxy,09:31,09:32,1,24.55,24.58,300,15096.0,0.01987281399046105,26.53,-2.6662038750679184,-0.6121160065815978,filled_proxy,09:32,23.77,23.8,9490.0,early_exit,-3.478899371996236,25.89,filled_proxy,14:56,22.78,22.81,2459.0,end_of_day_exit,-7.501742081791408,25.89
2026-04-09,sh:stock:603773,603773,沃格光电,sh,main,电子,36.22,39.22,36.09,39.22,35.65,39.22,225721.0,866398912.0,224736640.625,224658632.8125,8814171045.31,8811111578.91,10.047288,8.779804,1.598878,10.014025,14.913566,1,2026-05-27,2026-10-02,mootdx,2026-10-02T10:02:03.930854+08:00,2026-04-10,2026-04-13,xdxr_capital_history,current_mootdx_f10,3.2636409994900584,ok,ok,early,train,filled_proxy,09:31,09:32,1,40.0,40.04,200,16515.0,0.012110202845897668,42.75,4.23876083364938,13.081283855084092,filled_proxy,09:32,43.56,43.61,12846.0,early_exit,8.60439173347185,42.16,filled_proxy,09:32,42.16,43.61,12846.0,precommitted_target,5.111887013613869,42.16
2026-04-27,sh:stock:603773,603773,沃格光电,sh,main,电子,60.57,64.13,60.06,64.13,58.3,64.13,133922.0,849584896.0,224736640.625,224658632.8125,14412360763.28,14407358122.27,5.961133,6.981132,3.893654,10.0,10.20794,1,2026-05-27,2026-10-02,mootdx,2026-10-02T10:02:03.930854+08:00,2026-04-28,2026-04-29,xdxr_capital_history,current_mootdx_f10,4.319351317636078,ok,ok,early,train,filled_proxy,09:31,09:32,1,65.41,65.48,100,12641.0,0.007910766553279013,69.9,-1.9433167635614645,6.186529616975522,filled_proxy,09:32,67.69,67.76,10722.0,early_exit,3.1661873459564394,68.96,filled_proxy,09:37,68.96,69.2,10255.0,precommitted_target,5.103223232251275,68.96
2026-06-01,sh:stock:603773,603773,沃格光电,sh,main,电子,110.0,114.49,109.23,114.49,104.08,114.49,121841.0,1381952640.0,224756640.625,224678632.8125,25732387785.16,25723456670.7,5.422901,5.053805,5.687932,10.001922,37.575102,1,2026-08-18,2026-10-02,mootdx,2026-10-02T10:02:03.930854+08:00,2026-06-02,2026-06-03,xdxr_capital_history,current_mootdx_f10,3.2491920691763543,ok,ok,early,train,below_one_lot,,,,,,,,,,,,,,,,,,,,,,,,,,,
2026-06-16,sh:stock:603773,603773,沃格光电,sh,main,电子,137.0,151.03,137.0,151.03,137.3,151.03,268237.0,3954986240.0,224756640.625,224678632.8125,33944995433.59,33933213913.67,11.938696,10.2185,-0.2185,10.0,0.586081,1,2026-08-18,2026-10-02,mootdx,2026-10-02T10:02:03.930854+08:00,2026-06-17,2026-06-18,xdxr_capital_history,current_mootdx_f10,3.078858504932791,ok,ok,early,train,below_one_lot,,,,,,,,,,,,,,,,,,,,,,,,,,,
2026-02-03,sh:stock:603778,603778,国晟科技,sh,main,建筑装饰,13.99,14.71,13.8,14.71,13.37,14.71,892811.0,1285394048.0,656642109.375,642857148.4375,9659205428.91,9456428653.52,13.888171,6.806283,4.637248,10.022438,-12.700297,1,2026-03-27,2026-10-02,mootdx,2026-10-02T10:02:03.930854+08:00,2026-02-04,2026-02-05,xdxr_capital_history,current_mootdx_f10,3.3310673011556657,ok,ok,early,train,filled_proxy,09:31,09:32,1,15.24,15.26,600,41505.0,0.014456089627755693,16.03,8.872486369953926,14.3875736463003,filled_proxy,09:32,15.01,15.030000000000001,65719.0,early_exit,-1.7976528115826396,16.07,filled_proxy,09:39,16.07,16.42,22965.0,precommitted_target,5.141210705244825,16.07
2026-04-20,sh:stock:603778,603778,国晟科技,sh,main,建筑装饰,24.82,26.68,24.82,26.68,24.25,26.68,868160.0,2266638848.0,660042109.375,642857148.4375,17609923478.13,17151428720.31,13.504711,7.670103,2.350515,10.020619,-19.39577,1,2026-03-27,2026-10-02,mootdx,2026-10-02T10:02:03.930854+08:00,2026-04-21,2026-04-22,xdxr_capital_history,current_mootdx_f10,4.722638680659674,ok,ok,early,train,filled_proxy,09:31,09:32,1,28.5,28.53,300,65128.0,0.004606313720673136,29.08,-8.781723303631772,-4.955561168439948,filled_proxy,09:32,26.37,26.400000000000002,47422.0,early_exit,-7.7313589762944,30.04,unfilled_d3,,,,,limit_down_or_capacity,,30.04
2026-06-08,sh:stock:603778,603778,国晟科技,sh,main,建筑装饰,18.9,18.95,18.03,18.95,17.23,18.95,406691.0,761930176.0,660042109.375,642857148.4375,12507797972.66,12182142962.89,6.326304,5.339524,9.692397,9.982589,3.045133,1,2026-03-27,2026-10-02,mootdx,2026-10-02T10:02:03.930854+08:00,2026-06-09,2026-06-10,xdxr_capital_history,current_mootdx_f10,3.2189973614775713,ok,ok,early,train,filled_proxy,09:31,09:32,1,19.990000000000002,20.01,400,48097.0,0.00831652701831715,20.66,-0.37649667439209056,3.962062731988869,filled_proxy,09:32,19.93,19.95,25670.0,early_exit,-0.576168046386516,21.07,filled_proxy,14:56,20.43,20.46,15001.0,end_of_day_exit,1.9197241035438406,21.07
2026-07-20,sh:stock:603779,603779,威龙股份,sh,main,食品饮料,7.92,8.68,7.73,8.68,7.89,8.68,485383.0,410630656.0,332082773.4375,332082773.4375,2882478473.44,2882478473.44,14.616326,12.040558,0.380228,10.012674,13.761468,1,2024-07-04,2026-10-02,mootdx,2026-10-02T10:02:03.930854+08:00,2026-07-21,2026-07-22,xdxr_capital_history,current_mootdx_f10,3.2258064516129226,ok,ok,early,validation,observed_breach_before_fill,,,,,,,,,,,,,,,,,,,,,,,,,,,
2026-06-15,sh:stock:603800,603800,洪田股份,sh,main,机械设备,68.85,74.83,68.58,74.83,68.03,74.83,102483.0,743054080.0,208000000.0,208000000.0,15564640000.0,15564640000.0,4.927067,9.187123,1.205351,9.99559,2.675631,1,2018-12-10,2026-10-02,mootdx,2026-10-02T10:02:03.930854+08:00,2026-06-16,2026-06-17,xdxr_capital_history,current_mootdx_f10,3.167178938928239,ok,ok,early,train,filled_proxy,09:31,09:32,1,77.63,77.71,100,2892.0,0.034578146611341634,81.56,2.4543804359692167,4.971332286235608,filled_proxy,09:32,80.32,80.41,1975.0,early_exit,3.1741705677990284,81.82,filled_proxy,14:56,81.26,81.35000000000001,694.0,end_of_day_exit,4.3823897176562765,81.82
2026-02-03,sh:stock:603806,603806,福斯特,sh,main,电力设备,17.36,18.7,17.3,18.7,17.0,18.7,998977.0,1844430720.0,2608739218.75,2608739218.75,48783423390.63,48783423390.63,3.829348,8.235294,2.117647,10.0,-0.213447,1,2026-03-31,2026-10-02,mootdx,2026-10-02T10:02:03.930854+08:00,2026-02-04,2026-02-05,xdxr_capital_history,current_mootdx_f10,3.2620320855614837,ok,ok,early,train,filled_proxy,09:31,09:32,1,19.080000000000002,19.1,400,43009.0,0.00930037899044386,20.38,0.026409677213945493,0.29201380956767053,filled_proxy,09:32,18.91,18.93,32766.0,early_exit,-1.1763654840650228,20.12,filled_proxy,14:56,18.61,18.63,3802.0,end_of_day_exit,-2.745202650950629,20.12
2026-07-14,sh:stock:603806,603806,福斯特,sh,main,电力设备,14.2,14.91,14.2,14.91,13.55,14.91,280339.0,413917280.0,2608745625.0,2608745625.0,38896397268.75,38896397268.75,1.074612,5.239852,4.797048,10.0369,0.0,1,2026-06-30,2026-10-02,mootdx,2026-10-02T10:02:03.930854+08:00,2026-07-15,2026-07-16,xdxr_capital_history,current_mootdx_f10,4.761904761904745,ok,ok,early,validation,filled_proxy,09:31,09:32,1,15.6,15.62,600,58128.0,0.010322047894302229,16.25,-6.298110028914172,-6.008530494670161,filled_proxy,09:32,14.5,14.52,10170.0,early_exit,-7.321359266525496,16.45,filled_proxy,14:56,14.23,14.25,1653.0,end_of_day_exit,-9.04809235499463,16.45
2026-06-30,sh:stock:603823,603823,百合花,sh,main,基础化工,44.65,54.57,44.65,54.57,49.61,54.57,216012.0,1113667840.0,416367695.3125,416367695.3125,22721185133.2,22721185133.2,5.188011,19.995969,-9.997984,9.997984,4.54023,1,2026-03-13,2026-10-02,mootdx,2026-10-02T10:02:03.930854+08:00,2026-07-01,2026-07-02,xdxr_capital_history,current_mootdx_f10,4.452996151731714,ok,ok,early,validation,observed_breach_before_fill,,,,,,,,,,,,,,,,,,,,,,,,,,,
2026-08-03,sh:stock:603823,603823,百合花,sh,main,基础化工,44.29,51.48,42.56,51.48,46.8,51.48,319752.0,1542552064.0,416367695.3125,416367695.3125,21434608954.69,21434608954.69,7.679558,19.059829,-5.363248,10.0,-24.648712,1,2026-03-13,2026-10-02,mootdx,2026-10-02T10:02:03.930854+08:00,2026-08-04,2026-08-05,xdxr_capital_history,current_mootdx_f10,4.001554001553997,ok,ok,early,validation,observed_breach_before_fill,,,,,,,,,,,,,,,,,,,,,,,,,,,
2026-08-05,sh:stock:603823,603823,百合花,sh,main,基础化工,55.08,60.73,55.08,60.73,55.21,60.73,124580.0,741371776.0,416367695.3125,416367695.3125,25286010136.33,25286010136.33,2.992067,10.233653,-0.235465,9.998189,9.73979,1,2026-03-13,2026-10-02,mootdx,2026-10-02T10:02:03.930854+08:00,2026-08-06,2026-08-07,xdxr_capital_history,current_mootdx_f10,4.4623744442614965,ok,ok,early,validation,filled_proxy,09:31,09:32,1,65.59,65.66,100,13709.0,0.0072944780800933695,66.2,4.967417720187561,5.8956518894379695,filled_proxy,09:32,66.43,66.5,14626.0,early_exit,0.9670639936962822,69.15,filled_proxy,14:56,65.77,65.84,1178.0,end_of_day_exit,-0.03682705553729182,69.15
2026-08-17,sh:stock:603823,603823,百合花,sh,main,基础化工,72.41,78.09,72.41,78.09,70.99,78.09,145219.0,1117027968.0,416367695.3125,416367695.3125,32514153326.95,32514153326.95,3.487759,8.001127,2.000282,10.001409,14.200058,1,2026-03-13,2026-10-02,mootdx,2026-10-02T10:02:03.930854+08:00,2026-08-18,2026-08-19,xdxr_capital_history,current_mootdx_f10,4.878985785631973,ok,ok,early,validation,filled_proxy,09:31,09:32,1,84.44,84.53,100,11577.0,0.008637816360024185,85.12,7.357216256149202,9.551806351478964,filled_proxy,09:32,90.7,90.8,20225.0,early_exit,7.120876693342759,88.99,filled_proxy,09:32,88.99,90.8,20225.0,precommitted_target,5.10017343134781,88.99
2026-04-16,sh:stock:603826,603826,坤彩科技,sh,main,基础化工,31.56,34.16,31.06,34.16,31.05,34.16,186069.0,626314944.0,655200000.0,655200000.0,22381632000.0,22381632000.0,2.839881,9.983897,1.642512,10.016103,28.954322,1,2026-07-14,2026-10-02,mootdx,2026-10-02T10:02:03.930854+08:00,2026-04-17,2026-04-20,xdxr_capital_history,current_mootdx_f10,3.9227166276346814,ok,ok,early,train,filled_proxy,09:31,09:32,1,35.25,35.29,200,8292.0,0.0241196333815726,37.23,-3.5048611959361264,-3.43178580611041,filled_proxy,09:32,33.51,33.55,6585.0,early_exit,-5.231274356032268,37.17,filled_proxy,14:56,33.18,33.22,1396.0,end_of_day_exit,-6.165235573789207,37.17
2026-01-12,sh:stock:603859,603859,能科科技,sh,main,计算机,50.6,52.8,49.78,52.8,48.0,52.8,349552.0,1817893120.0,244697695.3125,244697695.3125,12920038312.5,12920038312.5,14.285055,6.291667,5.416667,10.0,19.402985,1,2026-07-10,2026-10-02,mootdx,2026-10-02T10:02:03.930854+08:00,2026-01-13,2026-01-14,xdxr_capital_history,current_mootdx_f10,4.166666666666674,ok,ok,early,train,filled_proxy,09:31,09:32,1,54.89,54.95,100,18567.0,0.005385899714547315,57.55,1.5652954521845341,8.580082329177463,filled_proxy,09:32,57.74,57.800000000000004,9799.0,early_exit,4.836320953484297,57.89,filled_proxy,09:35,57.89,59.29,11390.0,precommitted_target,5.10890641192594,57.89
2026-07-01,sh:stock:603859,603859,能科科技,sh,main,计算机,51.65,52.78,51.65,52.78,47.98,52.78,55675.0,292528384.0,244697695.3125,244697695.3125,12915144358.59,12915144358.59,2.275256,2.355148,7.64902,10.004168,3.734277,1,2026-07-10,2026-10-02,mootdx,2026-10-02T10:02:03.930854+08:00,2026-07-02,2026-07-03,xdxr_capital_history,current_mootdx_f10,3.429329291398253,ok,ok,early,validation,filled_proxy,09:31,09:32,1,53.47,53.53,100,11828.0,0.008454514710855596,57.53,-5.0699655850582666,1.3387383221981297,filled_proxy,09:32,50.83,50.89,5881.0,early_exit,-5.275159317044009,56.4,filled_proxy,14:56,52.24,52.300000000000004,1401.0,end_of_day_exit,-2.6449487524996873,56.4
2026-04-24,sh:stock:603876,603876,鼎胜新材,sh,main,有色金属,24.4,26.95,24.36,26.95,24.5,26.95,526818.0,1373025536.0,929267187.5,929267187.5,25043750703.13,25043750703.13,5.669177,10.571429,-0.408163,10.0,7.370518,1,2025-08-11,2026-10-02,mootdx,2026-10-02T10:02:03.930854+08:00,2026-04-27,2026-04-28,xdxr_capital_history,current_mootdx_f10,3.0055658627087256,ok,ok,early,train,filled_proxy,09:31,09:32,1,27.95,27.98,300,21021.0,0.014271442842871414,29.38,0.864269847980581,4.008794136899629,filled_proxy,09:32,28.12,28.150000000000002,10421.0,early_exit,0.3287703777848039,29.46,filled_proxy,14:56,27.34,27.37,1615.0,end_of_day_exit,-2.455826867233346,29.46
2026-01-14,sh:stock:603881,603881,数据港,sh,main,通信,35.9,38.52,35.9,38.52,35.02,38.52,1265441.0,4790238720.0,718377031.25,718377031.25,27671883243.75,27671883243.75,17.615276,7.481439,2.51285,9.994289,16.550681,1,2026-06-23,2026-10-02,mootdx,2026-10-02T10:02:03.930854+08:00,2026-01-15,2026-01-16,xdxr_capital_history,current_mootdx_f10,3.842159916926269,ok,ok,early,train,filled_proxy,09:31,09:32,1,40.5,40.55,200,79745.0,0.0025079942316132676,41.99,-10.471747965648802,-6.230282415045741,filled_proxy,09:32,37.56,37.6,21678.0,early_exit,-7.540432590377922,42.7,filled_proxy,14:56,35.62,35.660000000000004,9781.0,end_of_day_exit,-12.319215639138847,42.7
2026-01-09,sh:stock:603882,603882,金域医学,sh,main,医药生物,30.9,33.66,30.8,33.66,30.6,33.66,333832.0,1104099968.0,463258281.25,460134570.3125,15593273746.88,15488129636.72,7.255095,9.346405,0.980392,10.0,18.688293,1,2026-09-16,2026-10-02,mootdx,2026-10-02T10:02:03.930854+08:00,2026-01-12,2026-01-13,xdxr_capital_history,current_mootdx_f10,4.81283422459895,ok,ok,early,train,filled_proxy,09:31,09:32,1,36.5,36.54,200,31469.0,0.006355460929803935,36.69,6.781550445001172,11.016513858767564,filled_proxy,09:32,40.1,40.15,18875.0,early_exit,9.542318425730812,38.48,filled_proxy,09:32,38.48,40.15,18875.0,precommitted_target,5.114155921986208,38.48
2026-05-22,sh:stock:603890,603890,春秋电子,sh,main,电子,20.99,22.97,20.99,22.97,20.88,22.97,494959.0,1111606912.0,446808398.4375,446808398.4375,10263188912.11,10263188912.11,11.077657,9.482759,0.52682,10.009579,14.506481,1,2026-06-10,2026-10-02,mootdx,2026-10-02T10:02:03.930854+08:00,2026-05-25,2026-05-26,xdxr_capital_history,current_mootdx_f10,4.484109708315209,ok,ok,early,train,filled_proxy,09:31,09:32,1,24.16,24.19,300,46074.0,0.0065112644875634845,25.04,-2.956058727460509,0.8241558012962669,filled_proxy,09:32,23.5,23.53,24807.0,early_exit,-3.038637632341923,25.48,filled_proxy,14:56,24.14,24.17,6792.0,end_of_day_exit,-0.39611267613647305,25.48
2026-04-30,sh:stock:603897,603897,长城科技,sh,main,电力设备,48.5,52.36,47.8,52.36,47.6,52.36,101922.0,513851744.0,206435683.5938,206435683.5938,10808972392.97,10808972392.97,4.937228,9.579832,1.890756,10.0,1.003086,1,2021-12-23,2026-10-02,mootdx,2026-10-02T10:02:03.930854+08:00,2026-05-06,2026-05-07,xdxr_capital_history,current_mootdx_f10,4.717341482047366,ok,ok,early,train,filled_proxy,09:31,09:32,1,53.28,53.34,100,4566.0,0.021901007446342532,57.07,-0.05204630527254617,6.65530888065633,filled_proxy,09:32,52.22,52.28,2130.0,early_exit,-2.335930211927806,56.2,filled_proxy,09:57,56.2,56.300000000000004,805.0,precommitted_target,5.114773024537711,56.2
2026-07-02,sh:stock:603897,603897,长城科技,sh,main,电力设备,34.51,37.41,33.02,37.41,34.01,37.41,59615.0,218890128.0,206435683.5938,206435683.5938,7722758923.24,7722758923.24,2.887824,12.907968,1.470156,9.99706,7.903086,1,2021-12-23,2026-10-02,mootdx,2026-10-02T10:02:03.930854+08:00,2026-07-03,2026-07-06,xdxr_capital_history,current_mootdx_f10,3.074044373162277,ok,ok,early,validation,observed_breach_before_fill,,,,,,,,,,,,,,,,,,,,,,,,,,,
2026-01-28,sh:stock:603900,603900,莱绅通灵,sh,main,纺织服饰,9.72,10.53,9.65,10.53,9.57,10.53,416663.0,431874176.0,343023828.125,341748828.125,3612040910.16,3598615160.16,12.192083,9.195402,1.567398,10.031348,12.260128,1,2026-03-13,2026-10-02,mootdx,2026-10-02T10:02:03.930854+08:00,2026-01-29,2026-01-30,xdxr_capital_history,current_mootdx_f10,3.7986704653371284,ok,ok,early,train,filled_proxy,09:31,09:32,1,11.040000000000001,11.06,800,49834.0,0.016053296945860256,11.48,-16.331821863820338,-14.520768148473318,filled_proxy,09:32,9.33,9.34,18607.0,early_exit,-15.78991470782183,11.65,unfilled_d3,,,,,limit_down_or_capacity,,11.65
2026-09-09,sh:stock:603900,603900,莱绅通灵,sh,main,纺织服饰,6.7,7.45,6.57,7.45,6.77,7.45,389548.0,274873568.0,342903828.125,342723828.125,2554633519.53,2553292519.53,11.366236,12.998523,-1.033973,10.044313,4.781997,1,2026-08-06,2026-10-02,mootdx,2026-10-02T10:02:03.930854+08:00,2026-09-10,2026-09-11,xdxr_capital_history,current_mootdx_f10,4.966442953020134,ok,ok,early,holdout,filled_proxy,09:31,09:32,1,7.9,7.91,1200,47185.0,0.025431810956871886,8.12,-8.744986619550389,-7.953148397088993,filled_proxy,09:32,7.06,7.07,29892.0,early_exit,-10.891916409318137,8.33,filled_proxy,14:56,6.88,6.890000000000001,2503.0,end_of_day_exit,-13.165136186719284,8.33
2026-06-22,sh:stock:603906,603906,龙蟠科技,sh,main,电力设备,24.27,26.18,23.9,26.18,23.8,26.18,540960.0,1368147968.0,791111875.0,562996484.375,20711308887.5,14739247960.94,9.608586,9.579832,1.97479,10.0,7.648026,1,2026-06-22,2026-10-02,mootdx,2026-10-02T10:02:03.930854+08:00,2026-06-23,2026-06-24,xdxr_capital_history,current_mootdx_f10,3.361344537815114,ok,ok,early,train,filled_proxy,09:31,09:32,1,27.36,27.39,300,44570.0,0.006730984967466906,28.54,-0.5382765470464679,6.685039160828543,filled_proxy,09:32,27.91,27.94,19681.0,early_exit,1.7227704256816079,28.84,filled_proxy,13:13,28.84,28.89,4812.0,precommitted_target,5.114340884773716,28.84
2026-01-29,sh:stock:603919,603919,金徽酒,sh,main,食品饮料,19.55,21.54,19.47,21.54,19.58,21.54,159996.0,332155040.0,507260000.0,507260000.0,10926380400.0,10926380400.0,3.154122,10.572012,-0.153218,10.010215,8.40463,1,2022-05-24,2026-10-02,mootdx,2026-10-02T10:02:03.930854+08:00,2026-01-30,2026-02-02,xdxr_capital_history,current_mootdx_f10,3.8997214484679743,ok,ok,early,train,filled_proxy,09:31,09:32,1,23.45,23.48,400,18702.0,0.021388086835632553,23.48,-9.0927625846268,1.866822375230659,filled_proxy,09:32,22.21,22.240000000000002,8510.0,early_exit,-5.561557269186035,24.72,filled_proxy,14:56,23.95,23.98,1725.0,end_of_day_exit,1.8412105005331414,24.72
2026-03-24,sh:stock:603922,603922,ST金鸿顺,sh,main,汽车,19.2,20.9,19.0,20.9,19.0,20.9,124755.0,255521408.0,179200000.0,179200000.0,3745280000.0,3745280000.0,6.961775,10.0,1.052632,10.0,1.752678,1,2024-07-09,2026-10-02,mootdx,2026-10-02T10:02:03.930854+08:00,2026-03-25,2026-03-26,xdxr_capital_history,current_mootdx_f10,3.732057416267942,ok,ok,early,train,filled_proxy,09:31,09:32,1,21.45,21.48,400,3972.0,0.10070493454179255,22.78,3.970538426350867,4.09879553326602,filled_proxy,09:32,21.78,21.81,1589.0,early_exit,1.2268222160562114,22.62,filled_proxy,14:56,20.71,20.740000000000002,416.0,end_of_day_exit,-3.749069894139201,22.62
2026-07-08,sh:stock:603928,603928,兴业股份,sh,main,基础化工,14.9,16.36,14.81,16.36,14.87,16.36,490310.0,782897088.0,340703984.375,340703984.375,5573917184.38,5573917184.38,14.391085,10.423672,0.201748,10.020175,13.611111,1,2026-06-18,2026-10-02,mootdx,2026-10-02T10:02:03.930854+08:00,2026-07-09,2026-07-10,xdxr_capital_history,current_mootdx_f10,3.9119804400977953,ok,ok,early,validation,filled_proxy,09:31,09:32,1,17.52,17.54,500,63030.0,0.007932730445819451,17.83,-1.3049373854121193,12.592106048125306,filled_proxy,09:32,17.71,17.73,50868.0,early_exit,0.802228449523068,18.47,filled_proxy,09:35,18.47,18.650000000000002,23238.0,precommitted_target,5.130460975335893,18.47
2026-01-05,sh:stock:603929,603929,亚翔集成,sh,main,建筑装饰,97.99,105.05,97.41,105.05,95.5,105.05,62711.0,643887360.0,213360000.0,213360000.0,22413468000.0,22413468000.0,2.939211,8.0,2.60733,10.0,-0.896226,1,2019-12-31,2026-10-02,mootdx,2026-10-02T10:02:03.930854+08:00,2026-01-06,2026-01-07,xdxr_capital_history,current_mootdx_f10,3.664921465968596,ok,ok,early,train,below_one_lot,,,,,,,,,,,,,,,,,,,,,,,,,,,
2026-01-16,sh:stock:603929,603929,亚翔集成,sh,main,建筑装饰,145.0,163.46,144.74,163.46,148.6,163.46,54967.0,875294656.0,213360000.0,213360000.0,34875825600.0,34875825600.0,2.576256,12.597577,-2.422611,10.0,30.247012,1,2019-12-31,2026-10-02,mootdx,2026-10-02T10:02:03.930854+08:00,2026-01-19,2026-01-20,xdxr_capital_history,current_mootdx_f10,3.389208369019947,ok,ok,early,train,below_one_lot,,,,,,,,,,,,,,,,,,,,,,,,,,,
2026-05-22,sh:stock:603936,603936,博敏电子,sh,main,电子,21.2,22.59,21.2,22.59,20.54,22.59,1080174.0,2388941568.0,645348007.8125,630398007.8125,14578411496.48,14240690996.48,17.134794,6.767283,3.213242,9.980526,7.010895,1,2026-05-20,2026-10-02,mootdx,2026-10-02T10:02:03.930854+08:00,2026-05-25,2026-05-26,xdxr_capital_history,current_mootdx_f10,4.02833111996459,ok,ok,early,train,filled_proxy,09:31,09:32,1,24.35,24.38,400,51576.0,0.007755545214828603,24.62,3.1235288914074566,10.429392797131731,filled_proxy,09:32,25.67,25.7,60295.0,early_exit,5.131298513453841,25.67,filled_proxy,09:33,25.67,26.060000000000002,38320.0,precommitted_target,5.131298513453841,25.67
2026-08-07,sh:stock:603936,603936,博敏电子,sh,main,电子,14.49,15.93,14.49,15.93,14.48,15.93,434369.0,663102976.0,645348007.8125,630398007.8125,10280393764.45,10042240264.45,6.890393,9.944751,0.069061,10.013812,28.987854,1,2026-05-20,2026-10-02,mootdx,2026-10-02T10:02:03.930854+08:00,2026-08-10,2026-08-11,xdxr_capital_history,current_mootdx_f10,3.4526051475204156,ok,ok,early,validation,observed_breach_before_fill,,,,,,,,,,,,,,,,,,,,,,,,,,,
2026-01-15,sh:stock:603938,603938,三孚股份,sh,main,基础化工,22.98,25.73,22.98,25.73,23.39,25.73,316436.0,776032128.0,382624492.1875,382624492.1875,9844928183.98,9844928183.98,8.270145,11.757161,-1.752886,10.004275,11.966928,1,2023-05-11,2026-10-02,mootdx,2026-10-02T10:02:03.930854+08:00,2026-01-16,2026-01-19,xdxr_capital_history,current_mootdx_f10,4.935872522347462,ok,ok,early,train,filled_proxy,09:31,09:32,1,26.7,26.73,300,12706.0,0.023610892491736188,28.05,-6.529219145303678,0.47014286244315695,filled_proxy,09:32,25.88,25.91,19654.0,early_exit,-3.352905549663998,28.15,filled_proxy,14:56,26.18,26.21,1966.0,end_of_day_exit,-2.231853692379415,28.15
2026-06-03,sh:stock:603938,603938,三孚股份,sh,main,基础化工,43.67,47.38,43.55,47.38,43.07,47.38,290681.0,1352245376.0,382624492.1875,382624492.1875,18128748439.84,18128748439.84,7.597031,8.892501,1.393081,10.006965,11.220657,1,2023-05-11,2026-10-02,mootdx,2026-10-02T10:02:03.930854+08:00,2026-06-04,2026-06-05,xdxr_capital_history,current_mootdx_f10,3.4191642043056136,ok,ok,early,train,filled_proxy,09:31,09:32,1,48.1,48.15,100,19328.0,0.005173841059602649,51.64,-3.1624663334535286,9.314818231017075,filled_proxy,09:32,49.92,49.97,12867.0,early_exit,3.4108773373975776,50.74,filled_proxy,09:34,50.74,51.45,15683.0,precommitted_target,5.111237529857471,50.74
2026-06-10,sh:stock:603938,603938,三孚股份,sh,main,基础化工,52.2,59.98,52.19,59.98,54.53,59.98,348050.0,2029209856.0,382624492.1875,382624492.1875,22949817041.41,22949817041.41,9.096386,14.285714,-4.272877,9.994498,26.593499,1,2023-05-11,2026-10-02,mootdx,2026-10-02T10:02:03.930854+08:00,2026-06-11,2026-06-12,xdxr_capital_history,current_mootdx_f10,4.784928309436487,ok,ok,early,train,filled_proxy,09:31,09:32,1,64.0,64.07,100,29313.0,0.003411455668133593,65.38,-9.498153376998298,-8.374112465941085,filled_proxy,09:32,56.62,56.68,18004.0,early_exit,-11.820712982988013,67.48,unfilled_d3,,,,,limit_down_or_capacity,,67.48
2026-02-26,sh:stock:603950,603950,长源东谷,sh,main,汽车,37.0,40.46,36.15,40.46,36.78,40.46,123137.0,479771168.0,324130800.7813,323606796.875,13114332199.61,13093131001.56,3.805143,11.718325,0.598151,10.005438,12.170779,1,2026-06-16,2026-10-02,mootdx,2026-10-02T10:02:03.930854+08:00,2026-02-27,2026-03-02,xdxr_capital_history,current_mootdx_f10,3.806228373702414,ok,ok,early,train,no_pre10_fill_proxy,,,,,,,,,,,,,,,,,,,,,,,,,,,
2026-05-07,sh:stock:603950,603950,长源东谷,sh,main,汽车,58.31,63.8,57.02,63.8,58.0,63.8,125658.0,763144128.0,324130800.7813,323606796.875,20679545089.84,20646113640.63,3.883046,11.689655,0.534483,10.0,8.135593,1,2026-06-16,2026-10-02,mootdx,2026-10-02T10:02:03.930854+08:00,2026-05-08,2026-05-11,xdxr_capital_history,current_mootdx_f10,3.7617554858934366,ok,ok,early,train,observed_breach_before_fill,,,,,,,,,,,,,,,,,,,,,,,,,,,
2026-06-29,sh:stock:603950,603950,长源东谷,sh,main,汽车,74.7,76.75,71.84,76.75,69.77,76.75,139539.0,1047530944.0,324130800.7813,323868808.5938,24877038959.96,24856931059.57,4.308504,7.037409,7.066074,10.0043,6.037579,1,2026-06-16,2026-10-02,mootdx,2026-10-02T10:02:03.930854+08:00,2026-06-30,2026-07-01,xdxr_capital_history,current_mootdx_f10,4.234527687296419,ok,ok,early,purged,no_pre10_fill_proxy,,,,,,,,,,,,,,,,,,,,,,,,,,,
2026-08-31,sh:stock:603950,603950,长源东谷,sh,main,汽车,58.61,65.84,57.63,65.84,59.85,65.84,114340.0,717734592.0,324130800.7813,323868808.5938,21340771923.44,21323522357.81,3.530442,13.717627,-2.071846,10.008354,7.757774,1,2026-06-16,2026-10-02,mootdx,2026-10-02T10:02:03.930854+08:00,2026-09-01,2026-09-02,xdxr_capital_history,current_mootdx_f10,3.690765492102055,ok,ok,early,holdout,filled_proxy,09:31,09:32,1,66.91,66.98,100,4759.0,0.02101281781886951,71.77,-4.9279127149644,2.11213641490422,filled_proxy,09:32,63.17,63.24,1289.0,early_exit,-5.882212592779423,70.54,filled_proxy,14:56,66.11,66.18,264.0,end_of_day_exit,-1.4983975290666085,70.54
2026-05-22,sh:stock:603960,603960,克来机电,sh,main,机械设备,21.52,23.67,21.33,23.67,21.52,23.67,147100.0,334522592.0,262197890.625,262197890.625,6206224071.09,6206224071.09,5.610266,10.873606,0.0,9.990706,2.025862,1,2025-07-03,2026-10-02,mootdx,2026-10-02T10:02:03.930854+08:00,2026-05-25,2026-05-26,xdxr_capital_history,current_mootdx_f10,3.2530629488804363,ok,ok,early,train,filled_proxy,09:31,09:32,1,24.6,24.63,300,10152.0,0.02955082742316785,25.8,-1.3226732847810285,-0.8137414150185096,filled_proxy,09:32,24.03,24.060000000000002,2163.0,early_exit,-2.6203481718249377,25.94,filled_proxy,14:56,23.78,23.81,1015.0,end_of_day_exit,-3.634156677327982,25.94
2026-06-30,sh:stock:603985,603985,恒润股份,sh,main,电力设备,21.61,24.02,21.56,24.02,21.84,24.02,146748.0,341534272.0,440858007.8125,440858007.8125,10589409347.66,10589409347.66,3.328691,11.263736,-1.053114,9.981685,0.92437,1,2023-04-21,2026-10-02,mootdx,2026-10-02T10:02:03.930854+08:00,2026-07-01,2026-07-02,xdxr_capital_history,current_mootdx_f10,4.079933388842627,ok,ok,early,validation,filled_proxy,09:31,09:32,1,24.79,24.82,300,13360.0,0.02245508982035928,26.18,-0.34714188052819006,0.759194362419513,filled_proxy,09:32,24.65,24.68,4460.0,early_exit,-0.8702893837407744,26.14,filled_proxy,14:56,23.6,23.63,1812.0,end_of_day_exit,-5.095711525073121,26.14
2026-01-28,sh:stock:603988,603988,中电电机,sh,main,电力设备,34.86,38.13,34.67,38.13,34.66,38.13,151277.0,567084608.0,235200000.0,235200000.0,8968176000.0,8968176000.0,6.431845,9.982689,0.577034,10.011541,22.211538,1,2018-09-03,2026-10-02,mootdx,2026-10-02T10:02:03.930854+08:00,2026-01-29,2026-01-30,xdxr_capital_history,current_mootdx_f10,3.7241017571465918,ok,ok,early,train,filled_proxy,09:31,09:32,1,39.06,39.1,200,6404.0,0.03123048094940662,41.56,-9.47843716117751,-4.9498538999904085,filled_proxy,09:32,36.87,36.910000000000004,6359.0,early_exit,-5.876477247217804,41.17,filled_proxy,14:56,36.12,36.160000000000004,447.0,end_of_day_exit,-7.792413371664453,41.17
2026-07-14,sh:stock:603989,603989,艾华集团,sh,main,电子,35.09,37.92,33.96,37.92,34.47,37.92,156100.0,557326272.0,398779843.75,398779843.75,15121731675.0,15121731675.0,3.914441,11.488251,1.798666,10.008703,-10.818438,1,2025-11-06,2026-10-02,mootdx,2026-10-02T10:02:03.930854+08:00,2026-07-15,2026-07-16,xdxr_capital_history,current_mootdx_f10,3.586497890295348,ok,ok,early,validation,filled_proxy,09:31,09:32,1,38.28,38.32,200,8859.0,0.02257591150242691,41.33,-10.86919741618334,0.0823092950600568,filled_proxy,09:32,34.59,34.63,8599.0,early_exit,-9.904775446343683,40.35,filled_proxy,14:56,34.62,34.660000000000004,1630.0,end_of_day_exit,-9.826579070410768,40.35
2026-06-11,sh:stock:603991,603991,领先股份,sh,main,电子,111.04,120.21,110.0,120.21,109.28,120.21,59350.0,691086208.0,152709707.0313,74535000.0,18357233882.23,8959852350.0,7.962702,9.342972,1.610542,10.00183,8.836578,1,2026-06-26,2026-10-02,mootdx,2026-10-02T10:02:03.930854+08:00,2026-06-12,2026-06-15,xdxr_capital_history,current_mootdx_f10,3.0945844771649744,ok,ok,early,train,below_one_lot,,,,,,,,,,,,,,,,,,,,,,,,,,,
2026-06-18,sh:stock:603991,603991,领先股份,sh,main,电子,117.32,129.69,116.47,129.69,117.9,129.69,75959.0,953211840.0,152709707.0313,74535000.0,19804921904.88,9666444150.0,10.191051,11.212892,-0.491942,10.0,7.886199,1,2026-06-26,2026-10-02,mootdx,2026-10-02T10:02:03.930854+08:00,2026-06-22,2026-06-23,xdxr_capital_history,current_mootdx_f10,4.094378903539209,ok,ok,early,train,below_one_lot,,,,,,,,,,,,,,,,,,,,,,,,,,,
2026-07-09,sh:stock:603991,603991,领先股份,sh,main,电子,155.75,167.06,155.75,167.06,151.87,167.06,39395.0,642009088.0,152709707.0313,89536494.1406,25511683656.64,14957966711.13,4.399882,7.447159,2.554817,10.001975,10.562541,1,2026-06-26,2026-10-02,mootdx,2026-10-02T10:02:03.930854+08:00,2026-07-10,2026-07-13,xdxr_capital_history,current_mootdx_f10,4.208068957260869,ok,ok,early,validation,below_one_lot,,,,,,,,,,,,,,,,,,,,,,,,,,,
2026-09-11,sh:stock:605011,605011,杭州热电,sh,main,公用事业,17.36,19.03,16.87,19.03,17.3,19.03,168497.0,311733600.0,400100000.0,400100000.0,7613903000.0,7613903000.0,4.211372,12.485549,0.346821,10.0,10.962099,1,2024-07-01,2026-10-02,mootdx,2026-10-02T10:02:03.930854+08:00,2026-09-14,2026-09-15,xdxr_capital_history,current_mootdx_f10,4.046242774566466,ok,ok,early,holdout,filled_proxy,09:31,09:32,1,20.48,20.51,400,25658.0,0.015589679632083561,20.74,-6.943316161571699,-2.8522785244329163,filled_proxy,09:32,19.75,19.77,16434.0,early_exit,-3.875110986221786,21.6,filled_proxy,14:56,18.79,18.81,2351.0,end_of_day_exit,-8.550471253421655,21.6
2026-04-07,sh:stock:605018,605018,长华集团,sh,main,汽车,10.82,11.99,10.7,11.99,10.9,11.99,232608.0,272107552.0,470065781.25,470065781.25,5636088717.19,5636088717.19,4.948414,11.834862,-0.733945,10.0,13.220019,1,2025-10-10,2026-10-02,mootdx,2026-10-02T10:02:03.930854+08:00,2026-04-08,2026-04-09,xdxr_capital_history,current_mootdx_f10,3.0025020850708906,ok,ok,early,train,filled_proxy,09:31,09:32,1,12.370000000000001,12.39,700,9989.0,0.0700770847932726,13.07,-5.488241300395503,-3.408198779317795,filled_proxy,09:32,11.75,11.77,3494.0,early_exit,-5.326997694110414,13.05,filled_proxy,14:56,11.81,11.83,908.0,end_of_day_exit,-4.843266875255125,13.05
2026-06-09,sh:stock:605018,605018,长华集团,sh,main,汽车,17.8,19.77,17.58,19.77,17.97,19.77,163528.0,312305440.0,470065781.25,470065781.25,9293200495.31,9293200495.31,3.478832,12.186978,-0.946021,10.016694,37.578288,1,2025-10-10,2026-10-02,mootdx,2026-10-02T10:02:03.930854+08:00,2026-06-10,2026-06-11,xdxr_capital_history,current_mootdx_f10,4.6029337379868585,ok,ok,early,train,observed_breach_before_fill,,,,,,,,,,,,,,,,,,,,,,,,,,,
2026-09-08,sh:stock:605077,605077,华康股份,sh,main,基础化工,11.54,12.53,11.54,12.53,11.39,12.53,202850.0,245906656.0,302703769.5313,299429687.5,3792878232.23,3751853984.38,6.774545,8.691835,1.316945,10.00878,11.576135,1,2026-09-24,2026-10-02,mootdx,2026-10-02T10:02:03.930854+08:00,2026-09-09,2026-09-10,xdxr_capital_history,current_mootdx_f10,4.549082202713484,ok,ok,early,holdout,filled_proxy,09:31,09:32,1,13.200000000000001,13.22,700,33528.0,0.020878072059174423,13.66,8.605311984493902,9.402499572598511,filled_proxy,09:32,13.68,13.700000000000001,25241.0,early_exit,3.3159156653163713,13.92,filled_proxy,09:33,13.92,14.06,17780.0,precommitted_target,5.129422974748654,13.92
2026-09-17,sh:stock:605088,605088,冠盛股份,sh,main,汽车,22.01,24.17,21.81,24.17,21.97,24.17,167668.0,386747968.0,202726054.6875,201193886.7188,4899888741.8,4862856241.99,8.333653,10.741921,0.182066,10.013655,18.248532,1,2026-09-28,2026-10-02,mootdx,2026-10-02T10:02:03.930854+08:00,2026-09-18,2026-09-21,xdxr_capital_history,current_mootdx_f10,4.799338022341737,ok,ok,early,holdout,filled_proxy,09:31,09:32,1,25.16,25.19,300,18198.0,0.016485328058028353,26.35,-4.347602545844431,-1.908168165264701,filled_proxy,09:32,24.12,24.150000000000002,3987.0,early_exit,-4.426905376720525,26.53,filled_proxy,14:56,24.49,24.52,1371.0,end_of_day_exit,-2.9598030055126956,26.53
2026-05-25,sh:stock:605111,605111,新洁能,sh,main,电子,61.0,63.22,61.0,63.22,57.47,63.22,89891.0,565825280.0,415332578.125,415332578.125,26257325589.06,26257325589.06,2.164314,3.862885,6.142335,10.00522,25.835987,1,2024-06-14,2026-10-02,mootdx,2026-10-02T10:02:03.930854+08:00,2026-05-26,2026-05-27,xdxr_capital_history,current_mootdx_f10,3.400822524517566,ok,ok,early,train,observed_breach_before_fill,,,,,,,,,,,,,,,,,,,,,,,,,,,
2026-06-30,sh:stock:605111,605111,新洁能,sh,main,电子,90.69,99.14,89.0,99.14,90.13,99.14,337748.0,3177522688.0,415332578.125,415332578.125,41176071795.31,41176071795.31,8.131989,11.250416,0.621325,9.996671,24.064573,1,2024-06-14,2026-10-02,mootdx,2026-10-02T10:02:03.930854+08:00,2026-07-01,2026-07-02,xdxr_capital_history,current_mootdx_f10,4.942505547710319,ok,ok,early,validation,below_one_lot,,,,,,,,,,,,,,,,,,,,,,,,,,,
2026-01-08,sh:stock:605123,605123,派克新材,sh,main,国防军工,102.8,113.74,102.0,113.74,103.4,113.74,134518.0,1485198592.0,121170888.6719,121170888.6719,13781976877.54,13781976877.54,11.101511,11.353965,-0.580271,10.0,11.509804,1,2023-08-25,2026-10-02,mootdx,2026-10-02T10:02:03.930854+08:00,2026-01-09,2026-01-12,xdxr_capital_history,current_mootdx_f10,3.745384209600844,ok,ok,early,train,below_one_lot,,,,,,,,,,,,,,,,,,,,,,,,,,,
2026-04-20,sh:stock:605162,605162,新中港,sh,main,公用事业,12.74,14.01,12.57,14.01,12.74,14.01,221342.0,302777152.0,406023476.5625,406023476.5625,5688388906.64,5688388906.64,5.451458,11.302983,0.0,9.968603,1.521739,1,2026-04-22,2026-10-02,mootdx,2026-10-02T10:02:03.930854+08:00,2026-04-21,2026-04-22,xdxr_capital_history,current_mootdx_f10,3.426124197002145,ok,ok,early,train,filled_proxy,09:31,09:32,1,14.120000000000001,14.14,600,16418.0,0.036545255207698864,15.27,-3.2780570019606436,-2.8808316913934817,filled_proxy,09:32,13.22,13.24,13717.0,early_exit,-6.668918625155351,14.89,filled_proxy,14:56,13.5,13.52,2930.0,end_of_day_exit,-4.690916011625113,14.89
2026-04-28,sh:stock:605168,605168,三人行,sh,main,传媒,39.5,44.09,38.87,44.09,40.08,44.09,142596.0,605589440.0,210816992.1875,210816992.1875,9294921185.55,9294921185.55,6.763971,13.023952,-1.447106,10.00499,7.379445,1,2024-11-04,2026-10-02,mootdx,2026-10-02T10:02:03.930854+08:00,2026-04-29,2026-04-30,xdxr_capital_history,current_mootdx_f10,4.808346563846677,ok,ok,early,train,filled_proxy,09:31,09:32,1,46.21,46.26,200,11972.0,0.01670564650851988,48.06,5.130542435153296,7.2257470800345835,filled_proxy,09:32,49.6,49.65,11967.0,early_exit,7.052411743638931,48.7,filled_proxy,09:32,48.7,49.65,11967.0,precommitted_target,5.108948397979285,48.7
2026-05-13,sh:stock:605168,605168,三人行,sh,main,传媒,54.0,60.23,54.0,60.23,54.75,60.23,125474.0,731478208.0,210816992.1875,210816992.1875,12697507439.45,12697507439.45,5.951797,11.378995,-1.369863,10.009132,26.746633,1,2024-11-04,2026-10-02,mootdx,2026-10-02T10:02:03.930854+08:00,2026-05-14,2026-05-15,xdxr_capital_history,current_mootdx_f10,4.516021915988722,ok,ok,early,train,filled_proxy,09:31,09:32,1,62.0,62.07,100,7032.0,0.01422070534698521,65.65,-2.8677029944744303,-0.10384792887297989,filled_proxy,09:32,59.74,59.800000000000004,3603.0,early_exit,-3.961789293583151,65.38,filled_proxy,14:56,60.43,60.5,827.0,end_of_day_exit,-2.8516134900757772,65.38
2026-09-14,sh:stock:605168,605168,三人行,sh,main,传媒,45.0,50.11,44.82,50.11,45.55,50.11,83930.0,409699392.0,210816992.1875,210816992.1875,10564039478.52,10564039478.52,3.981178,11.613611,-1.207464,10.010977,-4.534197,1,2024-11-04,2026-10-02,mootdx,2026-10-02T10:02:03.930854+08:00,2026-09-15,2026-09-16,xdxr_capital_history,current_mootdx_f10,4.110955897026547,ok,ok,early,holdout,filled_proxy,09:31,09:32,1,52.01,52.07,100,8089.0,0.012362467548522686,54.62,-2.890171816721687,-0.47776610182637125,filled_proxy,09:32,50.79,50.85,863.0,early_exit,-2.6984066565551412,54.86,filled_proxy,14:56,50.69,50.75,696.0,end_of_day_exit,-2.890171816721687,54.86
2026-09-01,sh:stock:605188,605188,国光连锁,sh,main,商贸零售,13.78,14.98,13.78,14.98,13.62,14.98,298558.0,437708480.0,507746484.375,507746484.375,7606042335.94,7606042335.94,5.88006,8.810573,1.174743,9.985316,24.315353,1,2026-06-30,2026-10-02,mootdx,2026-10-02T10:02:03.930854+08:00,2026-09-02,2026-09-03,xdxr_capital_history,current_mootdx_f10,4.205607476635498,ok,ok,early,holdout,filled_proxy,09:31,09:32,1,15.77,15.79,600,41153.0,0.014579739022671496,16.33,-3.8900965768805085,0.6906619190515606,filled_proxy,09:32,15.28,15.3,18533.0,early_exit,-3.38397736069046,16.63,filled_proxy,14:56,15.44,15.46,2202.0,end_of_day_exit,-2.371738928310374,16.63
2026-05-08,sh:stock:605189,605189,富春染织,sh,main,纺织服饰,16.4,18.15,16.31,18.15,16.5,18.15,153564.0,265244896.0,194077695.3125,194077695.3125,3522510169.92,3522510169.92,7.912501,11.151515,-0.606061,10.0,4.190586,1,2026-05-20,2026-10-02,mootdx,2026-10-02T10:02:03.930854+08:00,2026-05-11,2026-05-12,xdxr_capital_history,current_mootdx_f10,4.6280991735537125,ok,ok,early,train,filled_proxy,09:31,09:32,1,19.56,19.58,500,12014.0,0.0416181122024305,19.78,1.7336717992374462,6.015211512587326,filled_proxy,09:32,19.54,19.56,15711.0,early_exit,-0.35814445509524395,20.61,filled_proxy,14:56,19.32,19.34,2194.0,end_of_day_exit,-1.4805824452249872,20.61
2026-03-04,sh:stock:605196,605196,华通线缆,sh,main,电力设备,49.3,54.34,48.8,54.34,49.4,54.34,240739.0,1288273792.0,511002773.4375,504962773.4375,27767890708.59,27439677108.59,4.76746,11.214575,-0.202429,10.0,12.808802,1,2026-04-13,2026-10-02,mootdx,2026-10-02T10:02:03.930854+08:00,2026-03-05,2026-03-06,xdxr_capital_history,current_mootdx_f10,3.9749723960250227,ok,ok,early,train,filled_proxy,09:31,09:32,1,57.0,57.06,100,6916.0,0.014459224985540774,59.23,-4.724800455767109,-3.351552368660815,filled_proxy,09:32,53.52,53.58,8696.0,early_exit,-6.422393895675771,60.11,filled_proxy,14:56,51.12,51.18,801.0,end_of_day_exit,-10.62262508720233,60.11
2026-09-09,sh:stock:605198,605198,安德利,sh,main,农林牧渔,71.09,77.0,71.09,77.0,70.0,77.0,39518.0,302336896.0,327888007.8125,270535996.0938,25247376601.56,20831271699.22,1.46073,8.442857,1.557143,10.0,16.525424,1,2026-08-31,2026-10-02,mootdx,2026-10-02T10:02:03.930854+08:00,2026-09-10,2026-09-11,xdxr_capital_history,current_mootdx_f10,4.6363636363636385,ok,ok,early,holdout,observed_breach_before_fill,,,,,,,,,,,,,,,,,,,,,,,,,,,
2026-06-30,sh:stock:605208,605208,永茂泰,sh,main,有色金属,14.5,15.95,14.2,15.95,14.5,15.95,140452.0,212349648.0,329940000.0,329940000.0,5262543000.0,5262543000.0,4.256895,12.068966,0.0,10.0,-0.746733,1,2024-03-08,2026-10-02,mootdx,2026-10-02T10:02:03.930854+08:00,2026-07-01,2026-07-02,xdxr_capital_history,current_mootdx_f10,4.137931034482767,ok,ok,early,validation,filled_proxy,09:31,09:32,1,16.17,16.19,500,6853.0,0.07296074711805049,17.39,2.5392141297057025,5.025266417244878,filled_proxy,09:32,16.79,16.81,12237.0,early_exit,3.5263548816755863,17.05,filled_proxy,14:56,16.33,16.35,1608.0,end_of_day_exit,0.6883252197621426,17.05
2026-05-29,sh:stock:605277,605277,新亚电子,sh,main,电子,24.62,24.62,24.62,24.62,22.38,24.62,93464.0,230109312.0,323987851.5625,318134785.1563,7976580905.47,7832478410.55,2.937874,0.0,10.008937,10.008937,7.417103,1,2026-06-17,2026-10-02,mootdx,2026-10-02T10:02:03.930854+08:00,2026-06-01,2026-06-02,xdxr_capital_history,current_mootdx_f10,3.9805036555645934,ok,ok,early,train,filled_proxy,09:31,09:33,2,26.63,26.66,300,14393.0,0.020843465573542694,26.84,-5.384755507591477,-4.61856659465748,filled_proxy,09:32,24.67,24.7,22604.0,early_exit,-7.63274253820464,28.07,filled_proxy,14:56,24.54,24.57,2777.0,end_of_day_exit,-8.119806394837504,28.07
2026-03-06,sh:stock:605286,605286,同力天启,sh,main,机械设备,40.69,42.49,40.12,42.49,38.63,42.49,48951.0,205555200.0,168000000.0,168000000.0,7138320000.0,7138320000.0,2.91375,6.135128,5.332643,9.992234,5.199307,1,2024-07-30,2026-10-02,mootdx,2026-10-02T10:02:03.930854+08:00,2026-03-09,2026-03-10,xdxr_capital_history,current_mootdx_f10,3.836196752176968,ok,ok,early,train,filled_proxy,09:31,09:34,3,45.49,45.54,200,2861.0,0.06990562740300593,46.31,0.6718365860993947,7.977812821333075,filled_proxy,09:32,47.07,47.12,6074.0,early_exit,3.1943912054042567,47.94,filled_proxy,09:34,47.94,48.99,4540.0,precommitted_target,5.102758613052272,47.94
2026-03-10,sh:stock:605287,605287,德才股份,sh,main,建筑装饰,47.17,51.54,47.09,51.54,46.85,51.54,42661.0,212387520.0,140000000.0,140000000.0,7215600000.0,7215600000.0,3.047214,9.498399,0.683031,10.010672,1.757157,1,2025-01-06,2026-10-02,mootdx,2026-10-02T10:02:03.930854+08:00,2026-03-11,2026-03-12,xdxr_capital_history,current_mootdx_f10,4.384943733022895,ok,ok,early,train,filled_proxy,09:31,09:32,1,54.56,54.62,100,5015.0,0.019940179461615155,56.18,-7.40143181521753,-6.63572445394739,filled_proxy,09:32,50.9,50.96,1108.0,early_exit,-7.035790690527255,57.54,filled_proxy,14:56,49.3,49.35,308.0,end_of_day_exit,-9.960919688049497,57.54
2026-08-31,sh:stock:605287,605287,德才股份,sh,main,建筑装饰,38.85,41.58,38.5,41.58,37.8,41.58,92187.0,373426752.0,140000000.0,140000000.0,5821200000.0,5821200000.0,6.584786,8.148148,2.777778,10.0,7.525213,1,2025-01-06,2026-10-02,mootdx,2026-10-02T10:02:03.930854+08:00,2026-09-01,2026-09-02,xdxr_capital_history,current_mootdx_f10,3.4151034151034265,ok,ok,early,holdout,filled_proxy,09:31,09:32,1,41.88,41.93,200,4505.0,0.04439511653718091,45.32,-7.008248157348296,-4.293035816710322,filled_proxy,09:32,40.05,40.1,2883.0,early_exit,-4.649804083831455,44.15,filled_proxy,14:56,39.12,39.160000000000004,457.0,end_of_day_exit,-6.865312152892744,44.15
2026-02-13,sh:stock:605289,605289,罗曼股份,sh,main,建筑装饰,81.0,89.98,80.0,89.98,81.8,89.98,107151.0,944517312.0,109007500.0,108337500.0,9808494850.0,9748208250.0,9.890481,12.200489,-0.977995,10.0,27.270156,1,2026-05-21,2026-10-02,mootdx,2026-10-02T10:02:03.930854+08:00,2026-02-24,2026-02-25,xdxr_capital_history,current_mootdx_f10,4.512113803067352,ok,ok,early,train,filled_proxy,09:31,09:32,1,93.0,93.1,100,4316.0,0.023169601482854494,98.08,7.383718687685459,16.655459652679138,filled_proxy,09:32,100.95,101.06,5629.0,early_exit,8.263561531124154,98.01,filled_proxy,09:32,98.01,101.06,5629.0,precommitted_target,5.109003043673299,98.01
2026-04-27,sh:stock:605289,605289,罗曼股份,sh,main,建筑装饰,129.55,142.29,129.39,142.29,129.35,142.29,36663.0,508734176.0,109007500.0,108337500.0,15510677175.0,15415342875.0,3.384147,9.972942,0.154619,10.003865,11.007958,1,2026-05-21,2026-10-02,mootdx,2026-10-02T10:02:03.930854+08:00,2026-04-28,2026-04-29,xdxr_capital_history,current_mootdx_f10,4.01293133740952,ok,ok,early,train,below_one_lot,,,,,,,,,,,,,,,,,,,,,,,,,,,
2026-05-08,sh:stock:605289,605289,罗曼股份,sh,main,建筑装饰,150.23,166.1,150.13,166.1,151.0,166.1,30361.0,490440640.0,109007500.0,108337500.0,18106145750.0,17994858750.0,2.802446,10.576159,-0.509934,10.0,6.120624,1,2026-05-21,2026-10-02,mootdx,2026-10-02T10:02:03.930854+08:00,2026-05-11,2026-05-12,xdxr_capital_history,current_mootdx_f10,3.9012642986153034,ok,ok,early,train,below_one_lot,,,,,,,,,,,,,,,,,,,,,,,,,,,
2026-06-09,sh:stock:605318,605318,法狮龙,sh,main,建筑材料,97.29,105.96,92.86,105.96,96.33,105.96,48189.0,483387200.0,125729023.4375,125729023.4375,13322247323.44,13322247323.44,3.832767,13.599086,0.996574,9.996886,14.021306,1,2025-01-07,2026-10-02,mootdx,2026-10-02T10:02:03.930854+08:00,2026-06-10,2026-06-11,xdxr_capital_history,current_mootdx_f10,3.7655719139297883,ok,ok,early,train,below_one_lot,,,,,,,,,,,,,,,,,,,,,,,,,,,
2026-06-25,sh:stock:605318,605318,法狮龙,sh,main,建筑材料,122.08,134.2,122.08,134.2,122.0,134.2,33871.0,443149760.0,125729023.4375,125729023.4375,16872834945.31,16872834945.31,2.693968,9.934426,0.065574,10.0,2.364607,1,2025-01-07,2026-10-02,mootdx,2026-10-02T10:02:03.930854+08:00,2026-06-26,2026-06-29,xdxr_capital_history,current_mootdx_f10,3.7928464977645238,ok,ok,early,train,below_one_lot,,,,,,,,,,,,,,,,,,,,,,,,,,,
2026-01-05,sh:stock:605358,605358,立昂微,sh,main,电子,35.8,38.3,35.8,38.3,34.82,38.3,520242.0,1937295232.0,671377421.875,671377421.875,25713755257.81,25713755257.81,7.748875,7.179782,2.814474,9.994256,2.653444,1,2026-03-31,2026-10-02,mootdx,2026-10-02T10:02:03.930854+08:00,2026-01-06,2026-01-07,xdxr_capital_history,current_mootdx_f10,3.394255874673635,ok,ok,early,train,filled_proxy,09:31,09:32,1,40.160000000000004,40.21,200,32067.0,0.00623694140393551,41.75,8.369088474947773,11.784560208732175,filled_proxy,09:32,43.72,43.77,37102.0,early_exit,8.542975888390568,42.34,filled_proxy,09:32,42.34,43.77,37102.0,precommitted_target,5.114909737661089,42.34
2026-05-08,sh:stock:605358,605358,立昂微,sh,main,电子,45.48,49.98,45.35,49.98,45.44,49.98,613436.0,2957602048.0,671377812.5,671377812.5,33555463068.75,33555463068.75,9.136972,10.189261,0.088028,9.991197,28.35131,1,2026-06-08,2026-10-02,mootdx,2026-10-02T10:02:03.930854+08:00,2026-05-11,2026-05-12,xdxr_capital_history,current_mootdx_f10,3.001200480192079,ok,ok,early,train,filled_proxy,09:31,09:32,1,50.51,50.57,100,20172.0,0.0049573666468372005,54.48,-1.197245249962009,3.654833353432907,filled_proxy,09:32,49.43,49.480000000000004,12051.0,early_exit,-2.5003997540071987,53.28,filled_proxy,14:56,50.92,50.980000000000004,3645.0,end_of_day_exit,0.4415702627008633,53.28
2026-06-09,sh:stock:605358,605358,立昂微,sh,main,电子,66.5,71.17,64.15,71.17,64.7,71.17,668106.0,4548917760.0,740545312.5,740545312.5,52704609890.63,52704609890.63,9.021811,10.850077,2.782071,10.0,32.187964,1,2026-06-17,2026-10-02,mootdx,2026-10-02T10:02:03.930854+08:00,2026-06-10,2026-06-11,xdxr_capital_history,current_mootdx_f10,3.9763945482647056,ok,ok,early,train,filled_proxy,09:31,09:32,1,75.64,75.72,100,46222.0,0.002163471939768941,77.58,-4.5369632388997605,-1.5488913081628697,filled_proxy,09:32,74.43,74.51,33285.0,early_exit,-1.885577698832852,79.73,filled_proxy,14:56,71.18,71.26,5916.0,end_of_day_exit,-6.172643870582817,79.73
2026-03-24,sh:stock:605366,605366,宏柏新材,sh,main,基础化工,9.49,10.19,8.76,10.19,9.26,10.19,662898.0,627889920.0,776077734.375,776077734.375,7908232113.28,7908232113.28,8.541644,15.442765,2.483801,10.043197,-4.319249,1,2026-06-18,2026-10-02,mootdx,2026-10-02T10:02:03.930854+08:00,2026-03-25,2026-03-26,xdxr_capital_history,current_mootdx_f10,4.906771344455341,ok,ok,early,train,filled_proxy,09:31,09:32,1,11.0,11.02,800,39309.0,0.020351573431020887,11.11,5.635977681919013,8.60915027970881,filled_proxy,09:32,11.84,11.86,39517.0,early_exit,7.267596790462205,11.61,filled_proxy,09:32,11.61,11.86,39517.0,precommitted_target,5.182750151768123,11.61
2026-05-14,sh:stock:605366,605366,宏柏新材,sh,main,基础化工,11.4,12.21,11.4,12.21,11.1,12.21,334433.0,401096992.0,776077734.375,776077734.375,9475909136.72,9475909136.72,4.309272,7.297297,2.702703,10.0,-9.08414,1,2026-06-18,2026-10-02,mootdx,2026-10-02T10:02:03.930854+08:00,2026-05-15,2026-05-18,xdxr_capital_history,current_mootdx_f10,3.0303030303030276,ok,ok,early,train,filled_proxy,09:31,09:32,1,12.85,12.87,700,34168.0,0.0204870053851557,13.31,-10.485915500762433,-5.147756408988791,filled_proxy,09:32,12.05,12.07,17373.0,early_exit,-6.527469041525846,13.55,filled_proxy,14:56,11.92,11.94,3200.0,end_of_day_exit,-7.536484805644983,13.55
2026-06-23,sh:stock:605366,605366,宏柏新材,sh,main,基础化工,10.02,10.8,9.67,10.8,9.82,10.8,233442.0,244292032.0,772827734.375,772827734.375,8346539531.25,8346539531.25,3.020621,11.507128,2.03666,9.979633,4.347826,1,2026-06-18,2026-10-02,mootdx,2026-10-02T10:02:03.930854+08:00,2026-06-24,2026-06-25,xdxr_capital_history,current_mootdx_f10,3.9814814814814747,ok,ok,early,train,filled_proxy,09:31,09:32,1,11.59,11.61,800,51791.0,0.015446699233457551,11.77,12.230403103428355,12.290029888951226,filled_proxy,09:32,13.05,13.07,3155.0,early_exit,12.230403103428355,12.23,filled_proxy,09:32,12.23,13.07,3155.0,precommitted_target,5.174997024241512,12.23
2026-03-03,sh:stock:605368,605368,蓝天燃气,sh,main,公用事业,8.7,9.41,8.7,9.41,8.55,9.41,608689.0,559435776.0,714635937.5,714635937.5,6724724171.88,6724724171.88,8.51747,8.304094,1.754386,10.05848,12.694611,1,2025-09-23,2026-10-02,mootdx,2026-10-02T10:02:03.930854+08:00,2026-03-04,2026-03-05,xdxr_capital_history,current_mootdx_f10,3.6131774707757636,ok,ok,early,train,observed_breach_before_fill,,,,,,,,,,,,,,,,,,,,,,,,,,,
2026-04-30,sh:stock:605376,605376,博迁新材,sh,main,有色金属,119.7,131.58,119.7,131.58,119.62,131.58,164130.0,2125096704.0,261600000.0,261600000.0,34421328000.0,34421328000.0,6.274083,9.93145,0.066878,9.998328,14.21875,1,2023-12-08,2026-10-02,mootdx,2026-10-02T10:02:03.930854+08:00,2026-05-06,2026-05-07,xdxr_capital_history,current_mootdx_f10,4.879160966712259,ok,ok,early,train,below_one_lot,,,,,,,,,,,,,,,,,,,,,,,,,,,
2026-06-18,sh:stock:605376,605376,博迁新材,sh,main,有色金属,210.19,231.31,205.9,231.31,210.28,231.31,98832.0,2217634816.0,261600000.0,261600000.0,60510696000.0,60510696000.0,3.777982,12.083888,-0.0428,10.000951,27.79558,1,2023-12-08,2026-10-02,mootdx,2026-10-02T10:02:03.930854+08:00,2026-06-22,2026-06-23,xdxr_capital_history,current_mootdx_f10,4.210799360166018,ok,ok,early,train,below_one_lot,,,,,,,,,,,,,,,,,,,,,,,,,,,
2026-06-25,sh:stock:605376,605376,博迁新材,sh,main,有色金属,225.4,246.84,222.5,246.84,224.4,246.84,76329.0,1830191104.0,261600000.0,261600000.0,64573344000.0,64573344000.0,2.917775,10.846702,0.445633,10.0,17.386342,1,2023-12-08,2026-10-02,mootdx,2026-10-02T10:02:03.930854+08:00,2026-06-26,2026-06-29,xdxr_capital_history,current_mootdx_f10,3.305785123966931,ok,ok,early,train,below_one_lot,,,,,,,,,,,,,,,,,,,,,,,,,,,
2026-01-22,sh:stock:605488,605488,福莱新材,sh,main,基础化工,40.74,44.5,40.5,44.5,40.45,44.5,108607.0,471765440.0,280219394.5313,276192597.6563,12469763056.64,12290570595.7,3.932292,9.888752,0.716934,10.012361,17.321381,1,2026-03-03,2026-10-02,mootdx,2026-10-02T10:02:03.930854+08:00,2026-01-23,2026-01-26,xdxr_capital_history,current_mootdx_f10,3.3932584269662946,ok,ok,early,train,filled_proxy,09:31,09:32,1,44.71,44.76,200,8571.0,0.02333450005833625,48.51,4.924729165819475,5.533187868820133,filled_proxy,09:32,46.44,46.49,4975.0,early_exit,3.5856915271736733,47.12,unfilled_d3,,,,,limit_down_or_capacity,,47.12
2026-01-15,sh:stock:605580,605580,恒盛能源,sh,main,公用事业,25.36,27.84,25.36,27.84,25.31,27.84,240872.0,645773952.0,280000000.0,280000000.0,7795200000.0,7795200000.0,8.602571,9.798499,0.19755,9.996049,20.519481,1,2024-08-26,2026-10-02,mootdx,2026-10-02T10:02:03.930854+08:00,2026-01-16,2026-01-19,xdxr_capital_history,current_mootdx_f10,3.4482758620689724,ok,ok,early,train,filled_proxy,09:31,09:32,1,29.36,29.39,300,12047.0,0.024902465344069064,30.35,-9.30815079350994,-9.059357084163,filled_proxy,09:32,25.57,25.6,4338.0,early_exit,-13.148818711024068,30.94,filled_proxy,14:56,24.85,24.88,1456.0,end_of_day_exit,-15.59596995050211,30.94
2026-01-28,sh:stock:605599,605599,菜百股份,sh,main,纺织服饰,19.83,21.71,19.8,21.71,19.74,21.71,141497.0,297958112.0,777777812.5,777777812.5,16885556309.38,16885556309.38,1.819247,9.675785,0.455927,9.979737,13.963255,1,2024-09-09,2026-10-02,mootdx,2026-10-02T10:02:03.930854+08:00,2026-01-29,2026-01-30,xdxr_capital_history,current_mootdx_f10,3.2243205895900573,ok,ok,early,train,filled_proxy,09:31,09:32,1,22.88,22.91,400,9201.0,0.04347353548527334,23.66,-7.3118553758941385,-2.046844522539859,filled_proxy,09:32,22.04,22.07,14027.0,early_exit,-3.9544571505667814,24.12,filled_proxy,14:56,21.62,21.650000000000002,1242.0,end_of_day_exit,-5.78576527347262,24.12
